,title,link,date_published,text,like_count,reply_parent_id,topic
0,I got a bit too excited,https://www.youtube.com/watch?v=HY_CIfUyAIk&lc=Ugw2pZDK4zyfIANamgp4AaABAg,2024-05-14T19:49:29Z,I got a bit too excited,0,,twitter
1,Elon You are Awesome! Thank you for saving Free Speech 👍🇺🇸❤️,https://www.youtube.com/watch?v=HY_CIfUyAIk&lc=UgzTU0tUYg1K2qnpqFN4AaABAg,2024-01-28T21:10:18Z,Elon You are Awesome! Thank you for saving Free Speech 👍🇺🇸❤️,0,,twitter
2,This goes to show that power can either be for the good or worse. I&#39;m willing to bet Elon knew that since he gained all he needed for changing the world...,https://www.youtube.com/watch?v=HY_CIfUyAIk&lc=UgzYQkvCd5ecJeRIGIJ4AaABAg,2023-10-22T17:59:19Z,This goes to show that power can either be for the good or worse. I'm willing to bet Elon knew that since he gained all he needed for changing the world...,0,,twitter
3,bought it and fixed all of that,https://www.youtube.com/watch?v=HY_CIfUyAIk&lc=UgxlzCcLjpimUSKMKbd4AaABAg,2023-05-29T15:28:07Z,bought it and fixed all of that,0,,twitter
4,why did he buy it u can download it for free,https://www.youtube.com/watch?v=HY_CIfUyAIk&lc=UgzKh4cmoUugr05ti7l4AaABAg,2023-01-17T16:37:50Z,why did he buy it u can download it for free,0,,twitter
5,NBC NEWS CAN YOU PLEASE TELL ELON TO MAKE A RULE CALLED &quot;NO POSTING NUDES&quot; CUZ ITS GETTING ANNOYING,https://www.youtube.com/watch?v=HY_CIfUyAIk&lc=UgzUVtrtcDYDbQj-G3p4AaABAg,2023-01-06T23:35:37Z,"NBC NEWS CAN YOU PLEASE TELL ELON TO MAKE A RULE CALLED ""NO POSTING NUDES"" CUZ ITS GETTING ANNOYING",0,,twitter
6,"Have a feeling his main goal is taking Tesla private, Tesla stocks goes down and he sells billions in stock without causing panic saying funds are use to buy Twitter …twitter will always be worth that much while Tesla is at the mercy of its stock price…he’s basically cashing out..",https://www.youtube.com/watch?v=HY_CIfUyAIk&lc=UgywINDr0QQNacl8JK14AaABAg,2023-01-06T18:53:17Z,"Have a feeling his main goal is taking Tesla private, Tesla stocks goes down and he sells billions in stock without causing panic saying funds are use to buy Twitter …twitter will always be worth that much while Tesla is at the mercy of its stock price…he’s basically cashing out..",0,,twitter
7,"Elon Musk is an owner of Tesla, and needs a larger supply &amp; service chain for electric vehicle production, and an increase in market share. Between buying twitter for $44B versus buying General Motors for $47B, I believe the latter, GM, is better for his business, and the former, twitter, is better for the people of the US and the 1st Amendment.",https://www.youtube.com/watch?v=HY_CIfUyAIk&lc=Ugzkhj7eLJOl15azwhp4AaABAg,2022-12-25T02:35:06Z,"Elon Musk is an owner of Tesla, and needs a larger supply & service chain for electric vehicle production, and an increase in market share. Between buying twitter for $44B versus buying General Motors for $47B, I believe the latter, GM, is better for his business, and the former, twitter, is better for the people of the US and the 1st Amendment.",0,,twitter
8,"I find it funny that all of the liberal pvssies out there are going crazy mad because Twitter is no longer silencing conservatives.  Liberals are pushing for a fight.  Do they not know the right is the all of the 2A guys? Lol.  How do the liberals think the battle will end? Liberals control social media, conservatives control firepower.  Liberals would be overwhelmed and swallowed quickly.",https://www.youtube.com/watch?v=HY_CIfUyAIk&lc=UgxkZRXitAOXMj5LJXJ4AaABAg,2022-12-15T15:50:44Z,"I find it funny that all of the liberal pvssies out there are going crazy mad because Twitter is no longer silencing conservatives.  Liberals are pushing for a fight.  Do they not know the right is the all of the 2A guys? Lol.  How do the liberals think the battle will end? Liberals control social media, conservatives control firepower.  Liberals would be overwhelmed and swallowed quickly.",0,,twitter
9,Elon needs to buy youtube,https://www.youtube.com/watch?v=HY_CIfUyAIk&lc=Ugzs7yNDDQZ0DtEHFUZ4AaABAg,2022-11-27T13:56:25Z,Elon needs to buy youtube,3,,twitter
10,Yeah so he quits after a few months like he just did with twitter.,https://www.youtube.com/watch?v=HY_CIfUyAIk&lc=Ugzs7yNDDQZ0DtEHFUZ4AaABAg.9iwO5zOAWTM9juZkbkxN2a,2022-12-21T17:31:08Z,Yeah so he quits after a few months like he just did with twitter.,0,Ugzs7yNDDQZ0DtEHFUZ4AaABAg,twitter
11,I hope for Twitter that Mr. Musk doesn‘t lead them into bankruptcy like Tesla and SpaceX in the beginning 😂,https://www.youtube.com/watch?v=HY_CIfUyAIk&lc=UgxXWS0MWAxiDe4c8zh4AaABAg,2022-11-26T11:41:30Z,I hope for Twitter that Mr. Musk doesn‘t lead them into bankruptcy like Tesla and SpaceX in the beginning 😂,0,,twitter
12,Bro bought twitter for 44 billion dollars when he could of just downloaded it on the app store💀,https://www.youtube.com/watch?v=HY_CIfUyAIk&lc=Ugwbgd89jkIY9F1rarN4AaABAg,2022-11-21T02:00:30Z,Bro bought twitter for 44 billion dollars when he could of just downloaded it on the app store💀,1,,twitter
13,App store?,https://www.youtube.com/watch?v=HY_CIfUyAIk&lc=Ugwbgd89jkIY9F1rarN4AaABAg.9ifePIprd4v9rdQIlyf6TY,2023-07-01T21:52:37Z,App store?,0,Ugwbgd89jkIY9F1rarN4AaABAg,twitter
14,Elon is dumb. Why buy twitter for 45B$ when u can download it for free from app store,https://www.youtube.com/watch?v=HY_CIfUyAIk&lc=UgzU8BZGYdakDY8psZ14AaABAg,2022-11-15T13:33:55Z,Elon is dumb. Why buy twitter for 45B$ when u can download it for free from app store,0,,twitter
15,Can you imagine the reaction from the donkeys if Elon made it a conservative site!😂... throw it right back at them for all the corrupt years Twitter was!..... sorry but revenge is so so sweet,https://www.youtube.com/watch?v=HY_CIfUyAIk&lc=Ugz8mpZgn8612KV2NMt4AaABAg,2022-11-11T01:37:16Z,Can you imagine the reaction from the donkeys if Elon made it a conservative site!😂... throw it right back at them for all the corrupt years Twitter was!..... sorry but revenge is so so sweet,0,,twitter
16,U mean like gab and all the other conservatard sites that went belly up 😂? Last I heard parlor died awhile ago,https://www.youtube.com/watch?v=HY_CIfUyAIk&lc=Ugz8mpZgn8612KV2NMt4AaABAg.9iGrnJEI5u79rdKqotdKxN,2023-07-01T21:04:58Z,U mean like gab and all the other conservatard sites that went belly up 😂? Last I heard parlor died awhile ago,0,Ugz8mpZgn8612KV2NMt4AaABAg,twitter
17,DRAIN THE SWAMPS ELON!! DRAIN THEM SWAMPY SWAMPS!!,https://www.youtube.com/watch?v=HY_CIfUyAIk&lc=Ugy9GQIpu9Arq6YVlgd4AaABAg,2022-11-11T01:33:29Z,DRAIN THE SWAMPS ELON!! DRAIN THEM SWAMPY SWAMPS!!,0,,twitter
18,"Musk revolutionized nothing, clowns.",https://www.youtube.com/watch?v=HY_CIfUyAIk&lc=Ugz1igb-9Y3vVTTsLbZ4AaABAg,2022-11-05T12:41:44Z,"Musk revolutionized nothing, clowns.",1,,twitter
19,"So he bought it and his first order !!! fire half of the employees !!! NOW !!!<br>He is the richest man, is it greed? be richer by destroying livelihood of thousands of people !!!<br>This obscene  worshiping of wealth will create a moral crisis that in the log term will eat America from within.",https://www.youtube.com/watch?v=HY_CIfUyAIk&lc=UgxcMiYhCeuZejgU5aV4AaABAg,2022-11-04T14:33:24Z,"So he bought it and his first order !!! fire half of the employees !!! NOW !!!
He is the richest man, is it greed? be richer by destroying livelihood of thousands of people !!!
This obscene  worshiping of wealth will create a moral crisis that in the log term will eat America from within.",0,,twitter
20,Wokeness is dying and I’m happy to see it,https://www.youtube.com/watch?v=HY_CIfUyAIk&lc=UgxllYv5ob9cxdJYZSd4AaABAg,2022-11-03T08:39:02Z,Wokeness is dying and I’m happy to see it,1,,twitter
21,Twatter is dying and I’m happy to see it.,https://www.youtube.com/watch?v=HY_CIfUyAIk&lc=UgxllYv5ob9cxdJYZSd4AaABAg.9hy0hRp9Nel9iJSN3gOlQs,2022-11-12T01:44:04Z,Twatter is dying and I’m happy to see it.,1,UgxllYv5ob9cxdJYZSd4AaABAg,twitter
22,I’d be happy to see him simply close Twitter down and take the loss,https://www.youtube.com/watch?v=HY_CIfUyAIk&lc=UgwnkOQyns-Ich9Vpq14AaABAg,2022-11-03T04:43:50Z,I’d be happy to see him simply close Twitter down and take the loss,0,,twitter
23,It funny you should say that 😂,https://www.youtube.com/watch?v=HY_CIfUyAIk&lc=UgwnkOQyns-Ich9Vpq14AaABAg.9hxamnYNoWC9sZgWNcKAFj,2023-07-24T22:18:12Z,It funny you should say that 😂,0,UgwnkOQyns-Ich9Vpq14AaABAg,twitter
24,Advertisers lol like anyone is gonna have money to buy anything soon enough,https://www.youtube.com/watch?v=HY_CIfUyAIk&lc=UgzLRDqxGl3EP3Dmzyl4AaABAg,2022-11-03T04:42:53Z,Advertisers lol like anyone is gonna have money to buy anything soon enough,0,,twitter
25,I hope that Twitter protects people❤❤❤❤❤❤,https://www.youtube.com/watch?v=HY_CIfUyAIk&lc=Ugxc7SHQ0rfIFNn8msJ4AaABAg,2022-11-02T00:28:16Z,I hope that Twitter protects people❤❤❤❤❤❤,1,,twitter
26,OMG Elon Musk Bought Twitter😂😂,https://www.youtube.com/watch?v=HY_CIfUyAIk&lc=Ugxm4jO9CwMyoSZ4aKp4AaABAg,2022-11-02T00:26:33Z,OMG Elon Musk Bought Twitter😂😂,0,,twitter
27,Rumor has it that musk borrowed  money from Saudi Arabia to buy Twitter  you make your oppinion,https://www.youtube.com/watch?v=HY_CIfUyAIk&lc=UgxcDr5DY7u4_vG1SzN4AaABAg,2022-11-01T17:43:37Z,Rumor has it that musk borrowed  money from Saudi Arabia to buy Twitter  you make your oppinion,0,,twitter
28,"Lots of people either thinking he&#39;s going to save twitter or turn it into a right-wing fascist dystopia, lets be honest, both of these opinions are stupid, elon isnt a real life tony stark but neither is he palpatine, while i do believe he has positive goals in the end he&#39;s just another spoiled egotistical businessman who played his cards right (aka his parents money) and happens to own companies that in the long run will benefit humanity, i just hope his changes to Twitter are positive.",https://www.youtube.com/watch?v=HY_CIfUyAIk&lc=UgzcY0thEtGuT364-Zh4AaABAg,2022-11-01T16:14:34Z,"Lots of people either thinking he's going to save twitter or turn it into a right-wing fascist dystopia, lets be honest, both of these opinions are stupid, elon isnt a real life tony stark but neither is he palpatine, while i do believe he has positive goals in the end he's just another spoiled egotistical businessman who played his cards right (aka his parents money) and happens to own companies that in the long run will benefit humanity, i just hope his changes to Twitter are positive.",2,,twitter
29,"No more  free~for~all with <br>mocha🍵, espresso ☕ ,&amp;wine🍷 on tap🤣😂 along with the 🧘‍♀️ yoga and meditation🙏🏽 rooms 🤔🤔 tell me what   Actual Work did Twitter employees ever even accomplish 🤷🏽‍♀️🤷🏽‍♀️🤷🏽‍♀️",https://www.youtube.com/watch?v=HY_CIfUyAIk&lc=UgwU9Q4RFK3PtSThDUR4AaABAg,2022-11-01T05:51:35Z,"No more  free~for~all with 
mocha🍵, espresso ☕ ,&wine🍷 on tap🤣😂 along with the 🧘‍♀️ yoga and meditation🙏🏽 rooms 🤔🤔 tell me what   Actual Work did Twitter employees ever even accomplish 🤷🏽‍♀️🤷🏽‍♀️🤷🏽‍♀️",0,,twitter
30,i think twitter will fail and gonna go down hill,https://www.youtube.com/watch?v=HY_CIfUyAIk&lc=UgyJwZ2Sv--qr0rNQHd4AaABAg,2022-11-01T05:00:28Z,i think twitter will fail and gonna go down hill,1,,twitter
31,Good to see someone reads the writing on the wall!!,https://www.youtube.com/watch?v=HY_CIfUyAIk&lc=UgyJwZ2Sv--qr0rNQHd4AaABAg.9hsU5u_1fon9iJRAJSQOnV,2022-11-12T01:33:36Z,Good to see someone reads the writing on the wall!!,0,UgyJwZ2Sv--qr0rNQHd4AaABAg,twitter
32,Thank you Elon Musk,https://www.youtube.com/watch?v=HY_CIfUyAIk&lc=UgyaU9fckQ7S9OFD-F94AaABAg,2022-10-31T19:53:51Z,Thank you Elon Musk,2,,twitter
33,"Go Elon, please buy YouTube and MSNBC next!!",https://www.youtube.com/watch?v=HY_CIfUyAIk&lc=UgzIOGAxd1-SP9X8dV94AaABAg,2022-10-31T16:08:07Z,"Go Elon, please buy YouTube and MSNBC next!!",1,,twitter
34,Must they wait a couple months ?,https://www.youtube.com/watch?v=HY_CIfUyAIk&lc=UgxHdnd9GtjU3he1qmZ4AaABAg,2022-10-31T15:36:38Z,Must they wait a couple months ?,0,,twitter
35,Happy to support an African American business 👏,https://www.youtube.com/watch?v=HY_CIfUyAIk&lc=UgxvQvp2r6YHMjzl_yx4AaABAg,2022-10-31T15:32:23Z,Happy to support an African American business 👏,1,,twitter
36,.,https://www.youtube.com/watch?v=HY_CIfUyAIk&lc=UgwORqHI8Zfg2-P0_A14AaABAg,2022-10-31T14:23:55Z,.,0,,twitter
37,"NBC: &quot;Twitter held back disinformation and hate speech&quot; .  Hey NBC, nobody believes you!  These dictators demand absolute control over all thought and speech, and ban ordinary people from declaring the simplest of basic truths or anyone who dare question the leftist propaganda machine in any way.  Now these hypocritical fascists are utterly terrified of a world population who recognise truth when it has a chance to speak again.",https://www.youtube.com/watch?v=HY_CIfUyAIk&lc=UgyDRYK-OE_GxcLZ5A14AaABAg,2022-10-31T07:11:29Z,"NBC: ""Twitter held back disinformation and hate speech"" .  Hey NBC, nobody believes you!  These dictators demand absolute control over all thought and speech, and ban ordinary people from declaring the simplest of basic truths or anyone who dare question the leftist propaganda machine in any way.  Now these hypocritical fascists are utterly terrified of a world population who recognise truth when it has a chance to speak again.",0,,twitter
38,Battled hate speech and misinformation 😂  you censored and pushed its own misinformation 😅,https://www.youtube.com/watch?v=HY_CIfUyAIk&lc=UgxAKtsCMbE1YsKnAn94AaABAg,2022-10-31T06:34:08Z,Battled hate speech and misinformation 😂  you censored and pushed its own misinformation 😅,0,,twitter
39,"Isn&#39;t it GREAT 👍👍👍... We the people, might NOW , GET ALL SIDES OF THE STORY... we DON&#39;T NEED anyone&#39;s protection from OPINIONS..... We CAN DECIDE....FOR OURSELVES.....!!!!!",https://www.youtube.com/watch?v=HY_CIfUyAIk&lc=UgyJAISwPqS_WvUBCZF4AaABAg,2022-10-31T03:10:14Z,"Isn't it GREAT 👍👍👍... We the people, might NOW , GET ALL SIDES OF THE STORY... we DON'T NEED anyone's protection from OPINIONS..... We CAN DECIDE....FOR OURSELVES.....!!!!!",0,,twitter
40,The Clensing Process 🤝,https://www.youtube.com/watch?v=HY_CIfUyAIk&lc=Ugx2mIPtDvma2_TLXZN4AaABAg,2022-10-31T02:56:34Z,The Clensing Process 🤝,0,,twitter
41,The killing process.,https://www.youtube.com/watch?v=HY_CIfUyAIk&lc=Ugx2mIPtDvma2_TLXZN4AaABAg.9hpg7VsFDHE9iJRfxDUDmE,2022-11-12T01:38:03Z,The killing process.,0,Ugx2mIPtDvma2_TLXZN4AaABAg,twitter
42,NBC giving business advice to Elon Musk. That&#39;s ripe.,https://www.youtube.com/watch?v=HY_CIfUyAIk&lc=Ugz8-kercqBJUnzKIaF4AaABAg,2022-10-31T01:19:19Z,NBC giving business advice to Elon Musk. That's ripe.,5,,twitter
43,Xi jing ping the Richest man,https://www.youtube.com/watch?v=HY_CIfUyAIk&lc=UgyBhdDiGut1z-ApIAl4AaABAg,2022-10-30T23:19:17Z,Xi jing ping the Richest man,0,,twitter
44,"Give practical and real support to the oppressed people of Iran <a href=""http://www.youtube.com/results?search_query=%23%D8%A7%D9%86%D9%82%D9%84%D8%A7%D8%A8_%D9%85%D9%84%DB%8C"">#انقلاب_ملی</a>  <a href=""http://www.youtube.com/results?search_query=%23%D8%A7%D8%AA%D8%AD%D8%A7%D8%AF_%D8%A7%D9%82%D9%88%D8%A7%D9%85_%D8%A7%DB%8C%D8%B1%D8%A7%D9%86"">#اتحاد_اقوام_ایران</a>  ✌   <a href=""http://www.youtube.com/results?search_query=%23mahsaamini"">#mahsaamini</a>  <a href=""http://www.youtube.com/results?search_query=%23%D9%85%D9%87%D8%B3%D8%A7_%D8%A7%D9%85%DB%8C%D9%86%DB%8C"">#مهسا_امینی</a>   <a href=""http://www.youtube.com/results?search_query=%23iranrevolution2022"">#iranrevolution2022</a>  <a href=""http://www.youtube.com/results?search_query=%23%D9%86%D9%87_%D8%A8%D9%87_%D8%AC%D9%85%D9%87%D9%88%D8%B1%DB%8C_%D8%A7%D8%B3%D9%84%D8%A7%D9%85%DB%8C"">#نه_به_جمهوری_اسلامی</a> <a href=""http://www.youtube.com/results?search_query=%23no_to_islamicrepublic"">#no_to_islamicrepublic</a>",https://www.youtube.com/watch?v=HY_CIfUyAIk&lc=Ugx1dtSDvtsCz8VHVK94AaABAg,2022-10-30T23:06:23Z,Give practical and real support to the oppressed people of Iran #انقلاب_ملی  #اتحاد_اقوام_ایران  ✌   #mahsaamini  #مهسا_امینی   #iranrevolution2022  #نه_به_جمهوری_اسلامی #no_to_islamicrepublic,0,,twitter
45,Elon Musk needs the taste of the Kanye,https://www.youtube.com/watch?v=HY_CIfUyAIk&lc=Ugxtyz4ygF8QbugjkWR4AaABAg,2022-10-30T22:43:03Z,Elon Musk needs the taste of the Kanye,0,,twitter
46,So glad. Good for elon,https://www.youtube.com/watch?v=HY_CIfUyAIk&lc=UgwLFDDlVfDgT_j7Dgh4AaABAg,2022-10-30T21:58:38Z,So glad. Good for elon,3,,twitter
47,twitter is already a hellscape......new owner will only make this worse,https://www.youtube.com/watch?v=HY_CIfUyAIk&lc=UgyZt06deI9c6NF1dWR4AaABAg,2022-10-30T21:13:56Z,twitter is already a hellscape......new owner will only make this worse,2,,twitter
48,"TWITTER POEM - 2022 $$<br>Twitter  has become a world of its own<br>As hearts and souls communicate and relate.<br>There’s always someone 24 hours night and day <br>To converse with, respond to or debate.<br><br>People by the millions can influence one another<br>By how they feel and what they say.<br>All of us search for friendship, love and answers<br>As we consume our monitor at work or play.<br><br>Twitter delivers us past the gatekeepers<br>And the public juries the thoughts we preach.<br>It’s up to God and our own self-worth<br>If our postings glorify, identify and teach.<br><br>By Tom Zart<br>Most Published Poet On The Web<br>Tom’s 1,040 Poems Are Free To Share!",https://www.youtube.com/watch?v=HY_CIfUyAIk&lc=Ugyrsd9A0McJ7AsZvMR4AaABAg,2022-10-30T17:58:44Z,"TWITTER POEM - 2022 $$
Twitter  has become a world of its own
As hearts and souls communicate and relate.
There’s always someone 24 hours night and day 
To converse with, respond to or debate.

People by the millions can influence one another
By how they feel and what they say.
All of us search for friendship, love and answers
As we consume our monitor at work or play.

Twitter delivers us past the gatekeepers
And the public juries the thoughts we preach.
It’s up to God and our own self-worth
If our postings glorify, identify and teach.

By Tom Zart
Most Published Poet On The Web
Tom’s 1,040 Poems Are Free To Share!",0,,twitter
49,Propaganda will die ! Hahahahahahaha,https://www.youtube.com/watch?v=HY_CIfUyAIk&lc=UgzJ__5S34bIe6l4od14AaABAg,2022-10-30T17:55:46Z,Propaganda will die ! Hahahahahahaha,0,,twitter
50,Nah it will increase,https://www.youtube.com/watch?v=HY_CIfUyAIk&lc=UgzJ__5S34bIe6l4od14AaABAg.9hoiEZ4ppx39i3cJust2eG,2022-11-05T22:11:55Z,Nah it will increase,0,UgzJ__5S34bIe6l4od14AaABAg,twitter
0,Except he actually is taking the robot into production,https://www.youtube.com/watch?v=Eo3zORUGCbM&lc=UgzdiebJcGev3NVgxrB4AaABAg,2025-11-05T02:56:56Z,Except he actually is taking the robot into production,0,,twitter
1,"Hey @JohnOliver with @LateNightShow, hopefully it&#39;s not too late to write about Elon Musk asking for more than trillion dollars from Tesla (America&#39;s electric vehicle company), and if the company share holders doesn&#39;t agree to give him trillions of dollars (1 trillion now, and later more trillions), ET, I mean, E M is threatening to leave.<br>     Personally, Elon Musk should leave, so that the company (Tesla) can grow listening to actual engineers and scientists instead of just Elon Musk, and his fan boys (what a simple existence, not giving a s**t about anyone or anything else). <br><br>     Reusable rockets maybe his (not a rocket scientist, Well, come to think of it.... Not even a scientist, just a guy with a science major, I am not even sure he graduated, so, just a guy who is full of himself - but, Elon Musk did popularize electric cars around the world, so, that is great. But the advertisement of Full Self Driving (FSD) in Tesla vehicles was just plain Wrong, and Evil.), and other rocket scientists&#39; idea.<br>      But the major brilliant idea Space X is selling to the public, the rocket landing on the same position of the tarmac (or 10 - 50 feet difference) from where it is launched was actually theorised by, and shown videos of (after research) the idea, by someone (most probably a scientist) working in Blue Origin.",https://www.youtube.com/watch?v=Eo3zORUGCbM&lc=UgxTurAIroyIZ4cclo14AaABAg,2025-11-01T07:18:29Z,"Hey @JohnOliver with @LateNightShow, hopefully it's not too late to write about Elon Musk asking for more than trillion dollars from Tesla (America's electric vehicle company), and if the company share holders doesn't agree to give him trillions of dollars (1 trillion now, and later more trillions), ET, I mean, E M is threatening to leave.
     Personally, Elon Musk should leave, so that the company (Tesla) can grow listening to actual engineers and scientists instead of just Elon Musk, and his fan boys (what a simple existence, not giving a s**t about anyone or anything else). 

     Reusable rockets maybe his (not a rocket scientist, Well, come to think of it.... Not even a scientist, just a guy with a science major, I am not even sure he graduated, so, just a guy who is full of himself - but, Elon Musk did popularize electric cars around the world, so, that is great. But the advertisement of Full Self Driving (FSD) in Tesla vehicles was just plain Wrong, and Evil.), and other rocket scientists' idea.
      But the major brilliant idea Space X is selling to the public, the rocket landing on the same position of the tarmac (or 10 - 50 feet difference) from where it is launched was actually theorised by, and shown videos of (after research) the idea, by someone (most probably a scientist) working in Blue Origin.",0,,twitter
2,"<a href=""https://www.youtube.com/watch?v=Eo3zORUGCbM&amp;t=372"">6:12</a> On today&#39;s &quot;Before they were famous&quot;  Balding Elon Musk hanging out with Tony Hawk?😂",https://www.youtube.com/watch?v=Eo3zORUGCbM&lc=Ugyj-NErbijkdWI2fa54AaABAg,2025-10-27T04:50:32Z,"6:12 On today's ""Before they were famous""  Balding Elon Musk hanging out with Tony Hawk?😂",0,,twitter
3,Can&#39;t believe John would keep deadnaming X... that intolerant bigot,https://www.youtube.com/watch?v=Eo3zORUGCbM&lc=Ugyj390DxftexZXqqZZ4AaABAg,2025-10-22T16:53:10Z,Can't believe John would keep deadnaming X... that intolerant bigot,1,,twitter
4,"In 2025 we can say, the best (or the worst) has yet to come.",https://www.youtube.com/watch?v=Eo3zORUGCbM&lc=Ugxkc9hlUMBgxN0EAfV4AaABAg,2025-10-20T10:09:50Z,"In 2025 we can say, the best (or the worst) has yet to come.",0,,twitter
5,Maniacule,https://www.youtube.com/watch?v=Eo3zORUGCbM&lc=UgzohcGq41bpx0bBVdt4AaABAg,2025-10-15T22:52:54Z,Maniacule,0,,twitter
6,I’m with musk on going back to work during covid. Florida stayed open and kept people afloat.,https://www.youtube.com/watch?v=Eo3zORUGCbM&lc=UgxZQE2EksOhXLVkyRZ4AaABAg,2025-10-13T00:42:14Z,I’m with musk on going back to work during covid. Florida stayed open and kept people afloat.,0,,twitter
7,JO YOU ON FIRE!,https://www.youtube.com/watch?v=Eo3zORUGCbM&lc=Ugxej1pKL_S5SHMwFRx4AaABAg,2025-10-11T20:08:10Z,JO YOU ON FIRE!,1,,twitter
8,THATS FUNNY  ELON,https://www.youtube.com/watch?v=Eo3zORUGCbM&lc=UgzbAANzVUu9inZe_Yh4AaABAg,2025-10-11T20:07:30Z,THATS FUNNY  ELON,1,,twitter
9,"YEAH<a href=""UCkszU2WH9gy1mb0dV-11UJg/xsIfY4OqCd2T29sP54iAsAw""></a>",https://www.youtube.com/watch?v=Eo3zORUGCbM&lc=UgyNrxs7lzD9Z6ZXGUx4AaABAg,2025-10-11T20:06:15Z,YEAH,1,,twitter
10,Elon sucks,https://www.youtube.com/watch?v=Eo3zORUGCbM&lc=UgynGr2vnqrB2FSdzoZ4AaABAg,2025-10-10T20:37:05Z,Elon sucks,1,,twitter
11,He lies about space travel.   They&#39;re only interested in it because they will have no place else to go when they destroy earth so much that they have to flee for their lives.,https://www.youtube.com/watch?v=Eo3zORUGCbM&lc=UgxAmIYGnbMIXRLcJ4Z4AaABAg,2025-10-08T21:53:45Z,He lies about space travel.   They're only interested in it because they will have no place else to go when they destroy earth so much that they have to flee for their lives.,1,,twitter
12,Still hoping for a full episode about the Cybertruck some day,https://www.youtube.com/watch?v=Eo3zORUGCbM&lc=Ugxza1xOtk023esm7Tt4AaABAg,2025-10-06T00:54:55Z,Still hoping for a full episode about the Cybertruck some day,0,,twitter
13,It&#39;s so much better coming back to this after almost all of 2025 realizing he&#39;s basically a Ketamine fueled turbo goblin.,https://www.youtube.com/watch?v=Eo3zORUGCbM&lc=UgzYw1_Itiik3wPipOp4AaABAg,2025-10-01T21:18:47Z,It's so much better coming back to this after almost all of 2025 realizing he's basically a Ketamine fueled turbo goblin.,2,,twitter
14,People can be TOO RICH 🤑,https://www.youtube.com/watch?v=Eo3zORUGCbM&lc=UgxkGP5juEzhYij6DsF4AaABAg,2025-10-01T03:34:24Z,People can be TOO RICH 🤑,1,,twitter
15,I think Elon Musk is DANGEROUS,https://www.youtube.com/watch?v=Eo3zORUGCbM&lc=UgwRpRm7op_ikZmd8qx4AaABAg,2025-10-01T03:33:55Z,I think Elon Musk is DANGEROUS,1,,twitter
16,I Despise Elon Musk for his attitude towards Social Security and I think he is a greedy SHIT,https://www.youtube.com/watch?v=Eo3zORUGCbM&lc=UgxBcpLrRAWHdwNkkPh4AaABAg,2025-10-01T00:03:05Z,I Despise Elon Musk for his attitude towards Social Security and I think he is a greedy SHIT,1,,twitter
17,This man speaks out of space like madness is that all he  as done for man kind speaks negative point of views for a long nothing powerful about this speaker!,https://www.youtube.com/watch?v=Eo3zORUGCbM&lc=UgyhfuqB0R-2H47GBP54AaABAg,2025-09-30T03:44:41Z,This man speaks out of space like madness is that all he  as done for man kind speaks negative point of views for a long nothing powerful about this speaker!,0,,twitter
18,This man has gone mad,https://www.youtube.com/watch?v=Eo3zORUGCbM&lc=Ugw__5e4EQLjC4Yno2h4AaABAg,2025-09-30T03:41:43Z,This man has gone mad,0,,twitter
19,With god all things are possible now he&#39;s the greatest man in the world April fools on all who  roughed you ❤❤❤love you Elon your action speak louder then words you done the impossible❤❤❤,https://www.youtube.com/watch?v=Eo3zORUGCbM&lc=UgwJLaLCTVl7dUB_3JV4AaABAg,2025-09-30T01:50:14Z,With god all things are possible now he's the greatest man in the world April fools on all who  roughed you ❤❤❤love you Elon your action speak louder then words you done the impossible❤❤❤,0,,twitter
20,That robot comes with an additional package,https://www.youtube.com/watch?v=Eo3zORUGCbM&lc=Ugwce0yVUV8HUrvRVk94AaABAg,2025-09-26T12:39:55Z,That robot comes with an additional package,0,,twitter
21,"<a href=""https://www.youtube.com/watch?v=Eo3zORUGCbM&amp;t=371"">6:11</a> We need a full video on Peter Thiel, John",https://www.youtube.com/watch?v=Eo3zORUGCbM&lc=UgxkklQ0yyLbi3p5Rj54AaABAg,2025-09-22T22:21:04Z,"6:11 We need a full video on Peter Thiel, John",1,,twitter
22,They should update the name of this show to “Everything Just Gets Progressively Worse with Squawky Snarkington ” 😅<br>I swear I go back and listen to these older episodes and think how naive and hopeful we all were that things would improve.,https://www.youtube.com/watch?v=Eo3zORUGCbM&lc=UgzDf2u1ErLXVciRBuN4AaABAg,2025-09-21T13:00:16Z,"They should update the name of this show to “Everything Just Gets Progressively Worse with Squawky Snarkington ” 😅
I swear I go back and listen to these older episodes and think how naive and hopeful we all were that things would improve.",1,,twitter
23,"<a href=""https://www.youtube.com/watch?v=Eo3zORUGCbM&amp;t=1304"">21:44</a> awwww, look how happy he is ❤",https://www.youtube.com/watch?v=Eo3zORUGCbM&lc=UgxYBv8WwROh8ewuy5t4AaABAg,2025-09-13T10:42:48Z,"21:44 awwww, look how happy he is ❤",3,,twitter
24,"Musk did cut off Ukraine&#39;s satellite use &amp; Putin used that for easy, brutal attacks. Musk is hated almost as much as Trump is, the world over. That hatred harmed his Tesla company &amp; stock",https://www.youtube.com/watch?v=Eo3zORUGCbM&lc=UgxTRlGr4LezG_sGrSB4AaABAg,2025-09-12T05:44:37Z,"Musk did cut off Ukraine's satellite use & Putin used that for easy, brutal attacks. Musk is hated almost as much as Trump is, the world over. That hatred harmed his Tesla company & stock",1,,twitter
25,I agree with most stuff but what is a woman is good stuff though,https://www.youtube.com/watch?v=Eo3zORUGCbM&lc=UgyPcGgo-A6-6eeEweB4AaABAg,2025-09-12T04:01:22Z,I agree with most stuff but what is a woman is good stuff though,1,,twitter
26,"Umm in that self-driving footage regarding the car being way too close too that stroller......why are those people pushing a stroller on the road and not the sidewalk, they&#39;re even walking between cars parked against the curb and the guy driving on the road. What the hell are they doing?",https://www.youtube.com/watch?v=Eo3zORUGCbM&lc=UgxaIkjcHA9LEWpmmJB4AaABAg,2025-09-12T02:48:48Z,"Umm in that self-driving footage regarding the car being way too close too that stroller......why are those people pushing a stroller on the road and not the sidewalk, they're even walking between cars parked against the curb and the guy driving on the road. What the hell are they doing?",1,,twitter
27,"Musk is finally talking with whom he belong:grass. The tall, tall grass",https://www.youtube.com/watch?v=Eo3zORUGCbM&lc=UgyleVsdQE7q7h_8N7t4AaABAg,2025-09-10T10:44:24Z,"Musk is finally talking with whom he belong:grass. The tall, tall grass",0,,twitter
28,"President Obama you are a true President, you are a an inspiring human being. Michelle Obama, your wife, is a true First Lady, an inspiring human being. Flip the script, Please. President Michelle Obama and first Gentleman Barack Obama can do great things. You both can turn this all around. You both can reverse the damage done, and bring back &quot;The UNITED STATES OF AMERICA&quot;!",https://www.youtube.com/watch?v=Eo3zORUGCbM&lc=UgyeFaqIE2mxi-xON414AaABAg,2025-09-04T12:05:50Z,"President Obama you are a true President, you are a an inspiring human being. Michelle Obama, your wife, is a true First Lady, an inspiring human being. Flip the script, Please. President Michelle Obama and first Gentleman Barack Obama can do great things. You both can turn this all around. You both can reverse the damage done, and bring back ""The UNITED STATES OF AMERICA""!",0,,twitter
29,"<a href=""https://www.youtube.com/watch?v=Eo3zORUGCbM&amp;t=752"">12:32</a><br> 😉",https://www.youtube.com/watch?v=Eo3zORUGCbM&lc=UgytkjPoh-hhFjb55fB4AaABAg,2025-09-02T03:35:06Z,"12:32
 😉",0,,twitter
30,Earth here: nazi lives will never matter. America will ALWAYS BE ANTIFA . RELEASE THE TRUMP EPSTEIN FILES,https://www.youtube.com/watch?v=Eo3zORUGCbM&lc=UgyHygRNgvoM4BsNgm54AaABAg,2025-09-01T18:04:51Z,Earth here: nazi lives will never matter. America will ALWAYS BE ANTIFA . RELEASE THE TRUMP EPSTEIN FILES,1,,twitter
31,Sam Altman looks like what would happen if Michael Cera finally became an adult,https://www.youtube.com/watch?v=Eo3zORUGCbM&lc=Ugy9s9rYhZmZAdeBXct4AaABAg,2025-08-31T14:34:21Z,Sam Altman looks like what would happen if Michael Cera finally became an adult,0,,twitter
32,Adam adam adamın dibi dünyada başka adam yoktur Elonu desteklemeyen herkesin Allah belasını versin,https://www.youtube.com/watch?v=Eo3zORUGCbM&lc=UgwtqWJ9sT0XpjEuXYJ4AaABAg,2025-08-30T16:47:41Z,Adam adam adamın dibi dünyada başka adam yoktur Elonu desteklemeyen herkesin Allah belasını versin,0,,twitter
33,"Believe it or not, that’s the first time I’ve ever heard Musk’s voice",https://www.youtube.com/watch?v=Eo3zORUGCbM&lc=Ugwy7s8jl6l6znuo_tx4AaABAg,2025-08-28T12:29:40Z,"Believe it or not, that’s the first time I’ve ever heard Musk’s voice",0,,twitter
34,Equality for ALLB!!¡ WHAT about us left wing trolls?????,https://www.youtube.com/watch?v=Eo3zORUGCbM&lc=UgzkBkOvTRP0UeHFZip4AaABAg,2025-08-28T06:54:06Z,Equality for ALLB!!¡ WHAT about us left wing trolls?????,0,,twitter
35,Im a SHAMEFUL  person i was told online yesterday because I speculated that murk might have introduced rump to ketamine 🤣🤣🤣🤣,https://www.youtube.com/watch?v=Eo3zORUGCbM&lc=UgwXOn0CGX9Xe0FufGt4AaABAg,2025-08-28T05:00:39Z,Im a SHAMEFUL  person i was told online yesterday because I speculated that murk might have introduced rump to ketamine 🤣🤣🤣🤣,0,,twitter
36,It so funny,https://www.youtube.com/watch?v=Eo3zORUGCbM&lc=Ugzmi0hXDhNwoYQDCUh4AaABAg,2025-08-26T02:36:43Z,It so funny,1,,twitter
37,Teslainvestment-g5thi my dear,https://www.youtube.com/watch?v=Eo3zORUGCbM&lc=Ugzmi0hXDhNwoYQDCUh4AaABAg.AMGocMtY_0WAOOMxGz-gEs,2025-10-17T18:02:53Z,Teslainvestment-g5thi my dear,0,Ugzmi0hXDhNwoYQDCUh4AaABAg,twitter
38,BOXABL: Another Elon Bait and Switch,https://www.youtube.com/watch?v=Eo3zORUGCbM&lc=Ugy7Zr0KNUCIyz0svUd4AaABAg,2025-08-26T00:31:37Z,BOXABL: Another Elon Bait and Switch,0,,twitter
39,not only did you blast the stupid robot dance guy in a suit you got a BETTER robot dance guy in a suit to flex on muskrat,https://www.youtube.com/watch?v=Eo3zORUGCbM&lc=Ugx5AvhNJWfvjpmh8KN4AaABAg,2025-08-25T11:47:36Z,not only did you blast the stupid robot dance guy in a suit you got a BETTER robot dance guy in a suit to flex on muskrat,0,,twitter
40,Musk is basically like these scammers with the all testing bloodtest or hydrogen truck except he somehow gets away with it,https://www.youtube.com/watch?v=Eo3zORUGCbM&lc=UgxWW9viYaRfrTF8Rxt4AaABAg,2025-08-24T12:58:41Z,Musk is basically like these scammers with the all testing bloodtest or hydrogen truck except he somehow gets away with it,0,,twitter
41,"Watching this (again) a year later - omg. Thank you John Oliver, I just wish more",https://www.youtube.com/watch?v=Eo3zORUGCbM&lc=UgxkF6WaOVw1-BM6ty94AaABAg,2025-08-24T09:11:25Z,"Watching this (again) a year later - omg. Thank you John Oliver, I just wish more",0,,twitter
42,"Eh, while I&#39;d argue people with Aspbergers/autism, add/adhd and Schizophrenia just happen to express things latent in every &#39;normie&#39; as second nature, be it rationality, comprehensively or symbolically, though it&#39;s telling how intolerant the left/dem side is towards those who&#39;re born different, versus those pliable sponges who believe in whatever&#39;s popular. It&#39;s clearly authoritarian, as it&#39;s about brainwashing and pseudoscience where people are prone to believe anything. There&#39;s a lot of rumors and questions is the only thing helping grow as an individual. Also funny how Last Week Tonight is the only place I hear from White Nationalists, David Duke and all those whispers from a bygone era, it&#39;s almost like a fetish, act or self-aware &#39;anti&#39;-racist.  <br><br>Granted, I&#39;m probably still more left then right, mostly since I&#39;m poor, but obviously against the neo-most and whatever colloquially represents the left.",https://www.youtube.com/watch?v=Eo3zORUGCbM&lc=UgwlF8PXr3dzh7yFV2J4AaABAg,2025-08-20T16:51:21Z,"Eh, while I'd argue people with Aspbergers/autism, add/adhd and Schizophrenia just happen to express things latent in every 'normie' as second nature, be it rationality, comprehensively or symbolically, though it's telling how intolerant the left/dem side is towards those who're born different, versus those pliable sponges who believe in whatever's popular. It's clearly authoritarian, as it's about brainwashing and pseudoscience where people are prone to believe anything. There's a lot of rumors and questions is the only thing helping grow as an individual. Also funny how Last Week Tonight is the only place I hear from White Nationalists, David Duke and all those whispers from a bygone era, it's almost like a fetish, act or self-aware 'anti'-racist.  

Granted, I'm probably still more left then right, mostly since I'm poor, but obviously against the neo-most and whatever colloquially represents the left.",0,,twitter
43,"<a href=""https://www.youtube.com/watch?v=Eo3zORUGCbM&amp;t=735"">12:15</a> Oliver&#39;s robot is a better dancer, too",https://www.youtube.com/watch?v=Eo3zORUGCbM&lc=Ugw-oHjgZTTnxyekGAt4AaABAg,2025-08-19T23:20:58Z,"12:15 Oliver's robot is a better dancer, too",2,,twitter
44,"Elon talked about the Epstein list and Trump being on it. That’s why he’s being attacked by mainstream media, he still hasn’t been brainwashed or blackmailed by the deep state so they are de-faming him.",https://www.youtube.com/watch?v=Eo3zORUGCbM&lc=Ugy3lR9vb_NMPSg061F4AaABAg,2025-08-18T15:15:08Z,"Elon talked about the Epstein list and Trump being on it. That’s why he’s being attacked by mainstream media, he still hasn’t been brainwashed or blackmailed by the deep state so they are de-faming him.",0,,twitter
45,He’s being “attacked” because he’s a goddamn Nazi.,https://www.youtube.com/watch?v=Eo3zORUGCbM&lc=Ugy3lR9vb_NMPSg061F4AaABAg.ALy_38AIIc0AM5qe34-K4p,2025-08-21T20:22:47Z,He’s being “attacked” because he’s a goddamn Nazi.,1,Ugy3lR9vb_NMPSg061F4AaABAg,twitter
46,😂I had to stop and go look at Troy Hurtubise for a second. That shit is hilarious,https://www.youtube.com/watch?v=Eo3zORUGCbM&lc=Ugx0jN7PTRziDi6KC4t4AaABAg,2025-08-15T18:39:27Z,😂I had to stop and go look at Troy Hurtubise for a second. That shit is hilarious,0,,twitter
47,"Now I know why Elon hates me, because I&#39;m Jewish! He said he&#39;s going to send me, to jail after he&#39;s the one who wants, to put a chip in my, brain! 🧠 Ha! Ha! Ha!",https://www.youtube.com/watch?v=Eo3zORUGCbM&lc=UgxPgeQQuj5-wrEhokN4AaABAg,2025-08-14T00:49:16Z,"Now I know why Elon hates me, because I'm Jewish! He said he's going to send me, to jail after he's the one who wants, to put a chip in my, brain! 🧠 Ha! Ha! Ha!",0,,twitter
48,This is all a trial for the time that the people behind Musk and Trump will be ready to go on with their plans to get the government out of our hands. And then it will work for them and not for the people. We will become wage slaves working to death in the future. A lot of people are already wage slaves right now and unable to live in freedom or with rights and safety.. our brothers and sisters in developing countries are slaves to our consumerism. Ansnwencsre less and less About abuses of power and authoritarian regimes. We are becoming less and less empathetic and caring for others and we just assume its the way the world is now. Because that&#39;s what we are told to think. Mainstream media is a puppet of the true rulers of the world I know it&#39;s scary an crazy sounding but look at what the world is becoming more and more violent and dangerous. We are just waiting to be told what to think and say. As they dumb us down for easy management. Control is hard to maintain in the face of an educated population. So Trump has his problem ridicule the educational system which protects the rights of the most vulnerable of us. And show us the power of a good education and training and research are vital to the process of government.,https://www.youtube.com/watch?v=Eo3zORUGCbM&lc=UgyXVV-Y6TucTYqYyvx4AaABAg,2025-08-12T20:43:37Z,This is all a trial for the time that the people behind Musk and Trump will be ready to go on with their plans to get the government out of our hands. And then it will work for them and not for the people. We will become wage slaves working to death in the future. A lot of people are already wage slaves right now and unable to live in freedom or with rights and safety.. our brothers and sisters in developing countries are slaves to our consumerism. Ansnwencsre less and less About abuses of power and authoritarian regimes. We are becoming less and less empathetic and caring for others and we just assume its the way the world is now. Because that's what we are told to think. Mainstream media is a puppet of the true rulers of the world I know it's scary an crazy sounding but look at what the world is becoming more and more violent and dangerous. We are just waiting to be told what to think and say. As they dumb us down for easy management. Control is hard to maintain in the face of an educated population. So Trump has his problem ridicule the educational system which protects the rights of the most vulnerable of us. And show us the power of a good education and training and research are vital to the process of government.,0,,twitter
49,Agree with those saying we need an update to this video. I feel that it is currently dangerously light on Musk. Too much press on his good aspects here. This was when he wasn&#39;t doing the horrible shit he has been doing. He has been going to extremes of opinion and has a massive amount of power to push the objectives of the most evil people who are making progress in dismantling the system which holds us all together. He is the figurehead to the real new world order. The right has lost their way. And been coopted by the extreme right wing who want the masses to be silent and stupid enough to be ok with whatever they say. We are losing our ability to think critically. And the system which protects us is being attacked and usurped very clinically. We need to wake up and take charge of the government. Take it back and have a say in how we are governed. It&#39;s not too late to do it. We will be in a much worse spot than now if we just let them to do as they wish.,https://www.youtube.com/watch?v=Eo3zORUGCbM&lc=Ugxistr_ayoUFlTFB7l4AaABAg,2025-08-12T20:29:03Z,Agree with those saying we need an update to this video. I feel that it is currently dangerously light on Musk. Too much press on his good aspects here. This was when he wasn't doing the horrible shit he has been doing. He has been going to extremes of opinion and has a massive amount of power to push the objectives of the most evil people who are making progress in dismantling the system which holds us all together. He is the figurehead to the real new world order. The right has lost their way. And been coopted by the extreme right wing who want the masses to be silent and stupid enough to be ok with whatever they say. We are losing our ability to think critically. And the system which protects us is being attacked and usurped very clinically. We need to wake up and take charge of the government. Take it back and have a say in how we are governed. It's not too late to do it. We will be in a much worse spot than now if we just let them to do as they wish.,0,,twitter
0,"Love FRONTLINE? Watch hundreds more documentaries on our channel: <a href=""https://www.youtube.com/channel/UC3ScyryU9Oy9Wse3a8OAmYQ"">https://www.youtube.com/channel/UC3ScyryU9Oy9Wse3a8OAmYQ?sub_confirmation=1</a>",https://www.youtube.com/watch?v=d6z4H_geX5A&lc=Ugy3wKQ_Kp9avx7AaPl4AaABAg,2024-03-15T15:51:37Z,Love FRONTLINE? Watch hundreds more documentaries on our channel: https://www.youtube.com/channel/UC3ScyryU9Oy9Wse3a8OAmYQ?sub_confirmation=1,63,,twitter
1,Russian interference???  Care to correct that statement?,https://www.youtube.com/watch?v=d6z4H_geX5A&lc=Ugy3wKQ_Kp9avx7AaPl4AaABAg.A1064TR0azpA3-QuFjvGYt,2024-05-04T02:37:08Z,Russian interference???  Care to correct that statement?,13,Ugy3wKQ_Kp9avx7AaPl4AaABAg,twitter
2,Trump + Musk = 2 malignant narcissists on steroids.,https://www.youtube.com/watch?v=d6z4H_geX5A&lc=Ugy3wKQ_Kp9avx7AaPl4AaABAg.A1064TR0azpAAaUhVBk4Af,2024-11-08T21:01:15Z,Trump + Musk = 2 malignant narcissists on steroids.,0,Ugy3wKQ_Kp9avx7AaPl4AaABAg,twitter
3,@RHMEDIA-x8m sounds accurate.,https://www.youtube.com/watch?v=d6z4H_geX5A&lc=Ugy3wKQ_Kp9avx7AaPl4AaABAg.A1064TR0azpAF7jSC5BBYR,2025-03-01T14:18:35Z,@RHMEDIA-x8m sounds accurate.,1,Ugy3wKQ_Kp9avx7AaPl4AaABAg,twitter
4,Z😮😢😅😢😅,https://www.youtube.com/watch?v=d6z4H_geX5A&lc=Ugy3wKQ_Kp9avx7AaPl4AaABAg.A1064TR0azpAFLKFE49Mnp,2025-03-06T20:58:59Z,Z😮😢😅😢😅,1,Ugy3wKQ_Kp9avx7AaPl4AaABAg,twitter
5,❤❤❤❤❤❤❤❤❤❤❤❤❤❤❤😂😂😂🎉🎉😢😢😢😮😅😅😅😊😊,https://www.youtube.com/watch?v=d6z4H_geX5A&lc=Ugy3wKQ_Kp9avx7AaPl4AaABAg.A1064TR0azpAN7sEBVccU6,2025-09-16T11:46:28Z,❤❤❤❤❤❤❤❤❤❤❤❤❤❤❤😂😂😂🎉🎉😢😢😢😮😅😅😅😊😊,0,Ugy3wKQ_Kp9avx7AaPl4AaABAg,twitter
6,Not by nomber  I love america  im loe understand to all of that but  no professional  buling  I eiling to understand the truet no hate no war  I like peace  .... You know  the all is knew me ho  where  I in sorry  peaple  of  to the word   teach me for all good I&#39;m willing  for  that that truet  I&#39;m grade  six  pls understand me   and I like  to love  bot war pls  like peace on earth  I&#39;m not propeshonal,https://www.youtube.com/watch?v=d6z4H_geX5A&lc=Ugxak7vKRoHSMuqr2Ql4AaABAg,2025-11-01T16:46:06Z,Not by nomber  I love america  im loe understand to all of that but  no professional  buling  I eiling to understand the truet no hate no war  I like peace  .... You know  the all is knew me ho  where  I in sorry  peaple  of  to the word   teach me for all good I'm willing  for  that that truet  I'm grade  six  pls understand me   and I like  to love  bot war pls  like peace on earth  I'm not propeshonal,0,,twitter
7,Is this a hatchet job because  I&#39;m becoming more of a fan of Elon. We all have our issues. He&#39;s not feeling weapons of mass destruction. Or encouraging sterilization of children. Or wait maybe that&#39;s the problem,https://www.youtube.com/watch?v=d6z4H_geX5A&lc=UgyGgkPXbgyCfD1AU8d4AaABAg,2025-10-31T03:43:23Z,Is this a hatchet job because  I'm becoming more of a fan of Elon. We all have our issues. He's not feeling weapons of mass destruction. Or encouraging sterilization of children. Or wait maybe that's the problem,0,,twitter
8,Lol ex cia talks about election integrity.,https://www.youtube.com/watch?v=d6z4H_geX5A&lc=UgxvwIn8ut1BpgKGomd4AaABAg,2025-10-27T10:13:16Z,Lol ex cia talks about election integrity.,0,,twitter
9,"Planet Earth needs a social media program where people can share the facts and information from around the planet.<br>We do not have that.....<br>X is a great stepping stone, <br><br>BUT NOT WHAT HUMANITY NEEDS 👍",https://www.youtube.com/watch?v=d6z4H_geX5A&lc=UgxjVPEJ2blZ0JrKfKt4AaABAg,2025-10-27T03:39:08Z,"Planet Earth needs a social media program where people can share the facts and information from around the planet.
We do not have that.....
X is a great stepping stone, 

BUT NOT WHAT HUMANITY NEEDS 👍",0,,twitter
10,CAUTION = <br>DO NOT SUBSCRIBE TO X<br><br>They will lock your account and still bill your credit cards for all your subscriptions. <br>IT&#39;S FRAUD THAT ISRAEL HAS TAKEN CONTROL OF  👌,https://www.youtube.com/watch?v=d6z4H_geX5A&lc=UgxQw0_Lmeby8CjL1MJ4AaABAg,2025-10-27T03:33:11Z,"CAUTION = 
DO NOT SUBSCRIBE TO X

They will lock your account and still bill your credit cards for all your subscriptions. 
IT'S FRAUD THAT ISRAEL HAS TAKEN CONTROL OF  👌",0,,twitter
11,Thank god Twitter is gone. It would be great if all of the morons that supposed Twitter. Actually had to do a hard days work! Weak evil people.,https://www.youtube.com/watch?v=d6z4H_geX5A&lc=UgytqtLaHetVtjdnIKd4AaABAg,2025-10-21T14:18:16Z,Thank god Twitter is gone. It would be great if all of the morons that supposed Twitter. Actually had to do a hard days work! Weak evil people.,0,,twitter
12,"Now it&#39;s a place full of racism, Anti-Semitism, Islamophobia, and other bigotry",https://www.youtube.com/watch?v=d6z4H_geX5A&lc=Ugw0Y61ZRsPJXpYFc_J4AaABAg,2025-10-17T04:16:57Z,"Now it's a place full of racism, Anti-Semitism, Islamophobia, and other bigotry",0,,twitter
13,"Electric cars, solar panels, paper straws do not fight climate change.  It&#39;s like hunny look how much we saved.",https://www.youtube.com/watch?v=d6z4H_geX5A&lc=UgyXvE8M0lZ7mJkOVXJ4AaABAg,2025-10-15T05:08:26Z,"Electric cars, solar panels, paper straws do not fight climate change.  It's like hunny look how much we saved.",0,,twitter
14,Twitter was used to incite violence all year after george floyd but no one got banned,https://www.youtube.com/watch?v=d6z4H_geX5A&lc=UgwARr6aUe-vikJe8mx4AaABAg,2025-10-13T10:24:50Z,Twitter was used to incite violence all year after george floyd but no one got banned,3,,twitter
15,Pukimak punya Twitter satan,https://www.youtube.com/watch?v=d6z4H_geX5A&lc=Ugz6vlTUDflk8MBEtqt4AaABAg,2025-10-03T00:21:30Z,Pukimak punya Twitter satan,0,,twitter
16,He changed the name. 2hrs down to 13sec...,https://www.youtube.com/watch?v=d6z4H_geX5A&lc=Ugy-eGgq41YxEPol3eF4AaABAg,2025-09-30T11:27:00Z,He changed the name. 2hrs down to 13sec...,0,,twitter
17,Hello sir,https://www.youtube.com/watch?v=d6z4H_geX5A&lc=Ugz8sruhD4i2nR5gLId4AaABAg,2025-09-25T17:14:50Z,Hello sir,0,,twitter
18,Elon is awesome,https://www.youtube.com/watch?v=d6z4H_geX5A&lc=Ugxz7IRbCHAWlbR_dCp4AaABAg,2025-09-19T05:12:06Z,Elon is awesome,1,,twitter
19,Thank you Elon for Buying a Venue for Free Speech!,https://www.youtube.com/watch?v=d6z4H_geX5A&lc=UgwI62Iwmm7Vvq9Ktih4AaABAg,2025-09-13T07:08:48Z,Thank you Elon for Buying a Venue for Free Speech!,0,,twitter
20,@dukezealv,https://www.youtube.com/watch?v=d6z4H_geX5A&lc=Ugz2V2v9HtG7HAJDke94AaABAg,2025-09-01T08:00:16Z,@dukezealv,0,,twitter
21,Elon what&#39;s up with Twitter,https://www.youtube.com/watch?v=d6z4H_geX5A&lc=UgzUZ-11ycUnEpJQBEN4AaABAg,2025-09-01T07:58:49Z,Elon what's up with Twitter,0,,twitter
22,He has a lot of scammers using his name and pictures and using AI voice of elon musk on x there scamming people out of money if they fall for it,https://www.youtube.com/watch?v=d6z4H_geX5A&lc=UgxPk1oTIh3M2ccjFnx4AaABAg,2025-08-28T05:39:26Z,He has a lot of scammers using his name and pictures and using AI voice of elon musk on x there scamming people out of money if they fall for it,0,,twitter
23,To everyone never doubt Tesla or SpaceX. Thank you for your attention to this matter!,https://www.youtube.com/watch?v=d6z4H_geX5A&lc=Ugw8Nx3RLh7mcLavVmd4AaABAg,2025-08-20T18:38:57Z,To everyone never doubt Tesla or SpaceX. Thank you for your attention to this matter!,0,,twitter
24,"Never doubt Elon musk, been with you since day one...",https://www.youtube.com/watch?v=d6z4H_geX5A&lc=Ugzk1Py3n7730GdlnFh4AaABAg,2025-08-20T18:38:30Z,"Never doubt Elon musk, been with you since day one...",0,,twitter
25,Im so glad they lost their jobs or resigned and trump is president again elon owns X and republicans keep winning.. 2025 is such a good year.,https://www.youtube.com/watch?v=d6z4H_geX5A&lc=UgyEuvax6XyfSq9nzpN4AaABAg,2025-08-13T01:33:46Z,Im so glad they lost their jobs or resigned and trump is president again elon owns X and republicans keep winning.. 2025 is such a good year.,1,,twitter
26,lol no,https://www.youtube.com/watch?v=d6z4H_geX5A&lc=UgyEuvax6XyfSq9nzpN4AaABAg.ALkE4td7jBXALmKMhVMHEk,2025-08-13T21:07:06Z,lol no,0,UgyEuvax6XyfSq9nzpN4AaABAg,twitter
27,"After reading about the Elon Musk, Twitter Saga in the Walter Isaacson Elon Musk book, this video truly feels more impactful, the fact that Elon wanted to promote freedom of speech with his Twitter purchase truly was an important moment in today’s world.",https://www.youtube.com/watch?v=d6z4H_geX5A&lc=UgwXSQ6D2zS78f84d-x4AaABAg,2025-08-10T06:01:04Z,"After reading about the Elon Musk, Twitter Saga in the Walter Isaacson Elon Musk book, this video truly feels more impactful, the fact that Elon wanted to promote freedom of speech with his Twitter purchase truly was an important moment in today’s world.",0,,twitter
28,It’s hilarious watching all these pretentious liberal nitwits explain why Elon Musk is wrong and their right. How do you become that deluded?,https://www.youtube.com/watch?v=d6z4H_geX5A&lc=UgxVahxIUHsmmROHxlx4AaABAg,2025-07-28T11:05:36Z,It’s hilarious watching all these pretentious liberal nitwits explain why Elon Musk is wrong and their right. How do you become that deluded?,0,,twitter
29,My pronouns right now are prosecute Fauci.,https://www.youtube.com/watch?v=d6z4H_geX5A&lc=UgxXdb_X1MLstB_nxA14AaABAg,2025-07-27T10:07:31Z,My pronouns right now are prosecute Fauci.,2,,twitter
30,^5,https://www.youtube.com/watch?v=d6z4H_geX5A&lc=UgzQe5MorAR585eyGQZ4AaABAg,2025-07-24T04:07:01Z,^5,0,,twitter
31,I used to watch Matt Taibbi on YouTube until the Twitter Files. I find him to be full of nonsense and pretty smug.  I also find Jordan saying that he is interested in protecting free speech and not condemning Musk for his censorship on Twitter to be so obviously partisan.,https://www.youtube.com/watch?v=d6z4H_geX5A&lc=Ugz_P4Rd1f9Mw_aW8mx4AaABAg,2025-07-18T20:52:54Z,I used to watch Matt Taibbi on YouTube until the Twitter Files. I find him to be full of nonsense and pretty smug.  I also find Jordan saying that he is interested in protecting free speech and not condemning Musk for his censorship on Twitter to be so obviously partisan.,0,,twitter
32,It&#39;s hilarious to see how many people were having a meltdown about a private company being run by a private citizen how he wants to run his private company.  How dare they not have control of someone else and their words .  Nobody is forcing them to use it.,https://www.youtube.com/watch?v=d6z4H_geX5A&lc=UgwESM-fCa2YZdeVHg14AaABAg,2025-07-16T11:51:58Z,It's hilarious to see how many people were having a meltdown about a private company being run by a private citizen how he wants to run his private company.  How dare they not have control of someone else and their words .  Nobody is forcing them to use it.,0,,twitter
33,What would happen if we found out that we are not a spinning ball??,https://www.youtube.com/watch?v=d6z4H_geX5A&lc=UgwqcAWtHR53nOtLzoJ4AaABAg,2025-07-11T19:06:47Z,What would happen if we found out that we are not a spinning ball??,0,,twitter
34,What happens when we find out the Earth is flat?,https://www.youtube.com/watch?v=d6z4H_geX5A&lc=Ugy74G6FJUurQxsCpdJ4AaABAg,2025-07-11T19:06:06Z,What happens when we find out the Earth is flat?,0,,twitter
35,І не треба гадити нам з коханим Гамданом Аль Мактум.,https://www.youtube.com/watch?v=d6z4H_geX5A&lc=UgzRz08KaF-sPMmS1ih4AaABAg,2025-07-11T16:59:25Z,І не треба гадити нам з коханим Гамданом Аль Мактум.,0,,twitter
36,"Всі хочуть гроші,  а гроші в мене",https://www.youtube.com/watch?v=d6z4H_geX5A&lc=UgzzWlUHNh6PLd5pDRp4AaABAg,2025-07-11T16:58:56Z,"Всі хочуть гроші,  а гроші в мене",0,,twitter
37,Секрет успіху в інтернеті проти нас ніхто не розлучить нас.,https://www.youtube.com/watch?v=d6z4H_geX5A&lc=Ugw-_PoqM9X-zW0aIWx4AaABAg,2025-07-11T16:58:25Z,Секрет успіху в інтернеті проти нас ніхто не розлучить нас.,0,,twitter
38,Проти нас з Гамданом Аль Мактум ніхто не розлучить нас.  Крапка ком.,https://www.youtube.com/watch?v=d6z4H_geX5A&lc=UgwKzOiaVv4KWRhjzCl4AaABAg,2025-07-11T16:57:52Z,Проти нас з Гамданом Аль Мактум ніхто не розлучить нас.  Крапка ком.,0,,twitter
39,Щоб ви знали всі реклама це я проти гадів в інтернеті і в Україні теж маю дохід від вас гадів.,https://www.youtube.com/watch?v=d6z4H_geX5A&lc=UgwLabG4KdK7Lu1EhNV4AaABAg,2025-07-11T16:57:15Z,Щоб ви знали всі реклама це я проти гадів в інтернеті і в Україні теж маю дохід від вас гадів.,0,,twitter
40,Ви москалі ніхто не зробите проти нас з коханим Гамданом Аль Мактум.,https://www.youtube.com/watch?v=d6z4H_geX5A&lc=Ugzo5hBUnl-0TVPNPbJ4AaABAg,2025-07-11T16:56:39Z,Ви москалі ніхто не зробите проти нас з коханим Гамданом Аль Мактум.,0,,twitter
41,"Вам скотам кінець світу проти мене,  тому що я кохаю сильно свого коханого Гамдан Аль Мактум, а це мій коханий Гамдан Аль,  і мій коханий Гамдан Аль Мактум і мій консул,  проти нас ніхто не розлучить нас.  Це правда.",https://www.youtube.com/watch?v=d6z4H_geX5A&lc=UgwGiWO1YNR7n2lMSaF4AaABAg,2025-07-11T16:55:52Z,"Вам скотам кінець світу проти мене,  тому що я кохаю сильно свого коханого Гамдан Аль Мактум, а це мій коханий Гамдан Аль,  і мій коханий Гамдан Аль Мактум і мій консул,  проти нас ніхто не розлучить нас.  Це правда.",0,,twitter
42,Ви всі прекрасно знали? Що проти мене ніхто не буде красти під себе в мене.,https://www.youtube.com/watch?v=d6z4H_geX5A&lc=Ugz2T_zubmubIvWt4yh4AaABAg,2025-07-11T16:53:19Z,Ви всі прекрасно знали? Що проти мене ніхто не буде красти під себе в мене.,0,,twitter
43,Ви не знали?  Що проти мене ніхто не буде красти під себе в мене   інформацію <br>?,https://www.youtube.com/watch?v=d6z4H_geX5A&lc=UgwJNfTZEkIyDOumtRJ4AaABAg,2025-07-11T16:52:36Z,"Ви не знали?  Що проти мене ніхто не буде красти під себе в мене   інформацію 
?",0,,twitter
44,На Україну від форми загарбників <br>.,https://www.youtube.com/watch?v=d6z4H_geX5A&lc=UgxXTw2t9FEvMtvBssN4AaABAg,2025-07-11T16:51:01Z,"На Україну від форми загарбників 
.",0,,twitter
45,"Як що ви хочете мати дохід  , ви будете працювати на мене.",https://www.youtube.com/watch?v=d6z4H_geX5A&lc=UgyWzlyq9XIxjGsB-QN4AaABAg,2025-07-11T16:50:12Z,"Як що ви хочете мати дохід  , ви будете працювати на мене.",0,,twitter
46,"Проти нас з коханим Гамданом Аль Мактум,  ніхто не вкрадете під себе в мене",https://www.youtube.com/watch?v=d6z4H_geX5A&lc=UgxAlZdvFck1GmREQOB4AaABAg,2025-07-11T16:49:01Z,"Проти нас з коханим Гамданом Аль Мактум,  ніхто не вкрадете під себе в мене",0,,twitter
47,Я сама собі реклама проти гадів в інтернеті і проти всіх гадів в інтернеті проти нас ніхто не розлучить нас.,https://www.youtube.com/watch?v=d6z4H_geX5A&lc=UgyvPdJlYl9-cxRLq-F4AaABAg,2025-07-11T16:47:31Z,Я сама собі реклама проти гадів в інтернеті і проти всіх гадів в інтернеті проти нас ніхто не розлучить нас.,0,,twitter
48,Не знали?,https://www.youtube.com/watch?v=d6z4H_geX5A&lc=UgwcVPgp7skIoWmap8B4AaABAg,2025-07-11T16:46:27Z,Не знали?,0,,twitter
49,Тільки я буду мати дохід від всіх гадів в інтернеті.,https://www.youtube.com/watch?v=d6z4H_geX5A&lc=UgxW-CTEhKH-EAzWgrp4AaABAg,2025-07-11T16:46:07Z,Тільки я буду мати дохід від всіх гадів в інтернеті.,0,,twitter
0,Finally. Now fact checking can be done accurately and across the board.,https://www.youtube.com/watch?v=AcOQNgXv8E0&lc=UgzofOAfm8FJkHNhdpN4AaABAg,2022-11-05T09:56:09Z,Finally. Now fact checking can be done accurately and across the board.,1,,twitter
1,Cheif twitt?,https://www.youtube.com/watch?v=AcOQNgXv8E0&lc=UgyRdxa9Cts3vrzzazd4AaABAg,2022-11-05T04:20:21Z,Cheif twitt?,0,,twitter
2,Elon Musk played people by pretending he was backing out. That way stock prices went down. He bought them up. 😁😁😁😁😁💯👍,https://www.youtube.com/watch?v=AcOQNgXv8E0&lc=UgzYZz8xYuyZXqmbAul4AaABAg,2022-11-04T21:48:11Z,Elon Musk played people by pretending he was backing out. That way stock prices went down. He bought them up. 😁😁😁😁😁💯👍,2,,twitter
3,I can&#39;t believe no one is calling out Elon about this what an idiot he said it would only cost 6 billion to end world hunger and he just spent 44 billion on an app .,https://www.youtube.com/watch?v=AcOQNgXv8E0&lc=UgwMqOly-IqA77EihcV4AaABAg,2022-11-03T17:54:38Z,I can't believe no one is calling out Elon about this what an idiot he said it would only cost 6 billion to end world hunger and he just spent 44 billion on an app .,1,,twitter
4,It&#39;s fine he will easily skank 44 billions off pay pal,https://www.youtube.com/watch?v=AcOQNgXv8E0&lc=Ugxqn7mmbpFUDAeAvU14AaABAg,2022-11-02T05:37:53Z,It's fine he will easily skank 44 billions off pay pal,0,,twitter
5,Id of called the video&quot;elon had his pants pulled down&quot;,https://www.youtube.com/watch?v=AcOQNgXv8E0&lc=UgwzNaJvWH5gJCFYK_B4AaABAg,2022-11-02T05:36:52Z,"Id of called the video""elon had his pants pulled down""",1,,twitter
6,Will my ludicrously unfair lifetime ban be reversed now then elon?,https://www.youtube.com/watch?v=AcOQNgXv8E0&lc=Ugz1ONHHKki_erbHdGh4AaABAg,2022-11-02T05:31:26Z,Will my ludicrously unfair lifetime ban be reversed now then elon?,0,,twitter
7,"So the CIA now owns Twitter.  It figures, they control most mass media.",https://www.youtube.com/watch?v=AcOQNgXv8E0&lc=UgycLGLqzHBWAekuj7l4AaABAg,2022-11-01T23:42:57Z,"So the CIA now owns Twitter.  It figures, they control most mass media.",0,,twitter
8,"BBC must hate this, information without heavy editing AKA woke censorship",https://www.youtube.com/watch?v=AcOQNgXv8E0&lc=UgwAnmzPuXOafx15WPB4AaABAg,2022-11-01T10:35:28Z,"BBC must hate this, information without heavy editing AKA woke censorship",0,,twitter
9,Can&#39;t say if the bird is freed or caged !,https://www.youtube.com/watch?v=AcOQNgXv8E0&lc=UgzifH0vhtzk_Lom2i14AaABAg,2022-11-01T06:30:15Z,Can't say if the bird is freed or caged !,1,,twitter
10,I love how Bidens tweets are now fact checked and he is exposed as a liar for the whole world to see.,https://www.youtube.com/watch?v=AcOQNgXv8E0&lc=UgzHaFL8befFKOmswSR4AaABAg,2022-10-31T20:43:59Z,I love how Bidens tweets are now fact checked and he is exposed as a liar for the whole world to see.,0,,twitter
11,"Lol The main BCC points.    Musk is going to impose his right wing view of free speech.  He&#39;s going to let Trump back in. No mention of the reason he tried to pull out of the deal, which was a gross understating of the false accounts. (who can&#39;t be charged the $20). Fuck you BBC, you will never learn.",https://www.youtube.com/watch?v=AcOQNgXv8E0&lc=UgzGoE83Fi8S5Oz1b614AaABAg,2022-10-31T14:49:03Z,"Lol The main BCC points.    Musk is going to impose his right wing view of free speech.  He's going to let Trump back in. No mention of the reason he tried to pull out of the deal, which was a gross understating of the false accounts. (who can't be charged the $20). Fuck you BBC, you will never learn.",0,,twitter
12,YET ANOTHER Phallic ERROR.   just like his Thailand Cave rescue idea.,https://www.youtube.com/watch?v=AcOQNgXv8E0&lc=UgxZnN9RjUHGzVvTSRp4AaABAg,2022-10-31T11:24:19Z,YET ANOTHER Phallic ERROR.   just like his Thailand Cave rescue idea.,1,,twitter
13,Elon is a master NUTTER NUT-CASE,https://www.youtube.com/watch?v=AcOQNgXv8E0&lc=UgzpWsU3AX94-ymfd3Z4AaABAg,2022-10-31T11:21:24Z,Elon is a master NUTTER NUT-CASE,1,,twitter
14,Jai Shri Ram Raja Ram,https://www.youtube.com/watch?v=AcOQNgXv8E0&lc=Ugw7R0A4MxLNg6yQGrV4AaABAg,2022-10-31T05:44:55Z,Jai Shri Ram Raja Ram,0,,twitter
15,"He bought a lemon and now he&#39;s floundering around trying to figure out how much sugar it takes to make lemonade.  After that silly stunt with the sink I was wondering if he hadn&#39;t made a typo when he announced his new Twitter name as , &quot;Chief Twit&quot;.",https://www.youtube.com/watch?v=AcOQNgXv8E0&lc=Ugxa9b-aYrppsnxuLmN4AaABAg,2022-10-31T05:10:08Z,"He bought a lemon and now he's floundering around trying to figure out how much sugar it takes to make lemonade.  After that silly stunt with the sink I was wondering if he hadn't made a typo when he announced his new Twitter name as , ""Chief Twit"".",1,,twitter
16,"BBC, your virtue signalling, vapid, and sycophantic  colleagues have lost their woke echo chamber and you don&#39;t like it! Let that sink in!",https://www.youtube.com/watch?v=AcOQNgXv8E0&lc=UgyQQ8MJAnuBYLL20K54AaABAg,2022-10-31T01:24:53Z,"BBC, your virtue signalling, vapid, and sycophantic  colleagues have lost their woke echo chamber and you don't like it! Let that sink in!",0,,twitter
17,"BBC you make me sick!!!!!! First you make no attempt here to say why Musk stalled in buying Twitter then proceeded to throw Trump into the equation! Curl up and die BBC, please.",https://www.youtube.com/watch?v=AcOQNgXv8E0&lc=UgxgVntOnklBOi2HwDV4AaABAg,2022-10-31T01:21:48Z,"BBC you make me sick!!!!!! First you make no attempt here to say why Musk stalled in buying Twitter then proceeded to throw Trump into the equation! Curl up and die BBC, please.",0,,twitter
18,CONGRATULATIONS Mr Musk! Toot Toot!,https://www.youtube.com/watch?v=AcOQNgXv8E0&lc=UgyZIXmuF-LUtxc__iN4AaABAg,2022-10-30T22:15:18Z,CONGRATULATIONS Mr Musk! Toot Toot!,0,,twitter
19,Hope he facilitates free speech on social media,https://www.youtube.com/watch?v=AcOQNgXv8E0&lc=Ugxk9nbrUOQfOxYiqw54AaABAg,2022-10-30T19:33:55Z,Hope he facilitates free speech on social media,0,,twitter
20,BBC bbc   😁😁😁😁🎃😜,https://www.youtube.com/watch?v=AcOQNgXv8E0&lc=UgztCSyRP3psjuabKgN4AaABAg,2022-10-30T16:25:02Z,BBC bbc   😁😁😁😁🎃😜,0,,twitter
21,Richest bully siding with Trump and Putin will show how to be an endorsed bully. Adults who were bullied as kids often turn out to be bitter bullies. Is bully equal power in today’s world?,https://www.youtube.com/watch?v=AcOQNgXv8E0&lc=UgxnYgV4WjkzYlLXh3h4AaABAg,2022-10-30T15:59:59Z,Richest bully siding with Trump and Putin will show how to be an endorsed bully. Adults who were bullied as kids often turn out to be bitter bullies. Is bully equal power in today’s world?,2,,twitter
22,It should be illegal to be a billionaire.,https://www.youtube.com/watch?v=AcOQNgXv8E0&lc=UgzItHqdA9YnXhNX4hR4AaABAg,2022-10-30T14:17:16Z,It should be illegal to be a billionaire.,0,,twitter
23,He only come back in because backing out would have cost him his richest man of the world title and the lawsuit would have cost him more than money.,https://www.youtube.com/watch?v=AcOQNgXv8E0&lc=UgzKFyQe-kINs4z7BQd4AaABAg,2022-10-30T13:34:44Z,He only come back in because backing out would have cost him his richest man of the world title and the lawsuit would have cost him more than money.,1,,twitter
24,"No matter how sick of mind you are, if you have the $$$$, you can buy anything your little broken heart and mind desire...🤮🤮🤮",https://www.youtube.com/watch?v=AcOQNgXv8E0&lc=UgxVgApgtcuVKWp2ifx4AaABAg,2022-10-30T12:46:50Z,"No matter how sick of mind you are, if you have the $$$$, you can buy anything your little broken heart and mind desire...🤮🤮🤮",0,,twitter
25,"What&#39;s the big deal?about Elon?  Shouldn&#39;t ,kam the sham, or that bloke whoopie<br>Goldberg ( not real name) she/ he,WHATEVER IT IS   changed it to a Jewish name to get into jew Hollywood another fact , shouldn&#39;t all these be proud  of ,,,THE RICHEST MAN INTHE WORLD A ,,,FACT. AFRICAN AMERICAN,,!!!!!!!   YES AFRICAN AMERICAN   HAS TOOK OVER A LEGIT COMPANY  OR ARE CORRUPT PEOPLE POOING THEIR PANTS UMMM YOU DECIDE ..",https://www.youtube.com/watch?v=AcOQNgXv8E0&lc=UgxJLWG8r46qmsytoJt4AaABAg,2022-10-30T12:42:41Z,"What's the big deal?about Elon?  Shouldn't ,kam the sham, or that bloke whoopie
Goldberg ( not real name) she/ he,WHATEVER IT IS   changed it to a Jewish name to get into jew Hollywood another fact , shouldn't all these be proud  of ,,,THE RICHEST MAN INTHE WORLD A ,,,FACT. AFRICAN AMERICAN,,!!!!!!!   YES AFRICAN AMERICAN   HAS TOOK OVER A LEGIT COMPANY  OR ARE CORRUPT PEOPLE POOING THEIR PANTS UMMM YOU DECIDE ..",0,,twitter
26,"Also, it means Twitter will no longer play a political part of hiding the Hunter laptop fiasco.<br>Failed to mention that you did BBC. Care to explain why?",https://www.youtube.com/watch?v=AcOQNgXv8E0&lc=Ugw6rP-0gBTT3xYsZyd4AaABAg,2022-10-30T12:24:36Z,"Also, it means Twitter will no longer play a political part of hiding the Hunter laptop fiasco.
Failed to mention that you did BBC. Care to explain why?",0,,twitter
27,"&quot;Reeeeeeee we&#39;re leaving Twitter!&quot;<br><b>6 months later, in French (Spongebob reference)</b><br>&quot;Reeeeee!! I&#39;m still leaving Twitter!&quot;",https://www.youtube.com/watch?v=AcOQNgXv8E0&lc=UgwKds4O3d3-yWU42px4AaABAg,2022-10-30T12:20:39Z,"""Reeeeeeee we're leaving Twitter!""
*6 months later, in French (Spongebob reference)*
""Reeeeee!! I'm still leaving Twitter!""",0,,twitter
28,funny,https://www.youtube.com/watch?v=AcOQNgXv8E0&lc=UgwKds4O3d3-yWU42px4AaABAg.9ho6tAD_Oel9hoJPaVSey3,2022-10-30T14:10:05Z,funny,0,UgwKds4O3d3-yWU42px4AaABAg,twitter
29,"Hilarious the twitter lady who banned sir DONALD TRUMP  has been lol 😆 🤣 😂 FIRED by sir musk well done no sympathy when people&#39;s livings are ruined by banning there  accounts .why the  big deal  cnn,tve view,,cnbc etc FREE SPEECH right ???   The answer in the name ,,  FREE SPEECH,,,,,, only corrupt people( dems)  panicking I presume   sherlock!    Lol 🇬🇧",https://www.youtube.com/watch?v=AcOQNgXv8E0&lc=UgzrtD3aaRZuIPvUk4d4AaABAg,2022-10-30T10:24:17Z,"Hilarious the twitter lady who banned sir DONALD TRUMP  has been lol 😆 🤣 😂 FIRED by sir musk well done no sympathy when people's livings are ruined by banning there  accounts .why the  big deal  cnn,tve view,,cnbc etc FREE SPEECH right ???   The answer in the name ,,  FREE SPEECH,,,,,, only corrupt people( dems)  panicking I presume   sherlock!    Lol 🇬🇧",1,,twitter
30,Can we have JORDAN PETERSON back,https://www.youtube.com/watch?v=AcOQNgXv8E0&lc=Ugwzp5z803VrF3sTLGN4AaABAg,2022-10-30T08:47:05Z,Can we have JORDAN PETERSON back,0,,twitter
31,The Tech Leaders of the Future.? * APCX... AppTech Payment Corp. Only 16 Million Shares. New Oct 24 th Launch of First to Market Superior CXS Cloud-based Fintech Platform. * IQSTEL. 5 Divisions. New EVOSS Motorcycles/Cars. * ALPP.. Up 35 % week. 11 Subsidiaries. New $ 100 Million Drone Manuf Contract. * GEGR.. 42 % Gain Fri. 17 Co&#39;s in 1. Gaensel Energy Group.,https://www.youtube.com/watch?v=AcOQNgXv8E0&lc=Ugwy0enTKjqTfDnNnzJ4AaABAg,2022-10-30T07:20:49Z,The Tech Leaders of the Future.? * APCX... AppTech Payment Corp. Only 16 Million Shares. New Oct 24 th Launch of First to Market Superior CXS Cloud-based Fintech Platform. * IQSTEL. 5 Divisions. New EVOSS Motorcycles/Cars. * ALPP.. Up 35 % week. 11 Subsidiaries. New $ 100 Million Drone Manuf Contract. * GEGR.. 42 % Gain Fri. 17 Co's in 1. Gaensel Energy Group.,1,,twitter
32,Elon musk has removed all Rajat Gupta type hindus from his acquisition Twitter. Well that&#39;s a major win.,https://www.youtube.com/watch?v=AcOQNgXv8E0&lc=UgyWnoV_DMihQEtoiZB4AaABAg,2022-10-30T04:29:02Z,Elon musk has removed all Rajat Gupta type hindus from his acquisition Twitter. Well that's a major win.,0,,twitter
33,Go back to Mars. .,https://www.youtube.com/watch?v=AcOQNgXv8E0&lc=UgwXb4v8DW_8zCp1hDt4AaABAg,2022-10-30T02:26:38Z,Go back to Mars. .,0,,twitter
34,"LOVE, LAUGHTER, DANCE, COMEDY AND MUSIC IS WONDERFUL GIFT OF ALMIGHTY GOD 🙏🙏🙏🙏❤️",https://www.youtube.com/watch?v=AcOQNgXv8E0&lc=Ugwv_dZQ1YWytwwuZtV4AaABAg,2022-10-29T23:52:53Z,"LOVE, LAUGHTER, DANCE, COMEDY AND MUSIC IS WONDERFUL GIFT OF ALMIGHTY GOD 🙏🙏🙏🙏❤️",1,,twitter
35,"Life is a Wonderful Opportunity 💕 and an Amazing Journey ❤️.It must be Appreciated and Celebrated Happily, Hopefully And Abundantly.",https://www.youtube.com/watch?v=AcOQNgXv8E0&lc=UgyeqRYimOtJesnakZB4AaABAg,2022-10-29T23:48:56Z,"Life is a Wonderful Opportunity 💕 and an Amazing Journey ❤️.It must be Appreciated and Celebrated Happily, Hopefully And Abundantly.",1,,twitter
36,The Bird is Free! Go Elon!,https://www.youtube.com/watch?v=AcOQNgXv8E0&lc=UgwhV6TPINx6YNFH1Al4AaABAg,2022-10-29T23:34:22Z,The Bird is Free! Go Elon!,1,,twitter
37,🤠🤠🤠🤠🤠🤠🤠🤠😎😎😎😎😎😎,https://www.youtube.com/watch?v=AcOQNgXv8E0&lc=UgwL0p0pFQtSTCMvFIl4AaABAg,2022-10-29T21:59:58Z,🤠🤠🤠🤠🤠🤠🤠🤠😎😎😎😎😎😎,0,,twitter
38,dumbass he could of just got it off the App Store for free🤡,https://www.youtube.com/watch?v=AcOQNgXv8E0&lc=Ugzye8fWjG60JJMW-up4AaABAg,2022-10-29T21:40:11Z,dumbass he could of just got it off the App Store for free🤡,1,,twitter
39,Could have solved world hunger but and edit button was more pressing!,https://www.youtube.com/watch?v=AcOQNgXv8E0&lc=UgwScreG0IO3P5I-FO54AaABAg,2022-10-29T21:25:37Z,Could have solved world hunger but and edit button was more pressing!,1,,twitter
40,Charismatic Leadership of Elon Musk will focus widely Twitter near future and it can fuck properly to google and facebook for their so-called worst &amp; dirty privacy and security related drama,https://www.youtube.com/watch?v=AcOQNgXv8E0&lc=UgwwK6IvZFmqjTA3uaB4AaABAg,2022-10-29T19:14:31Z,Charismatic Leadership of Elon Musk will focus widely Twitter near future and it can fuck properly to google and facebook for their so-called worst & dirty privacy and security related drama,0,,twitter
41,worlds richest choad,https://www.youtube.com/watch?v=AcOQNgXv8E0&lc=UgxmnH8pCxdBztNjL214AaABAg,2022-10-29T19:06:22Z,worlds richest choad,0,,twitter
42,"l will like you to know about toprank asset management, it&#39;s registered and certified. Contact  me with the details above of me",https://www.youtube.com/watch?v=AcOQNgXv8E0&lc=UgzpBwVUo-nE5yjD1EJ4AaABAg,2022-10-29T18:56:29Z,"l will like you to know about toprank asset management, it's registered and certified. Contact  me with the details above of me",0,,twitter
43,Hello,https://www.youtube.com/watch?v=AcOQNgXv8E0&lc=UgwT2U1fTacM8e8pHgd4AaABAg,2022-10-29T18:48:46Z,Hello,1,,twitter
44,i live the way he sacked most of the board chinese style lol.,https://www.youtube.com/watch?v=AcOQNgXv8E0&lc=UgxInxlXphky-eVgRgd4AaABAg,2022-10-29T18:04:45Z,i live the way he sacked most of the board chinese style lol.,0,,twitter
45,love,https://www.youtube.com/watch?v=AcOQNgXv8E0&lc=UgxInxlXphky-eVgRgd4AaABAg.9hm9TUvZots9hm9UraMw8i,2022-10-29T18:04:56Z,love,0,UgxInxlXphky-eVgRgd4AaABAg,twitter
46,<b>THERE IS A SIMPLE REMEDY TO ELON MUSK AND HIS TWITTER PURCHASE: DELETE YOUR TWITTER ACCOUNTS - and for-sure pass on buying Elon Musk cars and products; not doing so just makes you a contributor to what you say you detest. Resist the devil and he will go away...</b>,https://www.youtube.com/watch?v=AcOQNgXv8E0&lc=Ugxj0938Or8U3k-Mdih4AaABAg,2022-10-29T17:10:02Z,*THERE IS A SIMPLE REMEDY TO ELON MUSK AND HIS TWITTER PURCHASE: DELETE YOUR TWITTER ACCOUNTS - and for-sure pass on buying Elon Musk cars and products; not doing so just makes you a contributor to what you say you detest. Resist the devil and he will go away...*,0,,twitter
47,Change is good here I think.,https://www.youtube.com/watch?v=AcOQNgXv8E0&lc=UgyuiOySSyhgVcZK0ut4AaABAg,2022-10-29T17:06:37Z,Change is good here I think.,1,,twitter
48,Elon musk is a great business man So far I see an honest man something BBC has not been able to do honesty is not there policy,https://www.youtube.com/watch?v=AcOQNgXv8E0&lc=UgzaUyVCaxkUUWCf3Y54AaABAg,2022-10-29T16:28:07Z,Elon musk is a great business man So far I see an honest man something BBC has not been able to do honesty is not there policy,1,,twitter
49,"And next he will purge the wokeforce. Pity he hasn’t bought the BBC and purged them of their woke nonsense too, but the BBC is worthless.",https://www.youtube.com/watch?v=AcOQNgXv8E0&lc=UgxLmvWY8z0pgVvo_qp4AaABAg,2022-10-29T16:13:28Z,"And next he will purge the wokeforce. Pity he hasn’t bought the BBC and purged them of their woke nonsense too, but the BBC is worthless.",0,,twitter
0,Free speech everybody says i see it as a hungry company looking to make money easy,https://www.youtube.com/watch?v=62nPESkc8OE&lc=Ugy0a487rXSLd4oX-Hh4AaABAg,2022-10-31T13:43:57Z,Free speech everybody says i see it as a hungry company looking to make money easy,0,,twitter
1,mmmm it might work out or not who knows who knows i don&#39;t really care because i don&#39;t use Twitter,https://www.youtube.com/watch?v=62nPESkc8OE&lc=UgxZqB-hPArqpahwFfJ4AaABAg,2022-10-31T13:43:05Z,mmmm it might work out or not who knows who knows i don't really care because i don't use Twitter,0,,twitter
2,Yeahhhhhh they get a pay day....But they will be sued out of all that money soon. Mark my word,https://www.youtube.com/watch?v=62nPESkc8OE&lc=UgxFRipYGBvFgFxeYLt4AaABAg,2022-10-30T01:30:25Z,Yeahhhhhh they get a pay day....But they will be sued out of all that money soon. Mark my word,0,,twitter
3,Who cares if they need to be paid to GTFO. They need to GTFO.,https://www.youtube.com/watch?v=62nPESkc8OE&lc=UgylXcKG1ktmuBNxWv14AaABAg,2022-10-29T05:18:52Z,Who cares if they need to be paid to GTFO. They need to GTFO.,1,,twitter
4,That&#39;s in the contract so it&#39;s just a process.,https://www.youtube.com/watch?v=62nPESkc8OE&lc=UgylXcKG1ktmuBNxWv14AaABAg.9hkmp0UaeeV9hmq39bgvJI,2022-10-30T00:25:38Z,That's in the contract so it's just a process.,0,UgylXcKG1ktmuBNxWv14AaABAg,twitter
5,The bird is freed and the trash is out the door 👍👍hat off for Elon.,https://www.youtube.com/watch?v=62nPESkc8OE&lc=UgyQLg3VZxBXB9Gcp3d4AaABAg,2022-10-29T03:13:01Z,The bird is freed and the trash is out the door 👍👍hat off for Elon.,0,,twitter
6,It&#39;s an heroic and philanthropic act  In the end I think he took the overpriced deal to establish that fact. The bird is free. He could have haggled about the price of freedom and nearly did. But we all know the  price of freedom. Its in folklore for a reason. That&#39;s why it&#39;s an heroic act.,https://www.youtube.com/watch?v=62nPESkc8OE&lc=UgyQLg3VZxBXB9Gcp3d4AaABAg.9hkZQBeYHnw9hmpe2P8iUi,2022-10-30T00:22:04Z,It's an heroic and philanthropic act  In the end I think he took the overpriced deal to establish that fact. The bird is free. He could have haggled about the price of freedom and nearly did. But we all know the  price of freedom. Its in folklore for a reason. That's why it's an heroic act.,0,UgyQLg3VZxBXB9Gcp3d4AaABAg,twitter
7,Heres hoping that Musk exposes EVERYTHING.,https://www.youtube.com/watch?v=62nPESkc8OE&lc=UgzkF2LPcQB4GzJdEr94AaABAg,2022-10-29T03:07:47Z,Heres hoping that Musk exposes EVERYTHING.,1,,twitter
8,He&#39;ll get the job done. I think his anger was with Parag. He&#39;ll just execute his plan... But he will execute anyone who stands in his way. So don&#39;t do that. Don&#39;t stand in the way. Bad idea. The bird is free. The Genie out the bottle. St George slayed the beast. It&#39;s the classic heroic tale that resounds down history.,https://www.youtube.com/watch?v=62nPESkc8OE&lc=UgzkF2LPcQB4GzJdEr94AaABAg.9hkYoyR8juE9hmpyeQ7e2N,2022-10-30T00:24:53Z,He'll get the job done. I think his anger was with Parag. He'll just execute his plan... But he will execute anyone who stands in his way. So don't do that. Don't stand in the way. Bad idea. The bird is free. The Genie out the bottle. St George slayed the beast. It's the classic heroic tale that resounds down history.,0,UgzkF2LPcQB4GzJdEr94AaABAg,twitter
9,"I reactivated my twitter account today, go Elon!",https://www.youtube.com/watch?v=62nPESkc8OE&lc=UgwwUt9Of9f24DZkGEV4AaABAg,2022-10-28T21:40:48Z,"I reactivated my twitter account today, go Elon!",2,,twitter
10,Twitter is a cesspool.  Just shut it down.,https://www.youtube.com/watch?v=62nPESkc8OE&lc=UgzlzOzzgO6zZzoMKUx4AaABAg,2022-10-28T21:37:58Z,Twitter is a cesspool.  Just shut it down.,0,,twitter
11,They did a good job with Musk&#39;s hair transplant.,https://www.youtube.com/watch?v=62nPESkc8OE&lc=Ugya5X9vYbhPPv24_yJ4AaABAg,2022-10-28T21:33:30Z,They did a good job with Musk's hair transplant.,0,,twitter
12,"This guy is supposed to be smart, why WASTE $44 Billion on a Social Media company? <br>Personally, I think this going to end badly when all the &quot;freedom of speech&quot; tweets come back to bite people in the ASS.",https://www.youtube.com/watch?v=62nPESkc8OE&lc=UgzvFduJwdWbAzl4VIR4AaABAg,2022-10-28T21:05:20Z,"This guy is supposed to be smart, why WASTE $44 Billion on a Social Media company? 
Personally, I think this going to end badly when all the ""freedom of speech"" tweets come back to bite people in the ASS.",0,,twitter
13,Good things are happening for America! More things coming. Red wave 2022,https://www.youtube.com/watch?v=62nPESkc8OE&lc=Ugw_WznbqtgMH1-AMJ14AaABAg,2022-10-28T20:09:45Z,Good things are happening for America! More things coming. Red wave 2022,1,,twitter
14,once twitter goes public again it will be at least $100 stock,https://www.youtube.com/watch?v=62nPESkc8OE&lc=UgwacjlXLggBmKJnEeZ4AaABAg,2022-10-28T19:32:50Z,once twitter goes public again it will be at least $100 stock,5,,twitter
15,Nah. Not once twitter goes public again. Not “once twitter goes public again.” /,https://www.youtube.com/watch?v=62nPESkc8OE&lc=UgwacjlXLggBmKJnEeZ4AaABAg.9hjjkp7xtrr9hjoOwS34Xj,2022-10-28T20:13:24Z,Nah. Not once twitter goes public again. Not “once twitter goes public again.” /,0,UgwacjlXLggBmKJnEeZ4AaABAg,twitter
16,Yeah fire the Marxist communist employees👍,https://www.youtube.com/watch?v=62nPESkc8OE&lc=UgxcCC0leg1qK6jpDMZ4AaABAg,2022-10-28T19:31:42Z,Yeah fire the Marxist communist employees👍,0,,twitter
17,A new broom sweep’s clean…,https://www.youtube.com/watch?v=62nPESkc8OE&lc=Ugzik__OFIlpFZMArwJ4AaABAg,2022-10-28T19:19:47Z,A new broom sweep’s clean…,2,,twitter
18,That Gadde broad was the worst. She needs to go home and play with her kids.,https://www.youtube.com/watch?v=62nPESkc8OE&lc=UgxUoGeKN6NyoRP427J4AaABAg,2022-10-28T18:42:19Z,That Gadde broad was the worst. She needs to go home and play with her kids.,4,,twitter
19,With herself I think!! Pretty sure that&#39;s her M.O. Musk has really slayed a beast here. It&#39;s an heroic tale.,https://www.youtube.com/watch?v=62nPESkc8OE&lc=UgxUoGeKN6NyoRP427J4AaABAg.9hjdym2NdOx9hmqvwzOpaz,2022-10-30T00:33:15Z,With herself I think!! Pretty sure that's her M.O. Musk has really slayed a beast here. It's an heroic tale.,1,UgxUoGeKN6NyoRP427J4AaABAg,twitter
20,"@markthomas7279 Watch the 3 hour long Joe Rogan, Tim Pool, Jack Dorsey and Gadde interview. She is such a coat holding bs artist. I&#39;m glad Elon fired her for banning The New York Post when they published the Hunter Biden laptop article. She gave Kamala 19k for her Presidential run. Her husband must be a simp.",https://www.youtube.com/watch?v=62nPESkc8OE&lc=UgxUoGeKN6NyoRP427J4AaABAg.9hjdym2NdOx9hmtGxv1knG,2022-10-30T00:53:44Z,"@markthomas7279 Watch the 3 hour long Joe Rogan, Tim Pool, Jack Dorsey and Gadde interview. She is such a coat holding bs artist. I'm glad Elon fired her for banning The New York Post when they published the Hunter Biden laptop article. She gave Kamala 19k for her Presidential run. Her husband must be a simp.",0,UgxUoGeKN6NyoRP427J4AaABAg,twitter
21,Those execs didn&#39;t deserve a single penny.,https://www.youtube.com/watch?v=62nPESkc8OE&lc=UgyPrHJRihkAyg2fvV94AaABAg,2022-10-28T18:35:18Z,Those execs didn't deserve a single penny.,15,,twitter
22,I use Twitter to pick up crazy christian women.,https://www.youtube.com/watch?v=62nPESkc8OE&lc=UgyNsN94QstgJyVHYyh4AaABAg,2022-10-28T18:25:54Z,I use Twitter to pick up crazy christian women.,4,,twitter
23,I think all the Christian women have been banned!!! I think you only been getting 50% of your deal!! Ie Crazy!!,https://www.youtube.com/watch?v=62nPESkc8OE&lc=UgyNsN94QstgJyVHYyh4AaABAg.9hjc5UYhnxU9hmqDYE0iwz,2022-10-30T00:27:03Z,I think all the Christian women have been banned!!! I think you only been getting 50% of your deal!! Ie Crazy!!,0,UgyNsN94QstgJyVHYyh4AaABAg,twitter
24,The executives got paid 600k/y plus salary. WTF,https://www.youtube.com/watch?v=62nPESkc8OE&lc=UgxyYqvClXCsBSqzdPJ4AaABAg,2022-10-28T18:12:42Z,The executives got paid 600k/y plus salary. WTF,11,,twitter
25,Will he be able to get government welfare like Tesla and SpaceX in order to keep it from going bankrupt?,https://www.youtube.com/watch?v=62nPESkc8OE&lc=Ugzhv8HpxiVXEUo_zTB4AaABAg,2022-10-28T18:08:48Z,Will he be able to get government welfare like Tesla and SpaceX in order to keep it from going bankrupt?,0,,twitter
26,A billionaire and his toys. Watch it all go down the pan,https://www.youtube.com/watch?v=62nPESkc8OE&lc=Ugyyl_AbYxnuK3mxgmR4AaABAg,2022-10-28T17:55:25Z,A billionaire and his toys. Watch it all go down the pan,6,,twitter
27,"Uh oh, someone&#39;s scared that right wingers can&#39;t be silenced on the leftist echo chamber anymore",https://www.youtube.com/watch?v=62nPESkc8OE&lc=Ugyyl_AbYxnuK3mxgmR4AaABAg.9hjZbDi2NIB9hjdY_9GRLO,2022-10-28T18:38:36Z,"Uh oh, someone's scared that right wingers can't be silenced on the leftist echo chamber anymore",0,Ugyyl_AbYxnuK3mxgmR4AaABAg,twitter
28,Even Winnie the Pooh could make a positive difference to Twitter. Musk is not Winnie the Pooh. He won&#39;t get the leverage of Tesla or Spacex but that&#39;s not the point.  Twitter was serving nefarious actors. Today the bird is free. That&#39;s an heroic tale that resounds with right thinking people. That&#39;s goodwill that can be turned into profit.,https://www.youtube.com/watch?v=62nPESkc8OE&lc=Ugyyl_AbYxnuK3mxgmR4AaABAg.9hjZbDi2NIB9hmqdJU8SZW,2022-10-30T00:30:42Z,Even Winnie the Pooh could make a positive difference to Twitter. Musk is not Winnie the Pooh. He won't get the leverage of Tesla or Spacex but that's not the point.  Twitter was serving nefarious actors. Today the bird is free. That's an heroic tale that resounds with right thinking people. That's goodwill that can be turned into profit.,0,Ugyyl_AbYxnuK3mxgmR4AaABAg,twitter
29,Make assumsuptions about what Elon will and might do is stupid. <br><br>Stop being shity Comminist reporters,https://www.youtube.com/watch?v=62nPESkc8OE&lc=UgwgZ5JFTBX8218oD-d4AaABAg,2022-10-28T17:28:18Z,"Make assumsuptions about what Elon will and might do is stupid. 

Stop being shity Comminist reporters",0,,twitter
30,"I honestly feel he has wasted a lot and a lot money , not sure if he can ever get back all of this 44 b…it could turn out like how Google lost money on Motorola and Microsoft on Nokia.",https://www.youtube.com/watch?v=62nPESkc8OE&lc=Ugz_CVqNPvDhz7a21dR4AaABAg,2022-10-28T17:23:09Z,"I honestly feel he has wasted a lot and a lot money , not sure if he can ever get back all of this 44 b…it could turn out like how Google lost money on Motorola and Microsoft on Nokia.",7,,twitter
31,"yea terrible investment, but i think its pretty cool he owns it now. hopefully he can get more profits for the company and make more money from it",https://www.youtube.com/watch?v=62nPESkc8OE&lc=Ugz_CVqNPvDhz7a21dR4AaABAg.9hjVuuWxqHC9hj_2jPPh9K,2022-10-28T17:59:18Z,"yea terrible investment, but i think its pretty cool he owns it now. hopefully he can get more profits for the company and make more money from it",3,Ugz_CVqNPvDhz7a21dR4AaABAg,twitter
32,0,https://www.youtube.com/watch?v=62nPESkc8OE&lc=Ugz_CVqNPvDhz7a21dR4AaABAg.9hjVuuWxqHC9hjcaLF3ZqL,2022-10-28T18:30:15Z,0,0,Ugz_CVqNPvDhz7a21dR4AaABAg,twitter
33,Twitter has become the microphone for dialogue around the country. Not to everyone but a subset. He know owns one of the largest media platforms in the world. I expect it to double in value,https://www.youtube.com/watch?v=62nPESkc8OE&lc=Ugz_CVqNPvDhz7a21dR4AaABAg.9hjVuuWxqHC9hjn-eniGgq,2022-10-28T20:01:13Z,Twitter has become the microphone for dialogue around the country. Not to everyone but a subset. He know owns one of the largest media platforms in the world. I expect it to double in value,0,Ugz_CVqNPvDhz7a21dR4AaABAg,twitter
34,"IMHO I think he has a good chance of turning things around at twitter.  The biggest thing is that Elon Musk fans will pay for a premium Twitter account,  that&#39;ll rake in a shed load of money.  Disclaimer I&#39;m a fully signed up card carrying member of the cult of Elon Musk and will be signing up to the new version of Twitter!  🤣",https://www.youtube.com/watch?v=62nPESkc8OE&lc=Ugz_CVqNPvDhz7a21dR4AaABAg.9hjVuuWxqHC9hjndI2hS3M,2022-10-28T20:06:46Z,"IMHO I think he has a good chance of turning things around at twitter.  The biggest thing is that Elon Musk fans will pay for a premium Twitter account,  that'll rake in a shed load of money.  Disclaimer I'm a fully signed up card carrying member of the cult of Elon Musk and will be signing up to the new version of Twitter!  🤣",0,Ugz_CVqNPvDhz7a21dR4AaABAg,twitter
35,He’s that rich he bought it just because he wanted it! He doesn’t care about the $ on this one 😂,https://www.youtube.com/watch?v=62nPESkc8OE&lc=Ugz_CVqNPvDhz7a21dR4AaABAg.9hjVuuWxqHC9hjqpe6_c79,2022-10-28T20:34:40Z,He’s that rich he bought it just because he wanted it! He doesn’t care about the $ on this one 😂,1,Ugz_CVqNPvDhz7a21dR4AaABAg,twitter
36,Go read his statement. He bought it to bring the balance back between the exchange of ideas. No longer is it solely leaning left.,https://www.youtube.com/watch?v=62nPESkc8OE&lc=Ugz_CVqNPvDhz7a21dR4AaABAg.9hjVuuWxqHC9hkn0WLnV2r,2022-10-29T05:20:34Z,Go read his statement. He bought it to bring the balance back between the exchange of ideas. No longer is it solely leaning left.,1,Ugz_CVqNPvDhz7a21dR4AaABAg,twitter
37,He overpaid to free the bird. It is actually heroic. Let that sink in!!,https://www.youtube.com/watch?v=62nPESkc8OE&lc=Ugz_CVqNPvDhz7a21dR4AaABAg.9hjVuuWxqHC9hmoPsNX7eJ,2022-10-30T00:11:15Z,He overpaid to free the bird. It is actually heroic. Let that sink in!!,0,Ugz_CVqNPvDhz7a21dR4AaABAg,twitter
38,"@X5493-c7p when things are this bad, Winnie the Pooh could make a positive difference. Elon Musk is not Winnie the Pooh. Change will be immediate based on focus on customers and customer value / profit.",https://www.youtube.com/watch?v=62nPESkc8OE&lc=Ugz_CVqNPvDhz7a21dR4AaABAg.9hjVuuWxqHC9hmoeHY80dy,2022-10-30T00:13:22Z,"@X5493-c7p when things are this bad, Winnie the Pooh could make a positive difference. Elon Musk is not Winnie the Pooh. Change will be immediate based on focus on customers and customer value / profit.",0,Ugz_CVqNPvDhz7a21dR4AaABAg,twitter
39,@eveevolution1607 w<br>Would be his right but is wrong. He bought Twitter to free the bird.That is an heroic act and an inspiration for the future. Let that sink in!!!,https://www.youtube.com/watch?v=62nPESkc8OE&lc=Ugz_CVqNPvDhz7a21dR4AaABAg.9hjVuuWxqHC9hmooZVnU0s,2022-10-30T00:14:46Z,"@eveevolution1607 w
Would be his right but is wrong. He bought Twitter to free the bird.That is an heroic act and an inspiration for the future. Let that sink in!!!",0,Ugz_CVqNPvDhz7a21dR4AaABAg,twitter
40,@RH-lg9uc I think in time yes. But the leverage is far less than Tesla and Spacex. This is an heroic and philanthropic act. The bird is free. That&#39;s an inspirational message that chimes with right thinking people. Goodwill is the basis of profitability. Any profit would be a radical change for Twitter.,https://www.youtube.com/watch?v=62nPESkc8OE&lc=Ugz_CVqNPvDhz7a21dR4AaABAg.9hjVuuWxqHC9hmp9ZrJu2L,2022-10-30T00:17:46Z,@RH-lg9uc I think in time yes. But the leverage is far less than Tesla and Spacex. This is an heroic and philanthropic act. The bird is free. That's an inspirational message that chimes with right thinking people. Goodwill is the basis of profitability. Any profit would be a radical change for Twitter.,0,Ugz_CVqNPvDhz7a21dR4AaABAg,twitter
41,Yay! this is a great day for America and Freedom 👍👍❤❤,https://www.youtube.com/watch?v=62nPESkc8OE&lc=Ugz6wuq3ZOsZBwsSbb94AaABAg,2022-10-28T17:22:45Z,Yay! this is a great day for America and Freedom 👍👍❤❤,15,,twitter
42,Musk overpaid for Twitter. Now let&#39;s see him run it to the ground.,https://www.youtube.com/watch?v=62nPESkc8OE&lc=UgyFVkm5bRSSiE3qc9J4AaABAg,2022-10-28T17:15:55Z,Musk overpaid for Twitter. Now let's see him run it to the ground.,1,,twitter
0,😂,https://www.youtube.com/watch?v=SKSsnsAEcn8&lc=UgygI-RjL9HONSGyEqJ4AaABAg,2025-05-13T05:19:41Z,😂,0,,twitter
1,Intelligent man vs a BBC moron,https://www.youtube.com/watch?v=SKSsnsAEcn8&lc=Ugwl_OhN72DAI98dDMN4AaABAg,2025-03-22T01:27:27Z,Intelligent man vs a BBC moron,1,,twitter
2,"That’s not Elon Musk, is it??😕",https://www.youtube.com/watch?v=SKSsnsAEcn8&lc=UgxXF0UkAKggARPtOQp4AaABAg,2025-03-16T16:37:35Z,"That’s not Elon Musk, is it??😕",0,,twitter
3,"Edited by BBC. If you watch the full interview Elon mentally dominates this tool by turning the tables and asking him to give one example of hate speech he claims he has seen on twitter , and the douchebag couldn’t give one example. Elon is all about free speech and freedom. While the bbc is all policing and suppressing free speech.",https://www.youtube.com/watch?v=SKSsnsAEcn8&lc=UgyLGMAm7SUqjMtiBWh4AaABAg,2025-03-16T04:43:40Z,"Edited by BBC. If you watch the full interview Elon mentally dominates this tool by turning the tables and asking him to give one example of hate speech he claims he has seen on twitter , and the douchebag couldn’t give one example. Elon is all about free speech and freedom. While the bbc is all policing and suppressing free speech.",0,,twitter
4,Pathetic bbc heavily edited as usual,https://www.youtube.com/watch?v=SKSsnsAEcn8&lc=UgxuIRdRUhOk-HcZGVx4AaABAg,2025-02-27T00:08:45Z,Pathetic bbc heavily edited as usual,0,,twitter
5,Now these liberal softies are in fact the real “Dreamers.” You are kidding yourself if you wouldn’t do the same! God Bless America and God Bless Elon Musk!,https://www.youtube.com/watch?v=SKSsnsAEcn8&lc=UgxRS4eGuPZwD-c-ToZ4AaABAg,2025-02-26T02:20:22Z,Now these liberal softies are in fact the real “Dreamers.” You are kidding yourself if you wouldn’t do the same! God Bless America and God Bless Elon Musk!,0,,twitter
6,BBC funded by USSAID. <br>A despicable bias bought and paid for by the leftist nutwacks,https://www.youtube.com/watch?v=SKSsnsAEcn8&lc=UgywtAj65wGYWUsEx494AaABAg,2025-02-14T20:27:55Z,"BBC funded by USSAID. 
A despicable bias bought and paid for by the leftist nutwacks",0,,twitter
7,INTETACIAL,https://www.youtube.com/watch?v=SKSsnsAEcn8&lc=Ugw4k4RNDG6hckwk1RJ4AaABAg,2025-02-14T00:47:33Z,INTETACIAL,0,,twitter
8,Intettacial compilation,https://www.youtube.com/watch?v=SKSsnsAEcn8&lc=UgxnE2M-hi3Wtvj0G5h4AaABAg,2025-02-14T00:47:04Z,Intettacial compilation,0,,twitter
9,"The BBC is a joke.<br>It always has been hiding behind a veneer of respectability, while being crap",https://www.youtube.com/watch?v=SKSsnsAEcn8&lc=Ugx0OZXluGlfuqUY33d4AaABAg,2025-02-13T09:07:58Z,"The BBC is a joke.
It always has been hiding behind a veneer of respectability, while being crap",0,,twitter
10,So lets get down to bullshi,https://www.youtube.com/watch?v=SKSsnsAEcn8&lc=Ugz1V15FI7tV3s-hz7N4AaABAg,2025-01-29T03:15:08Z,So lets get down to bullshi,0,,twitter
11,Convenient that all the moments that embarrassed the BBC were cut and the whole comment section knows .....the interview was live. BBC you are ridiculous,https://www.youtube.com/watch?v=SKSsnsAEcn8&lc=UgyxETXl8QNBGpoj-nh4AaABAg,2025-01-21T05:35:53Z,Convenient that all the moments that embarrassed the BBC were cut and the whole comment section knows .....the interview was live. BBC you are ridiculous,1,,twitter
12,Where&#39;s &quot;you lied&quot;? Did you unpack that?,https://www.youtube.com/watch?v=SKSsnsAEcn8&lc=UgxW6Xjxn4alqVLwuDV4AaABAg,2025-01-12T17:58:12Z,"Where's ""you lied""? Did you unpack that?",1,,twitter
13,James Clayton epically failed this interview. Go Elon!,https://www.youtube.com/watch?v=SKSsnsAEcn8&lc=Ugyj_AxNg-KZakoJMZd4AaABAg,2025-01-10T01:49:38Z,James Clayton epically failed this interview. Go Elon!,0,,twitter
14,BBC lies😮 to cover its lies looool,https://www.youtube.com/watch?v=SKSsnsAEcn8&lc=UgxuN7-eD08YVwa8Uo14AaABAg,2025-01-09T18:35:05Z,BBC lies😮 to cover its lies looool,0,,twitter
15,How can a billionaire who has spent a small fortune on slimming products and procedures still look like a porker?,https://www.youtube.com/watch?v=SKSsnsAEcn8&lc=Ugw6fbyf7PJlizAHYe14AaABAg,2025-01-06T18:09:19Z,How can a billionaire who has spent a small fortune on slimming products and procedures still look like a porker?,0,,twitter
16,Thank god for Musk. Defending free speech. The BBC and British establishment want to censor and label everything they don’t like as misinformation and disinformation. Make Orwell fiction again!,https://www.youtube.com/watch?v=SKSsnsAEcn8&lc=Ugwu18Q2rOn1_CFNixR4AaABAg,2025-01-04T15:49:06Z,Thank god for Musk. Defending free speech. The BBC and British establishment want to censor and label everything they don’t like as misinformation and disinformation. Make Orwell fiction again!,0,,twitter
17,woke low iq = BBC,https://www.youtube.com/watch?v=SKSsnsAEcn8&lc=UgwxNuyaV2aAFD0NrNl4AaABAg,2025-01-03T14:23:15Z,woke low iq = BBC,0,,twitter
18,BBC - British Bullshit Communication 😂,https://www.youtube.com/watch?v=SKSsnsAEcn8&lc=UgxeL5cWktirfsJyWul4AaABAg,2024-12-18T08:18:10Z,BBC - British Bullshit Communication 😂,0,,twitter
19,BBC blow me.,https://www.youtube.com/watch?v=SKSsnsAEcn8&lc=UgxL6WVxFR_CX75O4Rh4AaABAg,2024-12-18T02:08:46Z,BBC blow me.,0,,twitter
20,"Likes: 6994<br><br>Dislikes: 62305",https://www.youtube.com/watch?v=SKSsnsAEcn8&lc=UgzBXUPlEu5D29zTwhZ4AaABAg,2024-12-16T13:13:00Z,"Likes: 6994

Dislikes: 62305",0,,twitter
21,Where is the full video.,https://www.youtube.com/watch?v=SKSsnsAEcn8&lc=Ugy_AAtFQ7p4pSxhHiJ4AaABAg,2024-12-09T10:08:46Z,Where is the full video.,0,,twitter
22,James Clayton is an idiot,https://www.youtube.com/watch?v=SKSsnsAEcn8&lc=UgyUFYTYTdGj50slvJd4AaABAg,2024-12-09T10:08:04Z,James Clayton is an idiot,1,,twitter
23,BBC showed this.,https://www.youtube.com/watch?v=SKSsnsAEcn8&lc=UgyX3guCdLqOv-Rf5nx4AaABAg,2024-12-09T10:07:53Z,BBC showed this.,1,,twitter
24,"Fortunately internet is revolutionising the world, rewarding knowledge and merit while those who lack both will be left behind. We all saw how ridiculous that interview was. Who are you trying to fool? Television&#39;s time is up. The truth always prevails. You tried to pit a nobody against a real-life hero who&#39;s sacrificing his life for a future he might not even live to see. Good riddance to obsolete services like the BBC. Thank you Elon, thank you internet, thank you evolution. Just like Tracy Chapman sang, the tables are turning  &#39;&#39; ....  Oh, I said you better run, run, run, run, run, run<br>Run, run, run, run, run, run.<br>&#39;Cause finally the tables are starting to turn .. &quot; 💪☮✌🏿䷰",https://www.youtube.com/watch?v=SKSsnsAEcn8&lc=Ugw0uPcercB15mbo8IJ4AaABAg,2024-12-06T10:46:15Z,"Fortunately internet is revolutionising the world, rewarding knowledge and merit while those who lack both will be left behind. We all saw how ridiculous that interview was. Who are you trying to fool? Television's time is up. The truth always prevails. You tried to pit a nobody against a real-life hero who's sacrificing his life for a future he might not even live to see. Good riddance to obsolete services like the BBC. Thank you Elon, thank you internet, thank you evolution. Just like Tracy Chapman sang, the tables are turning  '' ....  Oh, I said you better run, run, run, run, run, run
Run, run, run, run, run, run.
'Cause finally the tables are starting to turn .. "" 💪☮✌🏿䷰",0,,twitter
25,"I love Elon,<br>In my opinion the BBC spins misinformation, disinformation and propaganda. <br>I stopped paying for it and watching any live TV some time ago, as in my opinion it was becoming unwatchable. The BBC are continual attempt to change the history of this country in order to suit an agenda. <br>To me the company is anti British so therefore I do not wish to support it in any way.<br>Definitely a switch off for me.",https://www.youtube.com/watch?v=SKSsnsAEcn8&lc=UgxbKeey6qVh99DPAVh4AaABAg,2024-12-04T11:27:03Z,"I love Elon,
In my opinion the BBC spins misinformation, disinformation and propaganda. 
I stopped paying for it and watching any live TV some time ago, as in my opinion it was becoming unwatchable. The BBC are continual attempt to change the history of this country in order to suit an agenda. 
To me the company is anti British so therefore I do not wish to support it in any way.
Definitely a switch off for me.",0,,twitter
26,The bbc is a bunch of liars,https://www.youtube.com/watch?v=SKSsnsAEcn8&lc=UgwnLWrxkKSkKT9BZxN4AaABAg,2024-12-03T16:17:57Z,The bbc is a bunch of liars,0,,twitter
27,"<a href=""UCkszU2WH9gy1mb0dV-11UJg/hcIfY57lBJXp6AKBx4CoCA""></a>",https://www.youtube.com/watch?v=SKSsnsAEcn8&lc=Ugx6mGeYVSDTPY9Xpu54AaABAg,2024-12-02T10:11:59Z,,0,,twitter
28,I saw the other day the part where the &quot;journalist&quot; was owned by Elon. It was priceless 🤣,https://www.youtube.com/watch?v=SKSsnsAEcn8&lc=UgwzZG9XsmybSeWfHc14AaABAg,2024-12-01T22:24:54Z,"I saw the other day the part where the ""journalist"" was owned by Elon. It was priceless 🤣",1,,twitter
29,Les médias fake news pris en flagrant délit la main dans le sac à menteries !<br>Vous auriez pu simplement supprimer les commentaires 😅<br>Vous êtes tellement inintelligents que ça en est divertissant 🤣🤣🤣<br>Je serais curieux de savoir combien de dislikes cette vidéo a mais on peut en avoir une idée en voyant le nombre de likes versus le nombre de vues haha,https://www.youtube.com/watch?v=SKSsnsAEcn8&lc=UgwdFA7mJlGr7mJ54Bd4AaABAg,2024-11-30T18:24:43Z,"Les médias fake news pris en flagrant délit la main dans le sac à menteries !
Vous auriez pu simplement supprimer les commentaires 😅
Vous êtes tellement inintelligents que ça en est divertissant 🤣🤣🤣
Je serais curieux de savoir combien de dislikes cette vidéo a mais on peut en avoir une idée en voyant le nombre de likes versus le nombre de vues haha",1,,twitter
30,Did bro really say “Dave Chappell concert” didn’t know he was a musician now lmao,https://www.youtube.com/watch?v=SKSsnsAEcn8&lc=UgyZ1yX625ZEVqEdps54AaABAg,2024-11-30T17:29:24Z,Did bro really say “Dave Chappell concert” didn’t know he was a musician now lmao,0,,twitter
31,An embarrassment for the journalist and the whole BBC. Musk made that “unexperienced” guy s**t his pants 😂,https://www.youtube.com/watch?v=SKSsnsAEcn8&lc=Ugzky1Jn74LRWQzqh-p4AaABAg,2024-11-30T07:44:00Z,An embarrassment for the journalist and the whole BBC. Musk made that “unexperienced” guy s**t his pants 😂,1,,twitter
32,BBC is gradually becoming the shame of the great British empire😅,https://www.youtube.com/watch?v=SKSsnsAEcn8&lc=UgwP6QSCBzhQhFCD4aF4AaABAg,2024-11-26T01:23:51Z,BBC is gradually becoming the shame of the great British empire😅,1,,twitter
33,That interviewer was embarrassingly out of his depth.,https://www.youtube.com/watch?v=SKSsnsAEcn8&lc=UgxvdoTyHysFjaGrcY14AaABAg,2024-11-25T17:21:12Z,That interviewer was embarrassingly out of his depth.,1,,twitter
34,Thats why im moving away from old legacy media. Dum basses like this interviewer xD,https://www.youtube.com/watch?v=SKSsnsAEcn8&lc=UgzjG6A5R8BsPXjTw-d4AaABAg,2024-11-25T08:04:43Z,Thats why im moving away from old legacy media. Dum basses like this interviewer xD,0,,twitter
35,This is not the interview. This is a shortened edited version which completely misportrays what happened.,https://www.youtube.com/watch?v=SKSsnsAEcn8&lc=UgzEFz4kRYqkYvzHh8V4AaABAg,2024-11-24T08:37:25Z,This is not the interview. This is a shortened edited version which completely misportrays what happened.,1,,twitter
36,where is my favorite part of this interview? ✂️ 😂😅 omg…..,https://www.youtube.com/watch?v=SKSsnsAEcn8&lc=Ugyvyp5RjtmRi_XaqOB4AaABAg,2024-11-23T23:32:05Z,where is my favorite part of this interview? ✂️ 😂😅 omg…..,1,,twitter
37,Is a company going bankrupt not noticeable? What kind of more obvious &quot;notice&quot; is this interviewer expecting?,https://www.youtube.com/watch?v=SKSsnsAEcn8&lc=UgzOXVSrFdeuLU7qpW54AaABAg,2024-11-22T12:55:53Z,"Is a company going bankrupt not noticeable? What kind of more obvious ""notice"" is this interviewer expecting?",1,,twitter
38,"BBC Oh BBC!!! You have no shame?? At least I hoped you would have a courage to stand on your ground, but you chose to edit it out. HYPOCRITE!!!!!!",https://www.youtube.com/watch?v=SKSsnsAEcn8&lc=Ugxq3FQWWX4fwQe03FB4AaABAg,2024-11-22T05:42:35Z,"BBC Oh BBC!!! You have no shame?? At least I hoped you would have a courage to stand on your ground, but you chose to edit it out. HYPOCRITE!!!!!!",1,,twitter
39,Clowns,https://www.youtube.com/watch?v=SKSsnsAEcn8&lc=Ugw0OHzjRcUKWhoqbaJ4AaABAg,2024-11-21T21:58:48Z,Clowns,1,,twitter
40,Where is the Rest 😂😂,https://www.youtube.com/watch?v=SKSsnsAEcn8&lc=UgwaWzE_QIXLqOTwR8R4AaABAg,2024-11-21T20:15:20Z,Where is the Rest 😂😂,0,,twitter
41,"Hahahaha, yes, focus on this. Not the fact that BBC is exposed as a shill",https://www.youtube.com/watch?v=SKSsnsAEcn8&lc=Ugyb8aOFPhgFQnq_9fJ4AaABAg,2024-11-21T13:55:06Z,"Hahahaha, yes, focus on this. Not the fact that BBC is exposed as a shill",0,,twitter
42,You are a joke and an embarrassment. BBC. We all saw the interview in full but this just shows another example of how corrupt you really are. To call yourselves news should be a crime in itself.,https://www.youtube.com/watch?v=SKSsnsAEcn8&lc=Ugy6lzhwuLHfv-iyGux4AaABAg,2024-11-21T05:07:42Z,You are a joke and an embarrassment. BBC. We all saw the interview in full but this just shows another example of how corrupt you really are. To call yourselves news should be a crime in itself.,0,,twitter
43,BBC is a fake news propaganda outlet. But you are going to lose.,https://www.youtube.com/watch?v=SKSsnsAEcn8&lc=UgwKBafRLlyDsFTHVPN4AaABAg,2024-11-21T04:17:08Z,BBC is a fake news propaganda outlet. But you are going to lose.,0,,twitter
44,The BBC: Brainless Bully Communists,https://www.youtube.com/watch?v=SKSsnsAEcn8&lc=UgypiC9LNCOVKNuDRMZ4AaABAg,2024-11-20T23:32:10Z,The BBC: Brainless Bully Communists,0,,twitter
45,Bbc is a joke 😅,https://www.youtube.com/watch?v=SKSsnsAEcn8&lc=UgxnLBxkuawEHby6rfd4AaABAg,2024-11-20T21:55:21Z,Bbc is a joke 😅,1,,twitter
46,"A really pathetic childish interviewer. James Clayton was just trying for a gotcha moment and ended up looking like a petulant fool. Editing out the cringiness in this one vid is pointless, watch the real version to see how Musk deals with idiots! Clayton has been childishly sniping at Musk ever since, instead of being fired by the BBC for being so amateurish!",https://www.youtube.com/watch?v=SKSsnsAEcn8&lc=UgxYKox9EkLHoRvXpUB4AaABAg,2024-11-20T06:12:46Z,"A really pathetic childish interviewer. James Clayton was just trying for a gotcha moment and ended up looking like a petulant fool. Editing out the cringiness in this one vid is pointless, watch the real version to see how Musk deals with idiots! Clayton has been childishly sniping at Musk ever since, instead of being fired by the BBC for being so amateurish!",0,,twitter
47,A year later and the advertisers are now back. Funny how that happens.,https://www.youtube.com/watch?v=SKSsnsAEcn8&lc=UgyYxKnjEFALJjcsMpV4AaABAg,2024-11-19T18:54:11Z,A year later and the advertisers are now back. Funny how that happens.,0,,twitter
48,"BBC was right, after all!<br>Millions are leaving ❌ for Bluesky",https://www.youtube.com/watch?v=SKSsnsAEcn8&lc=Ugw1bCnfJJHCj_ZEuLl4AaABAg,2024-11-19T15:37:05Z,"BBC was right, after all!
Millions are leaving ❌ for Bluesky",0,,twitter
49,BBC were right about ❌<br>I saw an interview with a CIA agent who said “the best way for censorship is not banning the truth but to bury it by flooding the media with misinformation”. The is Elon Musk’s ❌ in a nutshell….,https://www.youtube.com/watch?v=SKSsnsAEcn8&lc=UgzSgS-SMGsABbviWoZ4AaABAg,2024-11-19T15:34:12Z,"BBC were right about ❌
I saw an interview with a CIA agent who said “the best way for censorship is not banning the truth but to bury it by flooding the media with misinformation”. The is Elon Musk’s ❌ in a nutshell….",0,,twitter
0,I Don&#39;t like Twitter,https://www.youtube.com/watch?v=N8Nf56srwcA&lc=UgwZ8FCqG4EPxuG-N6R4AaABAg,2025-10-08T08:06:12Z,I Don't like Twitter,0,,twitter
1,My little sister? Really unbelievable. I hate my life.,https://www.youtube.com/watch?v=N8Nf56srwcA&lc=UgxS2_VuFeUg8rjtHkh4AaABAg,2025-09-13T03:09:35Z,My little sister? Really unbelievable. I hate my life.,0,,twitter
2,"erotomania or histrionic syndrome, which one Elon.",https://www.youtube.com/watch?v=N8Nf56srwcA&lc=Ugwf1m17ysbS7jiIlAJ4AaABAg,2025-09-13T03:09:03Z,"erotomania or histrionic syndrome, which one Elon.",0,,twitter
3,He&#39;s not even there.,https://www.youtube.com/watch?v=N8Nf56srwcA&lc=Ugw9gWkIfAySxqKo4KV4AaABAg,2025-09-13T02:52:21Z,He's not even there.,0,,twitter
4,Maybe Trumps prayer will save Charlie.,https://www.youtube.com/watch?v=N8Nf56srwcA&lc=UgyqvEmWhNAcSv112eJ4AaABAg,2025-09-10T22:09:59Z,Maybe Trumps prayer will save Charlie.,0,,twitter
5,25k. Unbelievable.,https://www.youtube.com/watch?v=N8Nf56srwcA&lc=Ugwv5z9rS6QEyUGS8DF4AaABAg,2025-09-10T03:21:47Z,25k. Unbelievable.,0,,twitter
6,But not freely available clean fresh water 😢,https://www.youtube.com/watch?v=N8Nf56srwcA&lc=Ugx0wge7EOGqkjFUQHx4AaABAg,2025-08-31T22:51:31Z,But not freely available clean fresh water 😢,0,,twitter
7,We have trees as shelters?,https://www.youtube.com/watch?v=N8Nf56srwcA&lc=UgwqrId8iJ5Y8xdquyR4AaABAg,2025-08-31T22:50:47Z,We have trees as shelters?,0,,twitter
8,"I love Elon, he has done so much for the US, people need to leave him Alone. People are just jealous of his intelligence and success",https://www.youtube.com/watch?v=N8Nf56srwcA&lc=UgzbgQ8q8dVEUltyY6Z4AaABAg,2025-05-30T21:54:40Z,"I love Elon, he has done so much for the US, people need to leave him Alone. People are just jealous of his intelligence and success",1,,twitter
9,this dude has to be smart if you have the critical thinking skills of a caveman,https://www.youtube.com/watch?v=N8Nf56srwcA&lc=UgxmHaWZqjkBfHT_VFh4AaABAg,2025-05-20T19:33:36Z,this dude has to be smart if you have the critical thinking skills of a caveman,1,,twitter
10,"Elon Must is very intelligent, Twitter wasn&#39;t only acquired to shift the narrative to the centre and preserve the freedom to express one openly, for just the good of mankind. <br>But he also needed it for a company called xAI, for him to develop the learning algorithm needed to accurately understand humans, he needed an accurate real-time source from which to do so. One can better understand a person when they don&#39;t know they&#39;re being watched.",https://www.youtube.com/watch?v=N8Nf56srwcA&lc=Ugw5vJwtUlB-e0ylgZZ4AaABAg,2025-04-18T20:10:46Z,"Elon Must is very intelligent, Twitter wasn't only acquired to shift the narrative to the centre and preserve the freedom to express one openly, for just the good of mankind. 
But he also needed it for a company called xAI, for him to develop the learning algorithm needed to accurately understand humans, he needed an accurate real-time source from which to do so. One can better understand a person when they don't know they're being watched.",1,,twitter
11,Nancy Pelosi is responsible for the destruction of San Francisco!<br>Once the most beautiful city in America is now a slum filled with illegals and despair!,https://www.youtube.com/watch?v=N8Nf56srwcA&lc=Ugy7x-y0CeA7npo93-J4AaABAg,2025-04-07T06:32:05Z,"Nancy Pelosi is responsible for the destruction of San Francisco!
Once the most beautiful city in America is now a slum filled with illegals and despair!",0,,twitter
12,"Im glad people still call it twitter, i knew nobody would use such a stupid name as X",https://www.youtube.com/watch?v=N8Nf56srwcA&lc=UgzXCe76-OvvhGbrdRx4AaABAg,2025-03-26T18:01:18Z,"Im glad people still call it twitter, i knew nobody would use such a stupid name as X",0,,twitter
13,check mate.    nxt time your gonna wear pink rogan.  smoochies. omg elbow room baby,https://www.youtube.com/watch?v=N8Nf56srwcA&lc=Ugz6u5JLwyuQCY8YpJZ4AaABAg,2025-02-20T05:00:32Z,check mate.    nxt time your gonna wear pink rogan.  smoochies. omg elbow room baby,0,,twitter
14,joe and his sense of humor… Sitting there in the blonde wig talking to Elon Musk and having a very serious conversation… And I&#39;m cracking up,https://www.youtube.com/watch?v=N8Nf56srwcA&lc=UgwZCTcWHIXTINNvXnB4AaABAg,2025-01-16T13:07:04Z,joe and his sense of humor… Sitting there in the blonde wig talking to Elon Musk and having a very serious conversation… And I'm cracking up,0,,twitter
15,Nice hairdo joe,https://www.youtube.com/watch?v=N8Nf56srwcA&lc=UgwpEb2DtLhzhjQKAbJ4AaABAg,2025-01-05T22:38:28Z,Nice hairdo joe,0,,twitter
16,Elon was on his game during this.. sometimes he&#39;s too loose,https://www.youtube.com/watch?v=N8Nf56srwcA&lc=UgzfzPnLCkYnstoBeed4AaABAg,2024-12-14T07:28:50Z,Elon was on his game during this.. sometimes he's too loose,1,,twitter
17,Team Rubio all day😂🔥,https://www.youtube.com/watch?v=N8Nf56srwcA&lc=UgykkDxRxcklcDnJBil4AaABAg,2024-11-28T00:09:56Z,Team Rubio all day😂🔥,1,,twitter
18,"I hope the Elon Musk make lots and lots of money, trillion so he can use his money to purchase all these companies that have completely sold out to satan.<br><br>I don&#39;t worry because obviously GOD has chosen Musk to do HIS bidding and will give Musk tools ($) in order to do so because GOD never allows a human to go without the needed tools.",https://www.youtube.com/watch?v=N8Nf56srwcA&lc=Ugx_l4GNVKWRUIXa6rZ4AaABAg,2024-11-27T22:05:31Z,"I hope the Elon Musk make lots and lots of money, trillion so he can use his money to purchase all these companies that have completely sold out to satan.

I don't worry because obviously GOD has chosen Musk to do HIS bidding and will give Musk tools ($) in order to do so because GOD never allows a human to go without the needed tools.",1,,twitter
19,Come Mr Taliban tally me banana,https://www.youtube.com/watch?v=N8Nf56srwcA&lc=UgyuoAOXdmrhfmPQdOB4AaABAg,2024-11-23T08:19:47Z,Come Mr Taliban tally me banana,1,,twitter
20,"Well, humans are made to destroy them self. Thats nothing new. We are in the time frame of the universe not even a very tiny part of it. And in how fast we moving in a short time, together with greed and narcissistic bahavior leaders and richest we going to destroy our self in less than 2000 years. Thats the time frame logic.",https://www.youtube.com/watch?v=N8Nf56srwcA&lc=Ugx_78_0uHo23CLsvy94AaABAg,2024-11-22T10:24:42Z,"Well, humans are made to destroy them self. Thats nothing new. We are in the time frame of the universe not even a very tiny part of it. And in how fast we moving in a short time, together with greed and narcissistic bahavior leaders and richest we going to destroy our self in less than 2000 years. Thats the time frame logic.",1,,twitter
21,"Feel sorry for his family, they must have it hard to live with that narcissistic behavior. I guess he pays them well, and they have a very good deal in case of separation and for them not to tell the truth",https://www.youtube.com/watch?v=N8Nf56srwcA&lc=UgxMzvfxZ8KS4WWO6_p4AaABAg,2024-11-22T10:18:15Z,"Feel sorry for his family, they must have it hard to live with that narcissistic behavior. I guess he pays them well, and they have a very good deal in case of separation and for them not to tell the truth",1,,twitter
22,And this decision played a key role to get Trump in office again. Elon is a visionary.,https://www.youtube.com/watch?v=N8Nf56srwcA&lc=UgzXlaBpV8-JVec347V4AaABAg,2024-11-21T05:03:25Z,And this decision played a key role to get Trump in office again. Elon is a visionary.,4,,twitter
23,If I ever had to talk to Elon I would do it looking like he-man as well. Right on grey skull,https://www.youtube.com/watch?v=N8Nf56srwcA&lc=Ugw2dpy-ah81U4kgpOZ4AaABAg,2024-11-18T17:01:17Z,If I ever had to talk to Elon I would do it looking like he-man as well. Right on grey skull,1,,twitter
24,Musk is a protector of mankind.  He is a once in a 100 lifetime hero. I am so glad I am living in a period with him around. GOD Bless him😊❤,https://www.youtube.com/watch?v=N8Nf56srwcA&lc=Ugx1iawCtf6BnkN1NNN4AaABAg,2024-11-11T13:28:01Z,Musk is a protector of mankind.  He is a once in a 100 lifetime hero. I am so glad I am living in a period with him around. GOD Bless him😊❤,1,,twitter
25,Mark my words <br>This man will single handedly destroy our planet earth,https://www.youtube.com/watch?v=N8Nf56srwcA&lc=UgxHdLoUP8lr74v4ZS14AaABAg,2024-11-11T02:24:00Z,"Mark my words 
This man will single handedly destroy our planet earth",1,,twitter
26,definitely a possibility,https://www.youtube.com/watch?v=N8Nf56srwcA&lc=UgxHdLoUP8lr74v4ZS14AaABAg.AAgDE9EOUr-AAqf1ARyh4n,2024-11-15T03:48:02Z,definitely a possibility,0,UgxHdLoUP8lr74v4ZS14AaABAg,twitter
27,mark my words<br>DO NOT REDEEM THE GIFT CARD JASON DO NOT REDEEM THE GIFT CARD,https://www.youtube.com/watch?v=N8Nf56srwcA&lc=UgxHdLoUP8lr74v4ZS14AaABAg.AAgDE9EOUr-AAvmed5z7Ei,2024-11-17T03:30:56Z,"mark my words
DO NOT REDEEM THE GIFT CARD JASON DO NOT REDEEM THE GIFT CARD",0,UgxHdLoUP8lr74v4ZS14AaABAg,twitter
28,Nonsense,https://www.youtube.com/watch?v=N8Nf56srwcA&lc=UgxHdLoUP8lr74v4ZS14AaABAg.AAgDE9EOUr-ABOnVqB-svu,2024-11-28T19:15:33Z,Nonsense,0,UgxHdLoUP8lr74v4ZS14AaABAg,twitter
29,@sekhmet7774 is that your goats name?,https://www.youtube.com/watch?v=N8Nf56srwcA&lc=UgxHdLoUP8lr74v4ZS14AaABAg.AAgDE9EOUr-ABQLggtnPpJ,2024-11-29T09:42:14Z,@sekhmet7774 is that your goats name?,0,UgxHdLoUP8lr74v4ZS14AaABAg,twitter
30,@PapaJahooli That isn&#39;t my real name I&#39;m english hahaha,https://www.youtube.com/watch?v=N8Nf56srwcA&lc=UgxHdLoUP8lr74v4ZS14AaABAg.AAgDE9EOUr-ABQP-h4MKSG,2024-11-29T10:11:11Z,@PapaJahooli That isn't my real name I'm english hahaha,0,UgxHdLoUP8lr74v4ZS14AaABAg,twitter
31,Universal law 1. Everything has an extinction point. Including The concept of GOD when Explaining about AI.,https://www.youtube.com/watch?v=N8Nf56srwcA&lc=Ugx4-EjGz3aGUmDePDN4AaABAg,2024-11-10T02:48:39Z,Universal law 1. Everything has an extinction point. Including The concept of GOD when Explaining about AI.,1,,twitter
32,And you know what is the most funny 🤣💯💯💯💯 hello FBI CIA secret Service National secret Service I know you&#39;re watching my note you&#39;re hilarious people you have to go back to school too,https://www.youtube.com/watch?v=N8Nf56srwcA&lc=Ugz5a1CA0igHA5uoDTp4AaABAg,2024-11-08T14:19:37Z,And you know what is the most funny 🤣💯💯💯💯 hello FBI CIA secret Service National secret Service I know you're watching my note you're hilarious people you have to go back to school too,0,,twitter
33,The only man in the entire world 🌎😢 directions garbage,https://www.youtube.com/watch?v=N8Nf56srwcA&lc=UgzU97wnyY5qCi1W_214AaABAg,2024-11-08T14:18:54Z,The only man in the entire world 🌎😢 directions garbage,0,,twitter
34,Is a normal dude people😢 why you have to describe him because he&#39;s trillion Polly trillion trillion trillions who f*<b>***</b> care about what he has his functional in general I care about his heart ❤️ the only man in the entire world put his f*<b>***</b> money for her Humanity😂,https://www.youtube.com/watch?v=N8Nf56srwcA&lc=Ugy4GcbWBvd0QuEYmYx4AaABAg,2024-11-08T14:18:37Z,Is a normal dude people😢 why you have to describe him because he's trillion Polly trillion trillion trillions who f****** care about what he has his functional in general I care about his heart ❤️ the only man in the entire world put his f****** money for her Humanity😂,0,,twitter
35,She&#39;s i😂❤ charming,https://www.youtube.com/watch?v=N8Nf56srwcA&lc=UgzAUaTF2xIwCVjtizB4AaABAg,2024-11-08T14:17:22Z,She's i😂❤ charming,0,,twitter
36,I like your friend Mr Elon Musk😅,https://www.youtube.com/watch?v=N8Nf56srwcA&lc=UgxxsVJuHJ55EXZH2MJ4AaABAg,2024-11-08T14:17:02Z,I like your friend Mr Elon Musk😅,0,,twitter
37,Good morning twin😅,https://www.youtube.com/watch?v=N8Nf56srwcA&lc=UgxG0I0ni_3LY_FuZn54AaABAg,2024-11-08T14:16:45Z,Good morning twin😅,0,,twitter
38,Ur insane. No censorship???? He suppressed every pro-Palestinian voice @joerogan and Trump incited the riot and THEN tweeted don’t do it?? Come on!!,https://www.youtube.com/watch?v=N8Nf56srwcA&lc=UgwSF3XJf16Jy_hLVDR4AaABAg,2024-11-08T08:46:00Z,Ur insane. No censorship???? He suppressed every pro-Palestinian voice @joerogan and Trump incited the riot and THEN tweeted don’t do it?? Come on!!,0,,twitter
39,I&#39;m from England and I love that he said he&#39;s about to sit down with the head of whatever in England and America. We need to listen to him. He&#39;s the smartest human being alive.,https://www.youtube.com/watch?v=N8Nf56srwcA&lc=UgxsFQcGV52JReG7KKp4AaABAg,2024-11-07T00:34:25Z,I'm from England and I love that he said he's about to sit down with the head of whatever in England and America. We need to listen to him. He's the smartest human being alive.,0,,twitter
40,last twitter guy thinks he can say anything becoz hes a billionaire,https://www.youtube.com/watch?v=N8Nf56srwcA&lc=UgySuYm8mL2id5dwN6V4AaABAg,2024-11-06T12:49:27Z,last twitter guy thinks he can say anything becoz hes a billionaire,0,,twitter
41,"True reason for turning it to X: Subliminal Communication. See, the X, with any and all S&#39;s surrounding it, creates &quot;Sex&quot;. Also, it helps to make the k in &quot;Musk&quot; into an x, and, in essence, subliminally fusing the sk (in &quot;Musk&quot;) into another SEX. It also helps fuse the association of the word &quot;Musk&quot; with the word &quot;Lust&quot;.",https://www.youtube.com/watch?v=N8Nf56srwcA&lc=Ugz-8j2qmwJHiNJq7Gh4AaABAg,2024-11-04T11:47:11Z,"True reason for turning it to X: Subliminal Communication. See, the X, with any and all S's surrounding it, creates ""Sex"". Also, it helps to make the k in ""Musk"" into an x, and, in essence, subliminally fusing the sk (in ""Musk"") into another SEX. It also helps fuse the association of the word ""Musk"" with the word ""Lust"".",0,,twitter
42,If he can lay 44 billions on the table then he can buy all the podcst for what for him is small change but a huge amount of money for the podcasters. We see that trend emerging now. They are all licking Trumps boots and that is no coincidence.,https://www.youtube.com/watch?v=N8Nf56srwcA&lc=UgyTCCmvwqviJ-GEfOF4AaABAg,2024-10-27T12:31:59Z,If he can lay 44 billions on the table then he can buy all the podcst for what for him is small change but a huge amount of money for the podcasters. We see that trend emerging now. They are all licking Trumps boots and that is no coincidence.,1,,twitter
43,Then they pump your ACS upside down and people get sick or they run these other offset companies through there that have I guess that might be some of these water gates or spy gates at their running out inside of you some other people ain&#39;t been able to finish their jobs yet or they don&#39;t have no authority in investigations,https://www.youtube.com/watch?v=N8Nf56srwcA&lc=UgwF-dsWIJcD6Gig06h4AaABAg,2024-10-21T18:28:40Z,Then they pump your ACS upside down and people get sick or they run these other offset companies through there that have I guess that might be some of these water gates or spy gates at their running out inside of you some other people ain't been able to finish their jobs yet or they don't have no authority in investigations,1,,twitter
44,Then what they do is they&#39;re able to see who&#39;s working on what who&#39;s in the beginning stages they see your your background your social security then they get your address and then they show up at your house,https://www.youtube.com/watch?v=N8Nf56srwcA&lc=Ugygfds_JnKxTSmAdN14AaABAg,2024-10-21T18:27:21Z,Then what they do is they're able to see who's working on what who's in the beginning stages they see your your background your social security then they get your address and then they show up at your house,0,,twitter
45,And y&#39;all built stuff to not understand what is rising up in the static layers in your house,https://www.youtube.com/watch?v=N8Nf56srwcA&lc=Ugygfds_JnKxTSmAdN14AaABAg.A9rrmcFG3MjA9rs-cwkAu9,2024-10-21T18:29:16Z,And y'all built stuff to not understand what is rising up in the static layers in your house,0,Ugygfds_JnKxTSmAdN14AaABAg,twitter
46,I also think that&#39;s why we got half the diseases and half of the faulty conditioner problems is because people run through but it was such a big money except it&#39;s because of dumbasses conversations,https://www.youtube.com/watch?v=N8Nf56srwcA&lc=UgzXwoW-raOsQaF_Q9p4AaABAg,2024-10-21T18:15:47Z,I also think that's why we got half the diseases and half of the faulty conditioner problems is because people run through but it was such a big money except it's because of dumbasses conversations,0,,twitter
47,Looking back at the old wars between Germany and Soviets and America and all these other ones they all went to the public in denounce the religious circulations but if I don&#39;t think it was about religion I think it&#39;s about your right to practice criminal content and then they all go out to other places and make these little side deals and then the destruction of everything that the armies in the public cities was working on then gets demolished and I think y&#39;all were just bringing that motion on over here,https://www.youtube.com/watch?v=N8Nf56srwcA&lc=UgzrhbYiYXz27BBn7Qd4AaABAg,2024-10-21T18:02:30Z,Looking back at the old wars between Germany and Soviets and America and all these other ones they all went to the public in denounce the religious circulations but if I don't think it was about religion I think it's about your right to practice criminal content and then they all go out to other places and make these little side deals and then the destruction of everything that the armies in the public cities was working on then gets demolished and I think y'all were just bringing that motion on over here,0,,twitter
48,This is also why I question are very old service are very old alignment in Danville alignments moving over into the Rich communities like Switzerland and all that I wonder if they purposely stays the rotation overages,https://www.youtube.com/watch?v=N8Nf56srwcA&lc=UgzrhbYiYXz27BBn7Qd4AaABAg.A9rowZvPSpGA9rpE137_Hd,2024-10-21T18:05:01Z,This is also why I question are very old service are very old alignment in Danville alignments moving over into the Rich communities like Switzerland and all that I wonder if they purposely stays the rotation overages,0,UgzrhbYiYXz27BBn7Qd4AaABAg,twitter
49,Also find that weird he just moved those big millions of dollars and then he comes out with allowing people to to pursue invasion of privacy or an inverted rotation of espionage or treason. I believe you&#39;re carrying an unlawful intentions I think y&#39;all hold a monopolization into criminal in syndicating while you proceed other directions I think this is part of the reason the Soviets went down I think this is part of the reason the princess over in Japan don&#39;t sit in her seat no more,https://www.youtube.com/watch?v=N8Nf56srwcA&lc=UgyVdTLWa8xL9XVl4UB4AaABAg,2024-10-21T17:58:32Z,Also find that weird he just moved those big millions of dollars and then he comes out with allowing people to to pursue invasion of privacy or an inverted rotation of espionage or treason. I believe you're carrying an unlawful intentions I think y'all hold a monopolization into criminal in syndicating while you proceed other directions I think this is part of the reason the Soviets went down I think this is part of the reason the princess over in Japan don't sit in her seat no more,0,,twitter
50,I just feel that y&#39;all learned how to oversized the spread of the law so they would never have full time to get to the actual ringleaders which is some of y&#39;all allowing everybody to do anything and anybody&#39;s house or the these schools. If I was any education I would undo off of every one of these social medias I would not put up no picture alignment know nothing,https://www.youtube.com/watch?v=N8Nf56srwcA&lc=UgyVdTLWa8xL9XVl4UB4AaABAg.A9roUZUmVCuA9rofzm7UFg,2024-10-21T18:00:14Z,I just feel that y'all learned how to oversized the spread of the law so they would never have full time to get to the actual ringleaders which is some of y'all allowing everybody to do anything and anybody's house or the these schools. If I was any education I would undo off of every one of these social medias I would not put up no picture alignment know nothing,0,UgyVdTLWa8xL9XVl4UB4AaABAg,twitter
0,"Auto industry braces for major pain from Trump’s tariffs: <a href=""https://on.wsj.com/3DUCnWP"">https://on.wsj.com/3DUCnWP</a>",https://www.youtube.com/watch?v=RVEj9-MyhHc&lc=UgzA9i3hmpRUyCud2gF4AaABAg,2025-04-04T14:04:53Z,Auto industry braces for major pain from Trump’s tariffs: https://on.wsj.com/3DUCnWP,87,,trump
1,"BAN US weapons in Europe<br>BAN litography to US<br>all against USA<br>great plan Trump....",https://www.youtube.com/watch?v=RVEj9-MyhHc&lc=UgzA9i3hmpRUyCud2gF4AaABAg.AGVFu_yuiYfAGVpr5p2QaX,2025-04-04T19:27:43Z,"BAN US weapons in Europe
BAN litography to US
all against USA
great plan Trump....",0,UgzA9i3hmpRUyCud2gF4AaABAg,trump
2,You place two so called <br>&quot; businessmen&quot; who care about money more than morals.,https://www.youtube.com/watch?v=RVEj9-MyhHc&lc=UgzA9i3hmpRUyCud2gF4AaABAg.AGVFu_yuiYfAGX0eDNl1hW,2025-04-05T06:30:03Z,"You place two so called 
"" businessmen"" who care about money more than morals.",1,UgzA9i3hmpRUyCud2gF4AaABAg,trump
3,USA deep state leftist Islami radical with china destroy Elon Musk auto car share market collapse<br>Elon Musk fighting usa deep state with Europe leftist,https://www.youtube.com/watch?v=RVEj9-MyhHc&lc=UgzA9i3hmpRUyCud2gF4AaABAg.AGVFu_yuiYfAGXV1jnltDD,2025-04-05T10:55:33Z,"USA deep state leftist Islami radical with china destroy Elon Musk auto car share market collapse
Elon Musk fighting usa deep state with Europe leftist",0,UgzA9i3hmpRUyCud2gF4AaABAg,trump
4,Build in America and you will see not tariff.,https://www.youtube.com/watch?v=RVEj9-MyhHc&lc=UgzA9i3hmpRUyCud2gF4AaABAg.AGVFu_yuiYfAGXsceLtMir,2025-04-05T14:30:26Z,Build in America and you will see not tariff.,1,UgzA9i3hmpRUyCud2gF4AaABAg,trump
5,"WSJ is the worst news agency out there. You are to politacal to report good news, grow up and stock sucking.",https://www.youtube.com/watch?v=RVEj9-MyhHc&lc=UgyWhnSOSZZGM-ko9Hd4AaABAg,2025-05-05T16:20:34Z,"WSJ is the worst news agency out there. You are to politacal to report good news, grow up and stock sucking.",0,,trump
6,"Do you news people watch YouTube?  Have  you seen the many videos by disgusted suckers who bought Tesla&#39;s Cybertruck?  Musk gutted Tesla and put out a dangerous, badly designed, expensive vehicle, and he&#39;s lost the trust of the auto-buying public.  When you buy a vehicle, you trust the manufacturer with your life, and who&#39;s going to trust a corporation which uses the wrong glue to trim big steel pieces in place?",https://www.youtube.com/watch?v=RVEj9-MyhHc&lc=Ugwc-qxBSjPMej87gDt4AaABAg,2025-05-02T19:35:45Z,"Do you news people watch YouTube?  Have  you seen the many videos by disgusted suckers who bought Tesla's Cybertruck?  Musk gutted Tesla and put out a dangerous, badly designed, expensive vehicle, and he's lost the trust of the auto-buying public.  When you buy a vehicle, you trust the manufacturer with your life, and who's going to trust a corporation which uses the wrong glue to trim big steel pieces in place?",0,,trump
7,"No one of the left went to the Tesla lot and caught the cars on fire, Elon did that himself and then filmed it and blamed the left.",https://www.youtube.com/watch?v=RVEj9-MyhHc&lc=UgzSbOD5rGWeHUIuL8l4AaABAg,2025-05-02T15:05:43Z,"No one of the left went to the Tesla lot and caught the cars on fire, Elon did that himself and then filmed it and blamed the left.",0,,trump
8,Soros ?,https://www.youtube.com/watch?v=RVEj9-MyhHc&lc=UgyRF1b0R_E6YLlC30N4AaABAg,2025-04-29T22:14:37Z,Soros ?,0,,trump
9,What right Musk has to poke his nose in German or British Democracy?,https://www.youtube.com/watch?v=RVEj9-MyhHc&lc=UgzSigOc_LVmEhNI96J4AaABAg,2025-04-29T02:16:07Z,What right Musk has to poke his nose in German or British Democracy?,0,,trump
10,So did Elon receive insurance money on this?,https://www.youtube.com/watch?v=RVEj9-MyhHc&lc=UgyyRIa6zMohK2UvIRN4AaABAg,2025-04-20T08:03:21Z,So did Elon receive insurance money on this?,0,,trump
11,Hello Mr musk I&#39;m help plis<br>UQAmMaUHsP2aFdhWXjYFWKqIy7FeiRjnWGv9EnQqMnNiAyla<br>I&#39;m technically form iran<br>You good Mr universal,https://www.youtube.com/watch?v=RVEj9-MyhHc&lc=Ugzr8H2HOjiXcVsuGml4AaABAg,2025-04-19T02:59:03Z,"Hello Mr musk I'm help plis
UQAmMaUHsP2aFdhWXjYFWKqIy7FeiRjnWGv9EnQqMnNiAyla
I'm technically form iran
You good Mr universal",0,,trump
12,"NOTE: You have a right to disagree with someone or something, but to go out of your way to destroy should NEVER EVER be accepted. I already know some are gonna reply to me &quot;what about Jan 6?&quot; because well, there&#39;s a difference between a peaceful protest gone wrong (jan 6) and actively destroying something/someone not to your liking (in this case the tesla vandalism). You&#39;re not the bigger person here by defending these actions because all this is fueled by and you won&#39;t believe it.....THE MEDIA. That&#39;s right, the media. How exactly you may ask? Well, so much BS is on the media, that fuels a lot of people and sometimes so much fueled up on hatred actions like this happen. If anyone wants to argue or whatever to this, then go ahead. Hope your day at work was good, hope the family is being taken care of, more important than arguing with some random person on the internet, right? Sometimes you&#39;d be surprised.",https://www.youtube.com/watch?v=RVEj9-MyhHc&lc=UgzADuudFBYWSfS-aCB4AaABAg,2025-04-18T20:57:23Z,"NOTE: You have a right to disagree with someone or something, but to go out of your way to destroy should NEVER EVER be accepted. I already know some are gonna reply to me ""what about Jan 6?"" because well, there's a difference between a peaceful protest gone wrong (jan 6) and actively destroying something/someone not to your liking (in this case the tesla vandalism). You're not the bigger person here by defending these actions because all this is fueled by and you won't believe it.....THE MEDIA. That's right, the media. How exactly you may ask? Well, so much BS is on the media, that fuels a lot of people and sometimes so much fueled up on hatred actions like this happen. If anyone wants to argue or whatever to this, then go ahead. Hope your day at work was good, hope the family is being taken care of, more important than arguing with some random person on the internet, right? Sometimes you'd be surprised.",0,,trump
13,Vandalism is illegal but consumers have the right to buy or not buy what they want. MAGA boycotted products from companies they think are too “woke” which is any company they disagree with politically. All Americans have this right to avoid products they don’t want or agree with. It’s ironic Trump supports Tesla because he always attacked electric cars which shows Trump doesn’t have principles but supports or attacks anyone or anything he likes or hates on a whim.,https://www.youtube.com/watch?v=RVEj9-MyhHc&lc=UgxGgnGOUVM86uh6aiZ4AaABAg,2025-04-18T12:28:20Z,Vandalism is illegal but consumers have the right to buy or not buy what they want. MAGA boycotted products from companies they think are too “woke” which is any company they disagree with politically. All Americans have this right to avoid products they don’t want or agree with. It’s ironic Trump supports Tesla because he always attacked electric cars which shows Trump doesn’t have principles but supports or attacks anyone or anything he likes or hates on a whim.,0,,trump
14,And for the love of god how good this is,https://www.youtube.com/watch?v=RVEj9-MyhHc&lc=UgzMcVCb19Uiw9Eaho14AaABAg,2025-04-17T21:06:41Z,And for the love of god how good this is,0,,trump
15,"The stock price is still stupidly high for a car manufacturer. Gm, Ford, Volkswagen, Toyota don&#39;t even come close to Teslas stock. It&#39;s all hype and reputation that kept it this high. Elon is trashing that very quickly",https://www.youtube.com/watch?v=RVEj9-MyhHc&lc=UgwiACG-lGv2s5hLoPp4AaABAg,2025-04-17T20:50:43Z,"The stock price is still stupidly high for a car manufacturer. Gm, Ford, Volkswagen, Toyota don't even come close to Teslas stock. It's all hype and reputation that kept it this high. Elon is trashing that very quickly",0,,trump
16,Elon Musk  &gt;&gt;  Lone Skum,https://www.youtube.com/watch?v=RVEj9-MyhHc&lc=UgyUd51iD1f0qvCexed4AaABAg,2025-04-17T18:58:34Z,Elon Musk  >>  Lone Skum,0,,trump
17,This whole thing is stupid,https://www.youtube.com/watch?v=RVEj9-MyhHc&lc=Ugyml48BH-bYBjX00994AaABAg,2025-04-17T12:47:05Z,This whole thing is stupid,0,,trump
18,"Karma: What you give, you&#39;ll receive.",https://www.youtube.com/watch?v=RVEj9-MyhHc&lc=UgxKSfR7NVHFnCW9yI94AaABAg,2025-04-17T07:19:31Z,"Karma: What you give, you'll receive.",0,,trump
19,Everything Trump touches…….,https://www.youtube.com/watch?v=RVEj9-MyhHc&lc=UgwBspyGs8jfCQlDgyJ4AaABAg,2025-04-17T03:15:27Z,Everything Trump touches…….,0,,trump
20,All of the clowns in the comments section,https://www.youtube.com/watch?v=RVEj9-MyhHc&lc=UgxK0FMDf4yKMKeaCdN4AaABAg,2025-04-16T18:24:23Z,All of the clowns in the comments section,0,,trump
21,All of the clowns in the comments section,https://www.youtube.com/watch?v=RVEj9-MyhHc&lc=UgzzRiy1VKg5dVfTRFZ4AaABAg,2025-04-16T18:24:10Z,All of the clowns in the comments section,0,,trump
22,All of the clowns in the comments section,https://www.youtube.com/watch?v=RVEj9-MyhHc&lc=Ugy93NAFh7Se4x9DdoN4AaABAg,2025-04-16T18:22:55Z,All of the clowns in the comments section,0,,trump
23,"Just find it funny that the same population that was rooting for Tesla and buying their cars (those environmentalists) are now the same ones protesting against Tesla and vandalising, selling and badmouthing Tesla.",https://www.youtube.com/watch?v=RVEj9-MyhHc&lc=Ugx4drmEcv-YduWZ6ed4AaABAg,2025-04-16T10:53:20Z,"Just find it funny that the same population that was rooting for Tesla and buying their cars (those environmentalists) are now the same ones protesting against Tesla and vandalising, selling and badmouthing Tesla.",0,,trump
24,Who would have known this would happen 😱😱😱,https://www.youtube.com/watch?v=RVEj9-MyhHc&lc=Ugz7ijaV13x8bKMoOpl4AaABAg,2025-04-15T17:36:52Z,Who would have known this would happen 😱😱😱,0,,trump
25,“I love TESSLER” -Dementia Don,https://www.youtube.com/watch?v=RVEj9-MyhHc&lc=UgyD6fe9XSTmn8CP-gB4AaABAg,2025-04-15T14:51:08Z,“I love TESSLER” -Dementia Don,0,,trump
26,The Wall Street Journal is  falling apart,https://www.youtube.com/watch?v=RVEj9-MyhHc&lc=Ugxt0-xI4kDUiJsdraZ4AaABAg,2025-04-15T14:22:16Z,The Wall Street Journal is  falling apart,0,,trump
27,"Though worth noting that as of right now,  stock value is up 16% compared to 6 months ago. So, &quot;tanking&quot; should be used loosely.",https://www.youtube.com/watch?v=RVEj9-MyhHc&lc=UgwDoNbyQkz0QQFYH9N4AaABAg,2025-04-15T08:26:15Z,"Though worth noting that as of right now,  stock value is up 16% compared to 6 months ago. So, ""tanking"" should be used loosely.",0,,trump
28,"I’d bet money that he’s behind the damages. So yes, it is a terrorist that is doing it.",https://www.youtube.com/watch?v=RVEj9-MyhHc&lc=UgwKQHmxb1SWQu8USBJ4AaABAg,2025-04-15T01:35:39Z,"I’d bet money that he’s behind the damages. So yes, it is a terrorist that is doing it.",0,,trump
29,His cars look like they just came from Ukraine! Now that&#39;s up close and personal!,https://www.youtube.com/watch?v=RVEj9-MyhHc&lc=Ugzl1_YLCcHU7OsC8HV4AaABAg,2025-04-14T20:47:24Z,His cars look like they just came from Ukraine! Now that's up close and personal!,0,,trump
30,Tesla is taking on some water but it&#39;s not sinking. Get real.,https://www.youtube.com/watch?v=RVEj9-MyhHc&lc=UgzFckhqk0fsrdHNHsV4AaABAg,2025-04-14T19:52:05Z,Tesla is taking on some water but it's not sinking. Get real.,0,,trump
31,"Elon should have paid attention, everybody Trump worked with gets ruined. Trumps stays untouched and kicks them out, never helps them. Where is the pillow man and Giuliani again? They lost everything!🤪",https://www.youtube.com/watch?v=RVEj9-MyhHc&lc=UgzU0dfi7txSKM28KEN4AaABAg,2025-04-14T19:35:01Z,"Elon should have paid attention, everybody Trump worked with gets ruined. Trumps stays untouched and kicks them out, never helps them. Where is the pillow man and Giuliani again? They lost everything!🤪",0,,trump
32,Pure just....ain&#39;t it ?,https://www.youtube.com/watch?v=RVEj9-MyhHc&lc=Ugx4Wk3vDkYmIr5sdlB4AaABAg,2025-04-14T19:32:09Z,Pure just....ain't it ?,0,,trump
33,"They shouldn&#39;t put blind commentators to comment videos, he can&#39;t recognize himself what a salute that was, has to rely on hearsay",https://www.youtube.com/watch?v=RVEj9-MyhHc&lc=UgzTaoqcQs0XZpDq6o14AaABAg,2025-04-14T17:37:19Z,"They shouldn't put blind commentators to comment videos, he can't recognize himself what a salute that was, has to rely on hearsay",0,,trump
34,Elon Musk&#39;s failure is because he&#39;s become more interested in personal power than his products or consumers,https://www.youtube.com/watch?v=RVEj9-MyhHc&lc=UgwaOfj2BEAwI9ol71l4AaABAg,2025-04-14T15:40:13Z,Elon Musk's failure is because he's become more interested in personal power than his products or consumers,0,,trump
35,Kapernack was not a boon.,https://www.youtube.com/watch?v=RVEj9-MyhHc&lc=Ugxc7wkZbLseCWdCDnx4AaABAg,2025-04-14T15:16:21Z,Kapernack was not a boon.,0,,trump
36,"he should keep Zupporting him, and teZla should dissappear",https://www.youtube.com/watch?v=RVEj9-MyhHc&lc=UgxK5uJN6moEma4rWbF4AaABAg,2025-04-14T15:10:30Z,"he should keep Zupporting him, and teZla should dissappear",0,,trump
37,"OK, you don&#39;t like him, don&#39;t buy a Tesla. That is one thing, destroying property is another and is rightfully called an act of terror.<br>Boycotting Bud light involved no terrorism. Very strange, if you think that the protest came not from &quot;peacefull&quot; feminists.",https://www.youtube.com/watch?v=RVEj9-MyhHc&lc=UgxJlGq9S--Mmjjf3EB4AaABAg,2025-04-13T20:35:52Z,"OK, you don't like him, don't buy a Tesla. That is one thing, destroying property is another and is rightfully called an act of terror.
Boycotting Bud light involved no terrorism. Very strange, if you think that the protest came not from ""peacefull"" feminists.",0,,trump
38,Hello BYD,https://www.youtube.com/watch?v=RVEj9-MyhHc&lc=UgysMhILLqlmCgQqwKx4AaABAg,2025-04-13T20:20:35Z,Hello BYD,0,,trump
39,Ketamine man is a snowflake? Who could have imagined?,https://www.youtube.com/watch?v=RVEj9-MyhHc&lc=UgxWeZEEj4VnOGzaOAl4AaABAg,2025-04-13T20:02:03Z,Ketamine man is a snowflake? Who could have imagined?,0,,trump
40,haha. hahahaha.  hahahahaHAHAHA,https://www.youtube.com/watch?v=RVEj9-MyhHc&lc=UgygOnGpk4x87hv5Q5R4AaABAg,2025-04-13T19:42:04Z,haha. hahahaha.  hahahahaHAHAHA,0,,trump
41,"<a href=""https://www.youtube.com/watch?v=RVEj9-MyhHc&amp;t=335"">5:35</a> CCTV",https://www.youtube.com/watch?v=RVEj9-MyhHc&lc=Ugxi6aVeL5rYF5MPz2p4AaABAg,2025-04-13T06:09:30Z,5:35 CCTV,0,,trump
42,I knew this was BS as soon has he mentioned nazi salute,https://www.youtube.com/watch?v=RVEj9-MyhHc&lc=Ugx3nP4fP8OA4-8u-9x4AaABAg,2025-04-12T17:49:45Z,I knew this was BS as soon has he mentioned nazi salute,1,,trump
43,"Yea, as soon as Elon did the salute, we knew his time has come, he let the hate flow through him. Time to sell and boycott!",https://www.youtube.com/watch?v=RVEj9-MyhHc&lc=Ugx3nP4fP8OA4-8u-9x4AaABAg.AGpG-enrBWaAGpOWkMf965,2025-04-12T19:04:11Z,"Yea, as soon as Elon did the salute, we knew his time has come, he let the hate flow through him. Time to sell and boycott!",1,Ugx3nP4fP8OA4-8u-9x4AaABAg,trump
44,@ LoL,https://www.youtube.com/watch?v=RVEj9-MyhHc&lc=Ugx3nP4fP8OA4-8u-9x4AaABAg.AGpG-enrBWaAGpT3I4unsr,2025-04-12T19:43:51Z,@ LoL,1,Ugx3nP4fP8OA4-8u-9x4AaABAg,trump
45,​@TheEsseboyNothing wrong with a salute,https://www.youtube.com/watch?v=RVEj9-MyhHc&lc=Ugx3nP4fP8OA4-8u-9x4AaABAg.AGpG-enrBWaAGrL4RNB82c,2025-04-13T13:12:35Z,​@TheEsseboyNothing wrong with a salute,0,Ugx3nP4fP8OA4-8u-9x4AaABAg,trump
46,"@ I see someone has missed class quite a few times... go back, you need to learn.",https://www.youtube.com/watch?v=RVEj9-MyhHc&lc=Ugx3nP4fP8OA4-8u-9x4AaABAg.AGpG-enrBWaAGrx1PucQHf,2025-04-13T18:52:58Z,"@ I see someone has missed class quite a few times... go back, you need to learn.",0,Ugx3nP4fP8OA4-8u-9x4AaABAg,trump
47,Who are funding all this anti-American protests?,https://www.youtube.com/watch?v=RVEj9-MyhHc&lc=UgxjNRGvSSLWW3wPjpN4AaABAg,2025-04-12T12:18:07Z,Who are funding all this anti-American protests?,0,,trump
48,Im still buying my tesla :),https://www.youtube.com/watch?v=RVEj9-MyhHc&lc=UgxDlSa1qghH6eXrOnF4AaABAg,2025-04-11T15:24:04Z,Im still buying my tesla :),0,,trump
49,"Trump freed and pardoned Jan 6 rioters/extreme domestic terrorists, sigh..",https://www.youtube.com/watch?v=RVEj9-MyhHc&lc=UgyUDJtRXyIX5LtorIN4AaABAg,2025-04-11T01:08:55Z,"Trump freed and pardoned Jan 6 rioters/extreme domestic terrorists, sigh..",0,,trump
0,Musk is America&#39;s most dangerous man,https://www.youtube.com/watch?v=zts4Yp4-71I&lc=Ugy1Mkp5l4e8yyiDHal4AaABAg,2025-04-26T14:25:06Z,Musk is America's most dangerous man,0,,trump
1,Isn’t it funny now that Musk is running DOGE that all the reasons this video suggests that Musk is backing Trump for the stated personal benefits of his companies in reality has nothing to do with it. He has demonstrated that what he actually cares about is eliminating the corruption and the inefficiency in the government! He’s the man.,https://www.youtube.com/watch?v=zts4Yp4-71I&lc=Ugxd21advV5p7IxcYh94AaABAg,2025-04-20T05:00:59Z,Isn’t it funny now that Musk is running DOGE that all the reasons this video suggests that Musk is backing Trump for the stated personal benefits of his companies in reality has nothing to do with it. He has demonstrated that what he actually cares about is eliminating the corruption and the inefficiency in the government! He’s the man.,0,,trump
2,"U.S. President Donald Trump said, &quot;They rigged the election, and I became president.&quot; During a news conference with FIFA President Gianni Infantino in March 2025, thats why",https://www.youtube.com/watch?v=zts4Yp4-71I&lc=UgwUl_dMxBGZMQrTwcx4AaABAg,2025-04-07T22:16:06Z,"U.S. President Donald Trump said, ""They rigged the election, and I became president."" During a news conference with FIFA President Gianni Infantino in March 2025, thats why",0,,trump
3,"<a href=""https://www.youtube.com/watch?v=zts4Yp4-71I&amp;t=810"">13:30</a> Kamala . hate speech worse with Democrats looks like,… wants to take away gun rights. Under Democrats they’ve reversed discriminate on regular Americans",https://www.youtube.com/watch?v=zts4Yp4-71I&lc=UgyBmwm-ydtbe0SNj6B4AaABAg,2025-03-21T00:04:28Z,"13:30 Kamala . hate speech worse with Democrats looks like,… wants to take away gun rights. Under Democrats they’ve reversed discriminate on regular Americans",0,,trump
4,Elon and I were born within a week of one another.  He used to be a hero of mine.  His political positions are far from moderate though..  He has doomed Tesla that much I know.  Can’t wait to sell our Model Y at this point.,https://www.youtube.com/watch?v=zts4Yp4-71I&lc=UgxboZnXOLDWeeLqcsx4AaABAg,2025-02-26T20:25:27Z,Elon and I were born within a week of one another.  He used to be a hero of mine.  His political positions are far from moderate though..  He has doomed Tesla that much I know.  Can’t wait to sell our Model Y at this point.,0,,trump
5,Elon is the biggest Capitalist in the world!  The Democrats are Socialists!  How can they get along?  Off course Elon and Trump get along because Trump is also a Capitalist.,https://www.youtube.com/watch?v=zts4Yp4-71I&lc=UgzAfAz9pyllnmpDMf54AaABAg,2025-01-30T07:07:15Z,Elon is the biggest Capitalist in the world!  The Democrats are Socialists!  How can they get along?  Off course Elon and Trump get along because Trump is also a Capitalist.,0,,trump
6,I love elon musk,https://www.youtube.com/watch?v=zts4Yp4-71I&lc=UgwUDwt1Uglh0CTcg_p4AaABAg,2025-01-12T08:38:55Z,I love elon musk,0,,trump
7,"A true leader would emerge not from the ranks of those seeking power or control but from a place of service and genuine empowerment for others. In the U.S. and Canada, we’ve yet to see such a leader rise—someone who transcends labels and centralization to guide people toward autonomy, collaboration, and truth. The leaders we’ve seen often perpetuate division, reinforcing centralized power rather than dismantling it. True leadership, as we envision it, requires a fundamental shift away from ego-driven politics and toward collective empowerment. Until that happens, the cycle of control and manipulation will persist.",https://www.youtube.com/watch?v=zts4Yp4-71I&lc=UgwqzRaSwcKVCa6lGrV4AaABAg,2025-01-06T15:43:46Z,"A true leader would emerge not from the ranks of those seeking power or control but from a place of service and genuine empowerment for others. In the U.S. and Canada, we’ve yet to see such a leader rise—someone who transcends labels and centralization to guide people toward autonomy, collaboration, and truth. The leaders we’ve seen often perpetuate division, reinforcing centralized power rather than dismantling it. True leadership, as we envision it, requires a fundamental shift away from ego-driven politics and toward collective empowerment. Until that happens, the cycle of control and manipulation will persist.",0,,trump
8,He doesn’t support MAGA.<br>He supports anyone who benefits his business.,https://www.youtube.com/watch?v=zts4Yp4-71I&lc=UgwkJMDvApPmEqsFHH14AaABAg,2025-01-04T13:10:38Z,"He doesn’t support MAGA.
He supports anyone who benefits his business.",0,,trump
9,"The Dam in 2020 gave out money for people to go to bites too , too bad",https://www.youtube.com/watch?v=zts4Yp4-71I&lc=UgzgSzZyebPeLt68qnd4AaABAg,2025-01-03T13:25:16Z,"The Dam in 2020 gave out money for people to go to bites too , too bad",0,,trump
10,With trump’s proposed tariffs on China musk has a lot to lose because he has quite a few factories in China.,https://www.youtube.com/watch?v=zts4Yp4-71I&lc=Ugz8liRyvSXIwU9iNQR4AaABAg,2025-01-01T18:49:18Z,With trump’s proposed tariffs on China musk has a lot to lose because he has quite a few factories in China.,0,,trump
11,❤🎉😊,https://www.youtube.com/watch?v=zts4Yp4-71I&lc=UgwMET8oz6Umcc5iysV4AaABAg,2024-12-24T15:31:16Z,❤🎉😊,0,,trump
12,🎉❤😊,https://www.youtube.com/watch?v=zts4Yp4-71I&lc=UgwMET8oz6Umcc5iysV4AaABAg.ACRLVu0Cj3LACRLnAriF3P,2024-12-24T15:33:45Z,🎉❤😊,0,UgwMET8oz6Umcc5iysV4AaABAg,trump
13,More tax breaks for the rich and more corporate welfare for Musk its pretty simple it always comes down to the root of all evil money. It doesnt matter how much they got its never enough.,https://www.youtube.com/watch?v=zts4Yp4-71I&lc=UgziKjn3GxVKO2pBrDp4AaABAg,2024-12-24T11:47:36Z,More tax breaks for the rich and more corporate welfare for Musk its pretty simple it always comes down to the root of all evil money. It doesnt matter how much they got its never enough.,0,,trump
14,He wants Trump to help destroy America,https://www.youtube.com/watch?v=zts4Yp4-71I&lc=UgwNjZ1sGhDWnSUoJGt4AaABAg,2024-12-23T16:55:53Z,He wants Trump to help destroy America,0,,trump
15,"elon musk is not an American and therefore can not hold office in US Government. Remember Trump saying Obama can not run for office because Obama may not be an american? Obama has a birth certificate from the USA, Elon Musk has birth certificate from South Africa. Trump is a hypocrite.",https://www.youtube.com/watch?v=zts4Yp4-71I&lc=UgwyV_YrhqbzbXEQyhB4AaABAg,2024-12-23T14:13:42Z,"elon musk is not an American and therefore can not hold office in US Government. Remember Trump saying Obama can not run for office because Obama may not be an american? Obama has a birth certificate from the USA, Elon Musk has birth certificate from South Africa. Trump is a hypocrite.",0,,trump
16,These people are so wacko,https://www.youtube.com/watch?v=zts4Yp4-71I&lc=UgynLIJSDQFapcLoKFJ4AaABAg,2024-12-20T18:22:49Z,These people are so wacko,0,,trump
17,Musk is the good billionaire.  Soros is the opposite.,https://www.youtube.com/watch?v=zts4Yp4-71I&lc=Ugwc0LQs6UQ8XAyk1LN4AaABAg,2024-12-12T15:16:05Z,Musk is the good billionaire.  Soros is the opposite.,1,,trump
18,Because Elon backs winners not losers!,https://www.youtube.com/watch?v=zts4Yp4-71I&lc=Ugw-T_Vm3trDLUe2OPt4AaABAg,2024-12-08T19:05:58Z,Because Elon backs winners not losers!,1,,trump
19,Wrong. Time will tell and all in favor of EM will find out how dangerous he is for the America in decline,https://www.youtube.com/watch?v=zts4Yp4-71I&lc=UgybKfxzGg-itVGTXVd4AaABAg,2024-12-08T17:38:41Z,Wrong. Time will tell and all in favor of EM will find out how dangerous he is for the America in decline,0,,trump
20,I posted for HELP every day but it seemed my message doesn&#39;t deliver we&#39;re truly suffered needed HELP been Homeless here and no food since 2020,https://www.youtube.com/watch?v=zts4Yp4-71I&lc=UgzhqOk8lbeUi8RwpLl4AaABAg,2024-12-05T02:13:21Z,I posted for HELP every day but it seemed my message doesn't deliver we're truly suffered needed HELP been Homeless here and no food since 2020,0,,trump
21,I am the stakeholder the shareholder and my info blocked and NO INCOME at all how are we suppose to live??,https://www.youtube.com/watch?v=zts4Yp4-71I&lc=UgwU-C8y0KHDUFm1p0t4AaABAg,2024-12-05T02:09:52Z,I am the stakeholder the shareholder and my info blocked and NO INCOME at all how are we suppose to live??,0,,trump
22,"Am not against anybody, people put words in my mouth and that&#39;s what the misinformation about. Who ever did this should hold them accountable because my info blocked almost 5 years now.",https://www.youtube.com/watch?v=zts4Yp4-71I&lc=UgxdnKyycis3P4a6dKF4AaABAg,2024-12-05T02:08:22Z,"Am not against anybody, people put words in my mouth and that's what the misinformation about. Who ever did this should hold them accountable because my info blocked almost 5 years now.",0,,trump
23,Elon is a major con man n a fraud. Just like Trump,https://www.youtube.com/watch?v=zts4Yp4-71I&lc=UgzNeAZ1fQvaZEfpXgh4AaABAg,2024-12-04T18:21:45Z,Elon is a major con man n a fraud. Just like Trump,0,,trump
24,It’s patently silly to presume that anyone can whisper to Trump and make Trump do something he wasn’t already wanting to do.,https://www.youtube.com/watch?v=zts4Yp4-71I&lc=UgzWM3yYYCgwsgfp_S54AaABAg,2024-12-03T11:59:08Z,It’s patently silly to presume that anyone can whisper to Trump and make Trump do something he wasn’t already wanting to do.,0,,trump
25,This is just a Musk hack job,https://www.youtube.com/watch?v=zts4Yp4-71I&lc=UgyKcWwVauEAcVs6Znh4AaABAg,2024-12-03T11:57:53Z,This is just a Musk hack job,0,,trump
26,"Sky news, more fake news.",https://www.youtube.com/watch?v=zts4Yp4-71I&lc=UgwuWHgvZk2RT-U3cy54AaABAg,2024-12-03T03:44:25Z,"Sky news, more fake news.",0,,trump
27,Hello,https://www.youtube.com/watch?v=zts4Yp4-71I&lc=Ugxm1LtLPft7sjyXVSV4AaABAg,2024-12-02T09:43:32Z,Hello,0,,trump
28,Mask off,https://www.youtube.com/watch?v=zts4Yp4-71I&lc=Ugz5OVsvBkJmMI79voR4AaABAg,2024-12-02T08:12:01Z,Mask off,0,,trump
29,Sem vontar que primeiro eles usou comparsa mulher pra destruir o casamento da pessoa. E a mulher separou dele e foi embora na frente e depois o homem teve que ir embora abandonando a propria e única casa que ele tinha pra nao perder a vida . A quadrilha criou uma situação em volta da pessoa aqui dentro pra facilitar eles tirar a vida do cara pra ficar com a casa isso se ele nao abandona a casa pra quadrilha tomar conta. A quadrilha usa cria uma situação em volta das pessoas pra facilitar pra eles....,https://www.youtube.com/watch?v=zts4Yp4-71I&lc=Ugwu7R9oc-5eP_XkkFN4AaABAg,2024-12-01T11:09:22Z,Sem vontar que primeiro eles usou comparsa mulher pra destruir o casamento da pessoa. E a mulher separou dele e foi embora na frente e depois o homem teve que ir embora abandonando a propria e única casa que ele tinha pra nao perder a vida . A quadrilha criou uma situação em volta da pessoa aqui dentro pra facilitar eles tirar a vida do cara pra ficar com a casa isso se ele nao abandona a casa pra quadrilha tomar conta. A quadrilha usa cria uma situação em volta das pessoas pra facilitar pra eles....,0,,trump
30,Aqui teve um tempo que eles perseguiu uma pessoa e a pessoa por causa da casa da pessoa pra pessoa nao perder a vida teve que abandonar a casa e ir embora e a quadrilha fez documento falcificado  e ficou com a casa pra eles usar da forma que eles deseja...,https://www.youtube.com/watch?v=zts4Yp4-71I&lc=UgyYXLB9revWlm6aO5x4AaABAg,2024-12-01T11:02:38Z,Aqui teve um tempo que eles perseguiu uma pessoa e a pessoa por causa da casa da pessoa pra pessoa nao perder a vida teve que abandonar a casa e ir embora e a quadrilha fez documento falcificado  e ficou com a casa pra eles usar da forma que eles deseja...,0,,trump
31,"Quando essa quadrilha esta no poder  e o tempo que as pessoas sofre muito, muitos sifrem calado como eu sofri eles afasta todo mundo das pessoas eles dificulta tudo pra pessoa tentando seifar a vida das pessoas. E uma quadrilha que age fora da lei ladrão dr documentos e dos bens das pessoas pra justificar aquilo que eles fazem de errado.",https://www.youtube.com/watch?v=zts4Yp4-71I&lc=Ugzmqdrndj0WmsXSPlR4AaABAg,2024-12-01T10:57:22Z,"Quando essa quadrilha esta no poder  e o tempo que as pessoas sofre muito, muitos sifrem calado como eu sofri eles afasta todo mundo das pessoas eles dificulta tudo pra pessoa tentando seifar a vida das pessoas. E uma quadrilha que age fora da lei ladrão dr documentos e dos bens das pessoas pra justificar aquilo que eles fazem de errado.",0,,trump
32,Essa quadrilha que começa daqui que esta no poder que começa daqui regridi tudo onde eles estão eles atua naquele lugar pra acabar coma pessoas que ajudam a evoluir o lugar e eles comer roubar aquilo que as pessoas tem ..,https://www.youtube.com/watch?v=zts4Yp4-71I&lc=Ugx9bRazFduQ_o-sm7J4AaABAg,2024-12-01T10:51:11Z,Essa quadrilha que começa daqui que esta no poder que começa daqui regridi tudo onde eles estão eles atua naquele lugar pra acabar coma pessoas que ajudam a evoluir o lugar e eles comer roubar aquilo que as pessoas tem ..,0,,trump
33,Os ladrao traficantes e assacinos Valdir reis Leomir reis Fernando reis Jonas campos Ezequiel fonsceca e comparsas mandado por eles usa as cores vermelha e preta pra me ameaçar referindo luto passando próximo. Eles usa carro preto e vermelho me perseguindo ou estacionado próximo onde estou ou estacionado próximo onde vamos passar indo e voltando do sítio ou seguindo nos vindo atrás de nós ou vindo na nossa frente ou passando por nós indo e voltando do sítio. Cor vermelha representa luto também sangue guerra bandeira do PT ou organização criminosa. Cor preta significa luto....,https://www.youtube.com/watch?v=zts4Yp4-71I&lc=Ugx2-rWS7eI3z8-btOB4AaABAg,2024-12-01T10:47:13Z,Os ladrao traficantes e assacinos Valdir reis Leomir reis Fernando reis Jonas campos Ezequiel fonsceca e comparsas mandado por eles usa as cores vermelha e preta pra me ameaçar referindo luto passando próximo. Eles usa carro preto e vermelho me perseguindo ou estacionado próximo onde estou ou estacionado próximo onde vamos passar indo e voltando do sítio ou seguindo nos vindo atrás de nós ou vindo na nossa frente ou passando por nós indo e voltando do sítio. Cor vermelha representa luto também sangue guerra bandeira do PT ou organização criminosa. Cor preta significa luto....,0,,trump
34,"2 businessman running the country. Why not? Elon is for advancing humanities exploration &amp; conquest of our solar system &amp; Trump wants to save America from these, that, those, &amp; MAGA.",https://www.youtube.com/watch?v=zts4Yp4-71I&lc=UgxI-tJFE9ZmtdcxYTV4AaABAg,2024-12-01T09:49:23Z,"2 businessman running the country. Why not? Elon is for advancing humanities exploration & conquest of our solar system & Trump wants to save America from these, that, those, & MAGA.",0,,trump
35,Musk wants  control absolute control I hope I’m mistaken,https://www.youtube.com/watch?v=zts4Yp4-71I&lc=UgwxjpQ_o3S7sf0cpfx4AaABAg,2024-11-30T22:42:49Z,Musk wants  control absolute control I hope I’m mistaken,0,,trump
36,They tried to call the Hunter Biden laptop Russian disinformation. They want to control the narrative.,https://www.youtube.com/watch?v=zts4Yp4-71I&lc=UgyWecavJFLfBZXG5rR4AaABAg,2024-11-30T20:58:59Z,They tried to call the Hunter Biden laptop Russian disinformation. They want to control the narrative.,1,,trump
37,Nobody believes Elon is talking to Putin. Donald Trump wasn&#39;t colluding with Russia. Tulsi Gabbard isn’t a Russian agent. RFK isn’t a Russian asset. And Elon isn&#39;t talking to Putin. Please spare us this tired old narrative.,https://www.youtube.com/watch?v=zts4Yp4-71I&lc=Ugzck1OywdjXvFrpnnN4AaABAg,2024-11-30T20:56:53Z,Nobody believes Elon is talking to Putin. Donald Trump wasn't colluding with Russia. Tulsi Gabbard isn’t a Russian agent. RFK isn’t a Russian asset. And Elon isn't talking to Putin. Please spare us this tired old narrative.,0,,trump
38,"WHAT I DIDNT KNOW ABOUT THE GIVE AWAY... I PURPOSELY REGISTERED JUST TO VOTE FOR TRUMP IN CALIFORNIA.  OH WELL, I GOT CRYPTO ❤",https://www.youtube.com/watch?v=zts4Yp4-71I&lc=Ugy8OMy9ibChI2shTXN4AaABAg,2024-11-28T15:00:01Z,"WHAT I DIDNT KNOW ABOUT THE GIVE AWAY... I PURPOSELY REGISTERED JUST TO VOTE FOR TRUMP IN CALIFORNIA.  OH WELL, I GOT CRYPTO ❤",0,,trump
39,"MAGA:<br>Make Affluent Greed Again<br>Manipulate Audience Generate Absurdities<br>Money Acquired Growth Abandoned<br>Missing Accountability, Global Alienation<br>Mismanage Ambitions Gloom Alone<br>Manipulate Anti Government Abuses<br>Militarize Authoritarian Government Arrogance",https://www.youtube.com/watch?v=zts4Yp4-71I&lc=Ugw_BBZmK9Dor8llyKt4AaABAg,2024-11-28T14:04:14Z,"MAGA:
Make Affluent Greed Again
Manipulate Audience Generate Absurdities
Money Acquired Growth Abandoned
Missing Accountability, Global Alienation
Mismanage Ambitions Gloom Alone
Manipulate Anti Government Abuses
Militarize Authoritarian Government Arrogance",0,,trump
40,Te felisito amor  berte feliz  con tu presidente amor ❤️❤️❤️❤️ te amo condo te veo feliz ❤❤❤❤amor,https://www.youtube.com/watch?v=zts4Yp4-71I&lc=UgwP5Ccmukuw6j758y54AaABAg,2024-11-27T21:40:41Z,Te felisito amor  berte feliz  con tu presidente amor ❤️❤️❤️❤️ te amo condo te veo feliz ❤❤❤❤amor,0,,trump
41,Tax breaks,https://www.youtube.com/watch?v=zts4Yp4-71I&lc=Ugz3idfIU296X68oVgR4AaABAg,2024-11-26T22:53:57Z,Tax breaks,0,,trump
42,The reason why Elon musk  involved with  Trump  because he wanted to put chip in our brain,https://www.youtube.com/watch?v=zts4Yp4-71I&lc=UgzSheO7jP-QcZpl6GF4AaABAg,2024-11-26T18:39:16Z,The reason why Elon musk  involved with  Trump  because he wanted to put chip in our brain,0,,trump
43,"So what if Musks companies benefit from deregulation. As long as the rest of American business does too, it&#39;s a good thing.",https://www.youtube.com/watch?v=zts4Yp4-71I&lc=UgzNXy-x3hFnrBcNpNJ4AaABAg,2024-11-26T14:45:25Z,"So what if Musks companies benefit from deregulation. As long as the rest of American business does too, it's a good thing.",0,,trump
44,🎉❤love elon Trump,https://www.youtube.com/watch?v=zts4Yp4-71I&lc=UgxMCkd2oKFjOp6PugV4AaABAg,2024-11-25T05:59:14Z,🎉❤love elon Trump,0,,trump
45,We only have a small market for oil in <br>Aus 🇦🇺<br>25 million people <br><br>Usa could be a fine oil trade for a buisness trade im sure mid east needs some of our  iron ore etc... <br><br>Definetly a workable  trade situation<br>...in aus only 25-30 million we have a lot of lpg uranium and iron ore copper tin etc...<br><br>We just need oil for our markets and our cars even the car seats elec ev or not <br> are made from synthetic oil by products,https://www.youtube.com/watch?v=zts4Yp4-71I&lc=UgwZI-CkXJ8XgLRHm9F4AaABAg,2024-11-23T00:03:23Z,"We only have a small market for oil in 
Aus 🇦🇺
25 million people 

Usa could be a fine oil trade for a buisness trade im sure mid east needs some of our  iron ore etc... 

Definetly a workable  trade situation
...in aus only 25-30 million we have a lot of lpg uranium and iron ore copper tin etc...

We just need oil for our markets and our cars even the car seats elec ev or not 
 are made from synthetic oil by products",0,,trump
46,"Trump or him...Trump is maga and the Southafrican,the Southafrican is MAKE AGAIN WOKE AMÉRICA..MAWA",https://www.youtube.com/watch?v=zts4Yp4-71I&lc=Ugw9XA-BnWCAN3UO_Ph4AaABAg,2024-11-21T18:00:07Z,"Trump or him...Trump is maga and the Southafrican,the Southafrican is MAKE AGAIN WOKE AMÉRICA..MAWA",0,,trump
47,He is a two legged woke..the woke virus infecting healthy and decent America,https://www.youtube.com/watch?v=zts4Yp4-71I&lc=UgxEhYFk8utcvOLfg1x4AaABAg,2024-11-21T17:58:19Z,He is a two legged woke..the woke virus infecting healthy and decent America,0,,trump
48,Elion is the best discipline person in the history of man kind.,https://www.youtube.com/watch?v=zts4Yp4-71I&lc=UgwotzjOsXdCpBUDs8V4AaABAg,2024-11-21T16:02:59Z,Elion is the best discipline person in the history of man kind.,3,,trump
49,👏🤝👍🤑🦾💪🏿Gini_man!!!,https://www.youtube.com/watch?v=zts4Yp4-71I&lc=Ugx4OChE-FJFuFsaVOV4AaABAg,2024-11-21T13:46:58Z,👏🤝👍🤑🦾💪🏿Gini_man!!!,0,,trump
0,&quot; full-throated&quot;😂😅😅😂<br>that&#39;s what DT said..... &quot; elon endorses me<br>Full-Throated &quot; 😂😂😂😂😂😂😂😂😂😂<br>WTF does that even mean?!!😮😮,https://www.youtube.com/watch?v=AG8PlKt3cXs&lc=UgwskjbWwNg0twCDGOR4AaABAg,2024-09-19T08:40:19Z,""" full-throated""😂😅😅😂
that's what DT said..... "" elon endorses me
Full-Throated "" 😂😂😂😂😂😂😂😂😂😂
WTF does that even mean?!!😮😮",0,,trump
1,"Hahaha…Musk is no dummy, craws into bed with the clown and gives him millions to protect his “CHINESE “ made electric cars assets lol.<br>Trumpeters supposed to be against China made and importing goods that Americans should make…..but, we can make an exception for a few more million though I mean …common!",https://www.youtube.com/watch?v=AG8PlKt3cXs&lc=Ugz07pd4Nk0P2Rk5Uhh4AaABAg,2024-09-01T00:38:38Z,"Hahaha…Musk is no dummy, craws into bed with the clown and gives him millions to protect his “CHINESE “ made electric cars assets lol.
Trumpeters supposed to be against China made and importing goods that Americans should make…..but, we can make an exception for a few more million though I mean …common!",0,,trump
2,Lol never watching sky again,https://www.youtube.com/watch?v=AG8PlKt3cXs&lc=Ugw_yD-zWZtlbZHvF414AaABAg,2024-08-18T03:42:27Z,Lol never watching sky again,1,,trump
3,"<a href=""https://www.youtube.com/watch?v=AG8PlKt3cXs&amp;t=81"">1:21</a> he didn’t say that he said. people(Americans) voting for Kamala should have their head checked. Nothing about race or religion",https://www.youtube.com/watch?v=AG8PlKt3cXs&lc=Ugx3T1YWvflUVzXZm4V4AaABAg,2024-08-17T13:39:53Z,1:21 he didn’t say that he said. people(Americans) voting for Kamala should have their head checked. Nothing about race or religion,0,,trump
4,"Just change your name to TDS News and be done with it, Sly.",https://www.youtube.com/watch?v=AG8PlKt3cXs&lc=Ugyuw5WpqkDHPFWBSbN4AaABAg,2024-08-17T07:27:53Z,"Just change your name to TDS News and be done with it, Sly.",1,,trump
5,"When Musk says he wants to help humanity, he&#39;s lying. I cite his endorsement of convicted felon, rapist, fraudster and insurrectionist Donald Trump.<br>I can only suppose Musk&#39;s decision is based on self interest because Trump already gave a big tax break to the wealthy while in office and has said he will do exactly that again. Worth noting it bumped up national debt bigly doing this before! 😬🤢",https://www.youtube.com/watch?v=AG8PlKt3cXs&lc=UgzUXOZzJwtCBB_ruSJ4AaABAg,2024-08-16T11:03:11Z,"When Musk says he wants to help humanity, he's lying. I cite his endorsement of convicted felon, rapist, fraudster and insurrectionist Donald Trump.
I can only suppose Musk's decision is based on self interest because Trump already gave a big tax break to the wealthy while in office and has said he will do exactly that again. Worth noting it bumped up national debt bigly doing this before! 😬🤢",0,,trump
6,"Musk is genius adolescent gullible billionaire, naively being played by an old conman.",https://www.youtube.com/watch?v=AG8PlKt3cXs&lc=Ugw3cGRGbLrLT0uHG8h4AaABAg,2024-08-16T05:40:12Z,"Musk is genius adolescent gullible billionaire, naively being played by an old conman.",0,,trump
7,2 30 sec commercial! Very off putting utube!,https://www.youtube.com/watch?v=AG8PlKt3cXs&lc=UgxUnzTywi7085g_3dR4AaABAg,2024-08-15T11:07:59Z,2 30 sec commercial! Very off putting utube!,0,,trump
8,"It was a great ralk between both, and he did not lie he was very accurate, but oh no sky like to push there lies",https://www.youtube.com/watch?v=AG8PlKt3cXs&lc=Ugwl43gg81QZKQzgToN4AaABAg,2024-08-15T07:31:48Z,"It was a great ralk between both, and he did not lie he was very accurate, but oh no sky like to push there lies",0,,trump
9,"Trump sounding like Daffy Duck without his teeth in and JD Vance looking like Caitlin Jenner with his eyeliner on, what a duo!",https://www.youtube.com/watch?v=AG8PlKt3cXs&lc=UgwIdS2kgQxatXYRZKB4AaABAg,2024-08-15T06:46:57Z,"Trump sounding like Daffy Duck without his teeth in and JD Vance looking like Caitlin Jenner with his eyeliner on, what a duo!",2,,trump
10,"&quot;Sly News , your bias is so far left of center that it&#39;s hard to justify watching your rhetoric. It&#39;s unreasonable to expect support for such one-sided coverage.&quot;",https://www.youtube.com/watch?v=AG8PlKt3cXs&lc=Ugz7G6cZt34rYumWtoZ4AaABAg,2024-08-14T21:30:11Z,"""Sly News , your bias is so far left of center that it's hard to justify watching your rhetoric. It's unreasonable to expect support for such one-sided coverage.""",0,,trump
11,"Elon musk endorsing Trump will lose all credibility he ever had , which wasn’t much , speaks volumes for musks integrity",https://www.youtube.com/watch?v=AG8PlKt3cXs&lc=Ugze1TwyRYyhwqMNF1B4AaABAg,2024-08-14T20:42:50Z,"Elon musk endorsing Trump will lose all credibility he ever had , which wasn’t much , speaks volumes for musks integrity",1,,trump
12,Why was Trump slurring his words is it due to his condition??,https://www.youtube.com/watch?v=AG8PlKt3cXs&lc=UgwK3LCyeCwGnIeuFk54AaABAg,2024-08-14T19:40:04Z,Why was Trump slurring his words is it due to his condition??,1,,trump
13,"Trump either sounded like Grandpa Simpson without his teeth, or Elmer Fudd 😂😂😂",https://www.youtube.com/watch?v=AG8PlKt3cXs&lc=UgzeTVHdO0ROkWl8Pax4AaABAg,2024-08-14T19:01:25Z,"Trump either sounded like Grandpa Simpson without his teeth, or Elmer Fudd 😂😂😂",1,,trump
14,"Just finished the convo. It was amazing, human and true. Everything this women and sky news isn’t 🙌🏾",https://www.youtube.com/watch?v=AG8PlKt3cXs&lc=UgwO0iv3KtseYTELDUF4AaABAg,2024-08-14T10:35:42Z,"Just finished the convo. It was amazing, human and true. Everything this women and sky news isn’t 🙌🏾",0,,trump
15,"Life is cruel and unfair.<br>Poor Donald Duck. 78. The second oldest candidate for presidency. Apart from insulting his opponents, yelling and lying, what can Americans expect from him??",https://www.youtube.com/watch?v=AG8PlKt3cXs&lc=UgwkPwpDcS1hpXQ7OnR4AaABAg,2024-08-14T08:54:52Z,"Life is cruel and unfair.
Poor Donald Duck. 78. The second oldest candidate for presidency. Apart from insulting his opponents, yelling and lying, what can Americans expect from him??",0,,trump
16,"Boo hoo,  the nasty orange man is becoming more popular than ever, boo hoo 😢<br><br>Sky News, Democrat propagandists",https://www.youtube.com/watch?v=AG8PlKt3cXs&lc=Ugzg6UXGxSIOdL1Wcyt4AaABAg,2024-08-14T08:40:08Z,"Boo hoo,  the nasty orange man is becoming more popular than ever, boo hoo 😢

Sky News, Democrat propagandists",0,,trump
17,Sky News should acknowledge the phenomenal amount of people that tuned into it despite the technical difficulties.,https://www.youtube.com/watch?v=AG8PlKt3cXs&lc=Ugy-WdmsCJC9BaRLgtd4AaABAg,2024-08-14T08:25:31Z,Sky News should acknowledge the phenomenal amount of people that tuned into it despite the technical difficulties.,0,,trump
18,Phenomenal? Whats the result?,https://www.youtube.com/watch?v=AG8PlKt3cXs&lc=Ugy-WdmsCJC9BaRLgtd4AaABAg.A76gr6_De6uA76zq7YWQQ4,2024-08-14T11:11:24Z,Phenomenal? Whats the result?,0,Ugy-WdmsCJC9BaRLgtd4AaABAg,trump
19,@RAWSET estimated a billion views.,https://www.youtube.com/watch?v=AG8PlKt3cXs&lc=Ugy-WdmsCJC9BaRLgtd4AaABAg.A76gr6_De6uA77ZYbxP7Qd,2024-08-14T16:32:11Z,@RAWSET estimated a billion views.,0,Ugy-WdmsCJC9BaRLgtd4AaABAg,trump
20,Cry more Sky News 🥲,https://www.youtube.com/watch?v=AG8PlKt3cXs&lc=UgxB3to8LMGPnedl7pR4AaABAg,2024-08-14T05:52:33Z,Cry more Sky News 🥲,0,,trump
21,It just took a while for them to figure out how to stream their piss into each others pockets.,https://www.youtube.com/watch?v=AG8PlKt3cXs&lc=UgxbnMcUytWnCpL0-ix4AaABAg,2024-08-14T02:59:59Z,It just took a while for them to figure out how to stream their piss into each others pockets.,0,,trump
22,All I could hear was the text &quot;largest deportation&quot; Nothing else mattered.,https://www.youtube.com/watch?v=AG8PlKt3cXs&lc=Ugyof29F9t-uxWtS46F4AaABAg,2024-08-14T02:25:53Z,"All I could hear was the text ""largest deportation"" Nothing else mattered.",0,,trump
23,Was it a DDoS or were people just not interested in Trump? I called the dentist to work on my teeth instead of watching Trump 😅,https://www.youtube.com/watch?v=AG8PlKt3cXs&lc=UgxXVdCTLPWMBevhlup4AaABAg,2024-08-14T00:59:08Z,Was it a DDoS or were people just not interested in Trump? I called the dentist to work on my teeth instead of watching Trump 😅,1,,trump
24,EU Charter of Fundamental Rights.<br><br>Article 11 - Freedom of expression and information.<br><br>1. Everyone has the right to freedom of expression. This right shall include freedom to hold opinions and to receive and impart information and ideas without interference by public authority and regardless of frontiers.<br>2. The freedom and pluralism of the media shall be respected.,https://www.youtube.com/watch?v=AG8PlKt3cXs&lc=UgxVSBvXHaoVuxc6AYN4AaABAg,2024-08-13T22:49:16Z,"EU Charter of Fundamental Rights.

Article 11 - Freedom of expression and information.

1. Everyone has the right to freedom of expression. This right shall include freedom to hold opinions and to receive and impart information and ideas without interference by public authority and regardless of frontiers.
2. The freedom and pluralism of the media shall be respected.",0,,trump
25,Not sure that an endorsement from musk is a bonus for anyone.,https://www.youtube.com/watch?v=AG8PlKt3cXs&lc=UgxVR3z10o1lcch6jFd4AaABAg,2024-08-13T22:10:15Z,Not sure that an endorsement from musk is a bonus for anyone.,1,,trump
26,I would believe Elon musk over all the news media combined any day 😂,https://www.youtube.com/watch?v=AG8PlKt3cXs&lc=UgzNTYG-orhSLHL5CiR4AaABAg,2024-08-13T22:08:40Z,I would believe Elon musk over all the news media combined any day 😂,0,,trump
27,How is sky news still on air ? 😂,https://www.youtube.com/watch?v=AG8PlKt3cXs&lc=Ugx5aWCCVaFZubusRkV4AaABAg,2024-08-13T22:08:00Z,How is sky news still on air ? 😂,0,,trump
28,Looks like the establishment have been offended,https://www.youtube.com/watch?v=AG8PlKt3cXs&lc=UgzkpHFaqUTjaPebnLh4AaABAg,2024-08-13T21:58:03Z,Looks like the establishment have been offended,1,,trump
29,"Those two, just want to show everyone their face, get attention from public, without those attention they cannot survive.",https://www.youtube.com/watch?v=AG8PlKt3cXs&lc=Ugwg2kMksrVu_0ifKCF4AaABAg,2024-08-13T21:12:53Z,"Those two, just want to show everyone their face, get attention from public, without those attention they cannot survive.",2,,trump
30,Stand with TRUMP 2024 ❤️🇺🇸,https://www.youtube.com/watch?v=AG8PlKt3cXs&lc=Ugx-G1nQbobn-4R4Amt4AaABAg,2024-08-13T20:17:51Z,Stand with TRUMP 2024 ❤️🇺🇸,0,,trump
31,Why would ANYONE Doubt ELON Musk? I mean he is One of the Brightest Individuals in our Country/Probably the World!,https://www.youtube.com/watch?v=AG8PlKt3cXs&lc=Ugy1QNoZLAFjm4w55Mh4AaABAg,2024-08-13T20:16:58Z,Why would ANYONE Doubt ELON Musk? I mean he is One of the Brightest Individuals in our Country/Probably the World!,0,,trump
32,Not sure if Sky news actually know that both Trump and Musk were democrats at one point and then realised that the left are so mentally retarded and have moved so far left that even though Musk and Trumps stance haven&#39;t really changed their stance they find themselves in the republican camp.,https://www.youtube.com/watch?v=AG8PlKt3cXs&lc=Ugz16q-TmyFNfpcKEHt4AaABAg,2024-08-13T19:59:43Z,Not sure if Sky news actually know that both Trump and Musk were democrats at one point and then realised that the left are so mentally retarded and have moved so far left that even though Musk and Trumps stance haven't really changed their stance they find themselves in the republican camp.,0,,trump
33,Wow. That was a terrible interview all the way around. Mr Trump is losing it.,https://www.youtube.com/watch?v=AG8PlKt3cXs&lc=Ugz4UdmFboNf5dnpn2V4AaABAg,2024-08-13T18:46:33Z,Wow. That was a terrible interview all the way around. Mr Trump is losing it.,1,,trump
34,Waaaaaa waaaaaa waaaaaa,https://www.youtube.com/watch?v=AG8PlKt3cXs&lc=Ugw91_meTsxVxTaYzjN4AaABAg,2024-08-13T18:38:40Z,Waaaaaa waaaaaa waaaaaa,0,,trump
35,Sky News has truly nothing to gloat about when hiring hacks like this woman.,https://www.youtube.com/watch?v=AG8PlKt3cXs&lc=UgwNzi2XwKVEy1Hzz9R4AaABAg,2024-08-13T18:28:10Z,Sky News has truly nothing to gloat about when hiring hacks like this woman.,3,,trump
36,I wonder why every Youtube &quot;Top News&quot; video on this is a Leftist/MSM propaganda hit piece and not the actual interview?,https://www.youtube.com/watch?v=AG8PlKt3cXs&lc=Ugxj6sU4xgm4J1q32EB4AaABAg,2024-08-13T18:24:47Z,"I wonder why every Youtube ""Top News"" video on this is a Leftist/MSM propaganda hit piece and not the actual interview?",0,,trump
37,"It wasn&#39;t a &quot;cyber attack&quot;, just like the desantis trainwreck the platform just couldn&#39;t handle the traffic. Funny enough he fired most of the people who maintained it and his lead engineer and only person that knew every aspect of the system said F this i&#39;m out a week ago.",https://www.youtube.com/watch?v=AG8PlKt3cXs&lc=UgxlGh8yn9qqpo37I3t4AaABAg,2024-08-13T18:07:52Z,"It wasn't a ""cyber attack"", just like the desantis trainwreck the platform just couldn't handle the traffic. Funny enough he fired most of the people who maintained it and his lead engineer and only person that knew every aspect of the system said F this i'm out a week ago.",1,,trump
38,"What a god awful interview that was…..,",https://www.youtube.com/watch?v=AG8PlKt3cXs&lc=Ugwl-MBP5vyzr1sr-Cx4AaABAg,2024-08-13T18:04:09Z,"What a god awful interview that was…..,",0,,trump
39,Hilarious that the tinternet went down !,https://www.youtube.com/watch?v=AG8PlKt3cXs&lc=Ugx1lNcOtOSvt4f3sXt4AaABAg,2024-08-13T18:02:10Z,Hilarious that the tinternet went down !,0,,trump
40,Do we really believe the media anymore,https://www.youtube.com/watch?v=AG8PlKt3cXs&lc=UgwbSBv81jsEFpy0cq94AaABAg,2024-08-13T18:02:09Z,Do we really believe the media anymore,3,,trump
41,CIA interrupted the meeting at the direction of the democrats,https://www.youtube.com/watch?v=AG8PlKt3cXs&lc=UgxfgFqAXw7oBk9yg1t4AaABAg,2024-08-13T18:01:15Z,CIA interrupted the meeting at the direction of the democrats,0,,trump
42,LOL. Trump sounded like Daffy Duck.,https://www.youtube.com/watch?v=AG8PlKt3cXs&lc=Ugw9TWpb7MZwA4OPU214AaABAg,2024-08-13T17:42:39Z,LOL. Trump sounded like Daffy Duck.,1,,trump
43,No one damage&#39;s Trump&#39;s campaign better than Trump.<br>He&#39;s an old weird rambling fool.,https://www.youtube.com/watch?v=AG8PlKt3cXs&lc=UgxULAAuUs9ZcInLJCF4AaABAg,2024-08-13T17:14:44Z,"No one damage's Trump's campaign better than Trump.
He's an old weird rambling fool.",1,,trump
44,"I&#39;m sure they endorse each other, the narcissists.",https://www.youtube.com/watch?v=AG8PlKt3cXs&lc=UgwCc7hssRLtzrJlfxN4AaABAg,2024-08-13T17:13:58Z,"I'm sure they endorse each other, the narcissists.",1,,trump
45,"Nothings going Desperate Dons way at the moment like the Polls, vote Kool Kamala.",https://www.youtube.com/watch?v=AG8PlKt3cXs&lc=UgzNJRSq7u7zJOHOd6B4AaABAg,2024-08-13T16:49:51Z,"Nothings going Desperate Dons way at the moment like the Polls, vote Kool Kamala.",0,,trump
46,Musk has just turned Dumbnuts Donny into a puppet.<br>Just like Putana has.<br>God Bless America.,https://www.youtube.com/watch?v=AG8PlKt3cXs&lc=UgxQmV7W8VjSKmBbgIt4AaABAg,2024-08-13T16:35:06Z,"Musk has just turned Dumbnuts Donny into a puppet.
Just like Putana has.
God Bless America.",0,,trump
47,"Elon musk himself is a political nightmare, I don&#39;t even feel like he is the right person to tell us about this!!!",https://www.youtube.com/watch?v=AG8PlKt3cXs&lc=UgxD3Vw5GUMd2LpL6Kh4AaABAg,2024-08-13T16:33:52Z,"Elon musk himself is a political nightmare, I don't even feel like he is the right person to tell us about this!!!",1,,trump
48,Why doesn&#39;t Musk run for the Office himself?<br>He could quite easily buy himself into any MAGA party he wants!!,https://www.youtube.com/watch?v=AG8PlKt3cXs&lc=UgwwEt8ct_HLTwxF4B14AaABAg,2024-08-13T16:32:35Z,"Why doesn't Musk run for the Office himself?
He could quite easily buy himself into any MAGA party he wants!!",0,,trump
49,Used to like this station.  Sounds like this lady has a chip on shoulder.,https://www.youtube.com/watch?v=AG8PlKt3cXs&lc=UgxdQvb9G0CB2Nk8uKN4AaABAg,2024-08-13T16:29:03Z,Used to like this station.  Sounds like this lady has a chip on shoulder.,0,,trump
0,Elon looks like he&#39;s having so much fun ❤,https://www.youtube.com/watch?v=2y9FS7YmPb4&lc=UgzGOGo6ss5BZ_k8_-h4AaABAg,2024-11-15T00:34:31Z,Elon looks like he's having so much fun ❤,0,,trump
1,Good for Australia,https://www.youtube.com/watch?v=2y9FS7YmPb4&lc=UgwDmO8SF_E2PSwHEgJ4AaABAg,2024-10-19T13:31:53Z,Good for Australia,0,,trump
2,"I am deeply saddened and disgusted watching Sky News Australia turning from a credible news channel into Fox News Lite; a toxic, partisan, divisive channel that seeks to stoke outrage for views and seems to have abandoned journalistic integrity.  Meh.",https://www.youtube.com/watch?v=2y9FS7YmPb4&lc=UgxK9-3rt4g5FK6_3bx4AaABAg,2024-10-14T20:25:55Z,"I am deeply saddened and disgusted watching Sky News Australia turning from a credible news channel into Fox News Lite; a toxic, partisan, divisive channel that seeks to stoke outrage for views and seems to have abandoned journalistic integrity.  Meh.",0,,trump
3,Musk should buy a new station like ABC 😂,https://www.youtube.com/watch?v=2y9FS7YmPb4&lc=Ugy9IY0U308ZOG_WgZx4AaABAg,2024-10-14T18:02:59Z,Musk should buy a new station like ABC 😂,0,,trump
4,"As a Kenyan who’s been shaped by both my Indian heritage and global influences, I used to lean heavily toward the Democrats, supporting their focus on social justice and equality. When Trump won the presidency, I was genuinely surprised. Like many others at the time, I couldn’t understand why Americans had chosen someone who seemed to represent such divisive ideas. I was strongly opposed to his rhetoric and saw his victory as a backward step. But over the years, my perspective has shifted, and it wasn&#39;t due to Trump himself but rather due to the far-left movement. A significant factor in my change of heart was the way the far left has handled issues around gender. While I still support equality, their rhetoric on gender began to feel excessive. I started to feel like the far left was pushing an agenda that wasn’t based in reality, particularly when it came to discussions about gender identity. The argument that gender is entirely a social construct, separate from biological sex, felt too extreme to me. While I acknowledge that gender identity can be a complex issue, some of the ideas the far left promotes didn’t align with my understanding of basic biology. The far left also seemed to push this narrative in a way that left little room for debate. It became a question of accepting these ideas without question, and if you didn’t, you were labeled intolerant or bigoted. This approach felt dogmatic, as though they were demanding total agreement, which made me uncomfortable. I believe in equality, but I also believe in the importance of open discussion, where different viewpoints can be heard and respected. This rigidity made me question whether the far left was more focused on pushing an ideological agenda than on fostering meaningful change. At the same time, I began to reconsider some of the ideas coming from the right. I don’t agree with everything Trump represents, and many of his policies wouldn’t directly affect me here in Kenya. But what I did start to appreciate was his challenge to some of the more extreme ideas coming from the left. Trump’s policies, particularly his nationalist approach, started to make more sense to me in contrast to the far left’s cultural push. While I don’t support all his actions or ideas, I found that he offered a perspective that seemed more grounded in reality, at least compared to the far-left extremes. For example, while Trump’s policies on immigration or the economy might not directly impact me, I did appreciate his rejection of political correctness and his defense of traditional values. His approach felt more practical, especially when compared to the far-left&#39;s push to reshape society according to ideas I couldn’t agree with. This doesn’t mean I fully support everything Trump stands for, but his stance on certain cultural issues resonated with me in a way the far-left’s positions no longer did. What ultimately pushed me away from the far left was their growing insistence on pushing a single narrative on gender issues and the refusal to engage in open debate. It wasn’t that I suddenly became a conservative, but I found myself rejecting the extremes of the left, which felt out of touch with reality. I believe in fairness, equality, and social progress, but I also believe in having discussions where differing viewpoints can be explored, not silenced. Over time, I’ve shifted toward the political center and now lean moderately right. It’s not because I’ve adopted conservative views on everything, but because I’ve grown tired of the far left’s extreme positions, particularly on cultural issues like gender. In a world where political discussions are often polarized, I’ve come to appreciate a more balanced approach, where ideas are debated openly, and not every disagreement leads to labels or judgment. My move away from the far left wasn’t about any particular policy that impacted me directly. It was more about rejecting the cultural direction they’ve taken, particularly on gender issues. The rhetoric they push just doesn’t seem true to me, and I feel more comfortable aligning with a more moderate position that allows for diverse opinions without imposing a single narrative.",https://www.youtube.com/watch?v=2y9FS7YmPb4&lc=Ugx9pprDvaICM6zcpbJ4AaABAg,2024-10-12T12:08:02Z,"As a Kenyan who’s been shaped by both my Indian heritage and global influences, I used to lean heavily toward the Democrats, supporting their focus on social justice and equality. When Trump won the presidency, I was genuinely surprised. Like many others at the time, I couldn’t understand why Americans had chosen someone who seemed to represent such divisive ideas. I was strongly opposed to his rhetoric and saw his victory as a backward step. But over the years, my perspective has shifted, and it wasn't due to Trump himself but rather due to the far-left movement. A significant factor in my change of heart was the way the far left has handled issues around gender. While I still support equality, their rhetoric on gender began to feel excessive. I started to feel like the far left was pushing an agenda that wasn’t based in reality, particularly when it came to discussions about gender identity. The argument that gender is entirely a social construct, separate from biological sex, felt too extreme to me. While I acknowledge that gender identity can be a complex issue, some of the ideas the far left promotes didn’t align with my understanding of basic biology. The far left also seemed to push this narrative in a way that left little room for debate. It became a question of accepting these ideas without question, and if you didn’t, you were labeled intolerant or bigoted. This approach felt dogmatic, as though they were demanding total agreement, which made me uncomfortable. I believe in equality, but I also believe in the importance of open discussion, where different viewpoints can be heard and respected. This rigidity made me question whether the far left was more focused on pushing an ideological agenda than on fostering meaningful change. At the same time, I began to reconsider some of the ideas coming from the right. I don’t agree with everything Trump represents, and many of his policies wouldn’t directly affect me here in Kenya. But what I did start to appreciate was his challenge to some of the more extreme ideas coming from the left. Trump’s policies, particularly his nationalist approach, started to make more sense to me in contrast to the far left’s cultural push. While I don’t support all his actions or ideas, I found that he offered a perspective that seemed more grounded in reality, at least compared to the far-left extremes. For example, while Trump’s policies on immigration or the economy might not directly impact me, I did appreciate his rejection of political correctness and his defense of traditional values. His approach felt more practical, especially when compared to the far-left's push to reshape society according to ideas I couldn’t agree with. This doesn’t mean I fully support everything Trump stands for, but his stance on certain cultural issues resonated with me in a way the far-left’s positions no longer did. What ultimately pushed me away from the far left was their growing insistence on pushing a single narrative on gender issues and the refusal to engage in open debate. It wasn’t that I suddenly became a conservative, but I found myself rejecting the extremes of the left, which felt out of touch with reality. I believe in fairness, equality, and social progress, but I also believe in having discussions where differing viewpoints can be explored, not silenced. Over time, I’ve shifted toward the political center and now lean moderately right. It’s not because I’ve adopted conservative views on everything, but because I’ve grown tired of the far left’s extreme positions, particularly on cultural issues like gender. In a world where political discussions are often polarized, I’ve come to appreciate a more balanced approach, where ideas are debated openly, and not every disagreement leads to labels or judgment. My move away from the far left wasn’t about any particular policy that impacted me directly. It was more about rejecting the cultural direction they’ve taken, particularly on gender issues. The rhetoric they push just doesn’t seem true to me, and I feel more comfortable aligning with a more moderate position that allows for diverse opinions without imposing a single narrative.",0,,trump
5,Thnk God for sky News Australia &amp; of course CHEATED(as in he/ we got cheated) POTUS45 by those Law-Breaking Leftists 🇺🇲 TRUMP24🦸‍♂️,https://www.youtube.com/watch?v=2y9FS7YmPb4&lc=UgzJtN7WYZ3lHs0tgHN4AaABAg,2024-10-11T10:17:42Z,Thnk God for sky News Australia & of course CHEATED(as in he/ we got cheated) POTUS45 by those Law-Breaking Leftists 🇺🇲 TRUMP24🦸‍♂️,0,,trump
6,"Elon Musk destroyed free speech as it existed on twitter. He reinstated Trump who&#39;d been banned for spreading lies. He and Trump are like two peas in a pod, neither with morals nor any use for the public other than to detrimentally use people to satisfy the delights of their own, dementedly swollen egos.",https://www.youtube.com/watch?v=2y9FS7YmPb4&lc=Ugw9QBiNgmHLoCQCHMl4AaABAg,2024-10-10T21:09:56Z,"Elon Musk destroyed free speech as it existed on twitter. He reinstated Trump who'd been banned for spreading lies. He and Trump are like two peas in a pod, neither with morals nor any use for the public other than to detrimentally use people to satisfy the delights of their own, dementedly swollen egos.",0,,trump
7,"Elon, you must be crazy. The language &quot;fight fight fight&quot; is a dangerous rectoric  to use in politics.  Are you trying to bring in a politician  with that kind of questionable ccharacter?",https://www.youtube.com/watch?v=2y9FS7YmPb4&lc=UgyutNyF0t9iyg3D-fd4AaABAg,2024-10-10T16:12:57Z,"Elon, you must be crazy. The language ""fight fight fight"" is a dangerous rectoric  to use in politics.  Are you trying to bring in a politician  with that kind of questionable ccharacter?",1,,trump
8,Vote for Trump,https://www.youtube.com/watch?v=2y9FS7YmPb4&lc=UgyOc4gKwF1KCbW1hNt4AaABAg,2024-10-10T16:09:36Z,Vote for Trump,0,,trump
9,Just like DEPLORABLES believing in a man that isn&#39;t an American but what do you expect from putin loving DEPLORABLES,https://www.youtube.com/watch?v=2y9FS7YmPb4&lc=Ugzmr0CIwvIq6ISl7Ix4AaABAg,2024-10-09T16:14:19Z,Just like DEPLORABLES believing in a man that isn't an American but what do you expect from putin loving DEPLORABLES,0,,trump
10,🤢,https://www.youtube.com/watch?v=2y9FS7YmPb4&lc=UgwnhgRKGcFzG3e0QvB4AaABAg,2024-10-08T09:57:21Z,🤢,0,,trump
11,VOTE... TRUMP FOR PRISON IN 2025.💙💙💙💙,https://www.youtube.com/watch?v=2y9FS7YmPb4&lc=UgwgjJdcMst6N1OUR3l4AaABAg,2024-10-08T07:31:24Z,VOTE... TRUMP FOR PRISON IN 2025.💙💙💙💙,0,,trump
12,Looks to me like privatising America. American tax dollars is not for NASA it&#39;s redirected to space x a private corporation,https://www.youtube.com/watch?v=2y9FS7YmPb4&lc=Ugz-tn0OJu4hYtotg394AaABAg,2024-10-08T06:20:48Z,Looks to me like privatising America. American tax dollars is not for NASA it's redirected to space x a private corporation,0,,trump
13,Yeah. That&#39;s not weird at all 😬,https://www.youtube.com/watch?v=2y9FS7YmPb4&lc=UgwPFPQe8j28tFlKBUd4AaABAg,2024-10-08T04:20:54Z,Yeah. That's not weird at all 😬,0,,trump
14,Now my vote is completely safe. For the good of humanity. For the good of the whole world.,https://www.youtube.com/watch?v=2y9FS7YmPb4&lc=Ugxme4lr7t0KzOaryhp4AaABAg,2024-10-07T23:45:48Z,Now my vote is completely safe. For the good of humanity. For the good of the whole world.,0,,trump
15,Elon jumping around to avoid getting shot.,https://www.youtube.com/watch?v=2y9FS7YmPb4&lc=UgyD23vASe-O2NWaEXl4AaABAg,2024-10-07T23:25:49Z,Elon jumping around to avoid getting shot.,0,,trump
16,Putting the &quot;Elon into &quot;fElon.&quot;,https://www.youtube.com/watch?v=2y9FS7YmPb4&lc=UgxasfY12BjoyETDyiR4AaABAg,2024-10-07T19:20:17Z,"Putting the ""Elon into ""fElon.""",0,,trump
17,Look at the sloppy way this guy dresses. Tries to look intelligent ànd classy.,https://www.youtube.com/watch?v=2y9FS7YmPb4&lc=UgzKfiWzVGCpY-PiSi14AaABAg,2024-10-07T18:51:15Z,Look at the sloppy way this guy dresses. Tries to look intelligent ànd classy.,0,,trump
18,Australians be heartened by these blockheads. You&#39;ve shown that Americans are not the only pathetic irrational fools in the world. By God. Wake up turkeys.,https://www.youtube.com/watch?v=2y9FS7YmPb4&lc=UgyUYCkExLYDe1xiyCZ4AaABAg,2024-10-07T18:48:24Z,Australians be heartened by these blockheads. You've shown that Americans are not the only pathetic irrational fools in the world. By God. Wake up turkeys.,1,,trump
19,Pack of <br>Jerks in sky . Embarrassing to be as foolish as these dumb Australians.,https://www.youtube.com/watch?v=2y9FS7YmPb4&lc=Ugz8dlOAXXiDWO_b6O14AaABAg,2024-10-07T18:43:06Z,"Pack of 
Jerks in sky . Embarrassing to be as foolish as these dumb Australians.",0,,trump
20,Happiest I have ever seen him I think he has found his family,https://www.youtube.com/watch?v=2y9FS7YmPb4&lc=UgyDWYGJu3TgACONH4F4AaABAg,2024-10-07T16:04:07Z,Happiest I have ever seen him I think he has found his family,0,,trump
21,Yes Make America Great Again 😊❤,https://www.youtube.com/watch?v=2y9FS7YmPb4&lc=Ugyvr0G8q8RXRnwBESJ4AaABAg,2024-10-07T14:00:46Z,Yes Make America Great Again 😊❤,0,,trump
22,rocket man is a now despised greedy traitor,https://www.youtube.com/watch?v=2y9FS7YmPb4&lc=Ugwo4BVvyznOgfA8nqN4AaABAg,2024-10-07T12:30:28Z,rocket man is a now despised greedy traitor,0,,trump
23,Go Trump! Only Trump! Trump is the best!,https://www.youtube.com/watch?v=2y9FS7YmPb4&lc=UgxKaSRZ8tbnfX2fYnB4AaABAg,2024-10-07T12:17:28Z,Go Trump! Only Trump! Trump is the best!,0,,trump
24,He’ll never be the same again. Amazing sacrifice. He’s so brave.,https://www.youtube.com/watch?v=2y9FS7YmPb4&lc=UgxQkpbFZzMoMMqiKWV4AaABAg,2024-10-07T11:11:50Z,He’ll never be the same again. Amazing sacrifice. He’s so brave.,0,,trump
25,He needs compensation for all his damages…,https://www.youtube.com/watch?v=2y9FS7YmPb4&lc=Ugx1GVwoUhFL3lvPcrt4AaABAg,2024-10-07T11:11:29Z,He needs compensation for all his damages…,0,,trump
26,He got himself stretches…. Hmmm make sure their sapphire earrings stretches  big bird. He’s going to need a surgeon and a physical therapist to recover from that.. permanent damage to his vital organs. Get that man into surgery now! He needs a hearing aid? Is his brain affected? Iq? Livlihood? He going to need to retake an iq test.. with his new brain injury. Stunted his brain and development.,https://www.youtube.com/watch?v=2y9FS7YmPb4&lc=UgybbNHmuSACggPJ0YN4AaABAg,2024-10-07T11:09:15Z,He got himself stretches…. Hmmm make sure their sapphire earrings stretches  big bird. He’s going to need a surgeon and a physical therapist to recover from that.. permanent damage to his vital organs. Get that man into surgery now! He needs a hearing aid? Is his brain affected? Iq? Livlihood? He going to need to retake an iq test.. with his new brain injury. Stunted his brain and development.,0,,trump
27,A cock would have made more damage… semen makes more of an impact than his “heroic”life threatening assault. Poor trump. He’s so strong…. Look at his tummy. Strength. That’s what stronf looks like… he doesn’t have impacted judgement at all.. look at his life choices.. married 3 times… lies to god.. you can trust him.,https://www.youtube.com/watch?v=2y9FS7YmPb4&lc=UgzLw90w1793Gr3TOOp4AaABAg,2024-10-07T11:06:50Z,A cock would have made more damage… semen makes more of an impact than his “heroic”life threatening assault. Poor trump. He’s so strong…. Look at his tummy. Strength. That’s what stronf looks like… he doesn’t have impacted judgement at all.. look at his life choices.. married 3 times… lies to god.. you can trust him.,0,,trump
28,Honesty dignity  quality count <br>💙💙💙💙💙💙💙💙💙💙💙💙💙💙💙💙💙💙💙💙💙💙💙💙✊✊✊✊✊✊✊✊🇺🇸🇺🇸🇺🇸🇺🇸👸🏻👸🏻👸🏻👸🏻👸🏻👸🏻👸🏻👸🏻👸🏻👸🏻💙💙👸🏻👍👍👍👍👍👍👍👍🥰🥰🥰🥰🥰🥰🥰,https://www.youtube.com/watch?v=2y9FS7YmPb4&lc=UgzEMcF38MXDEKTAYfV4AaABAg,2024-10-07T08:49:33Z,"Honesty dignity  quality count 
💙💙💙💙💙💙💙💙💙💙💙💙💙💙💙💙💙💙💙💙💙💙💙💙✊✊✊✊✊✊✊✊🇺🇸🇺🇸🇺🇸🇺🇸👸🏻👸🏻👸🏻👸🏻👸🏻👸🏻👸🏻👸🏻👸🏻👸🏻💙💙👸🏻👍👍👍👍👍👍👍👍🥰🥰🥰🥰🥰🥰🥰",0,,trump
29,Vote president Kamala doing for your future and present children and grandchildren some one to be proud to call president of USA <br>And not a convicted criminal who face jail soon <br>Vote honest quality dignity <br>💙💙💙💙💙💙💙💙💙💙💙💙💙💙💙💙💙✊✊✊✊✊✊✊✊👸🏻👍👍👍👸🏻👸🏻👸🏻👸🏻👍👸🏻👸🏻👸🏻👸🏻👍,https://www.youtube.com/watch?v=2y9FS7YmPb4&lc=UgwTeUjIjXwtEx60_QZ4AaABAg,2024-10-07T08:47:50Z,"Vote president Kamala doing for your future and present children and grandchildren some one to be proud to call president of USA 
And not a convicted criminal who face jail soon 
Vote honest quality dignity 
💙💙💙💙💙💙💙💙💙💙💙💙💙💙💙💙💙✊✊✊✊✊✊✊✊👸🏻👍👍👍👸🏻👸🏻👸🏻👸🏻👍👸🏻👸🏻👸🏻👸🏻👍",0,,trump
30,"Trump lost the election time for him to rest till November 7 and 26 lot criminal cases to attending plus a sentence,  busy boy he is , <br>Kamala won already ✊👸🏻<br>He is twice   A loser he enjoys humiliate him self for running again at 79",https://www.youtube.com/watch?v=2y9FS7YmPb4&lc=UgyTWqEphXON8k_mrS14AaABAg,2024-10-07T08:05:10Z,"Trump lost the election time for him to rest till November 7 and 26 lot criminal cases to attending plus a sentence,  busy boy he is , 
Kamala won already ✊👸🏻
He is twice   A loser he enjoys humiliate him self for running again at 79",0,,trump
31,trump pretending to show high spirit to distract from all his criminal cases  trail and sentence he has to face in November 😪😪<br>No sparkly see in his eye only tiredness and exhaustion he is too old he confused Iran PM  with N korea president,https://www.youtube.com/watch?v=2y9FS7YmPb4&lc=Ugzue-NLjBCVmXfy_G54AaABAg,2024-10-07T08:02:59Z,"trump pretending to show high spirit to distract from all his criminal cases  trail and sentence he has to face in November 😪😪
No sparkly see in his eye only tiredness and exhaustion he is too old he confused Iran PM  with N korea president",0,,trump
32,The establishment billionaire oligarch endorsing the establishment billionaire candidate and Sky News talking about red pilling 🤣🤣🤣🤣🤣🤣🤣🤣🤣,https://www.youtube.com/watch?v=2y9FS7YmPb4&lc=UgwguPmvoR9QLakzbZl4AaABAg,2024-10-07T05:29:53Z,The establishment billionaire oligarch endorsing the establishment billionaire candidate and Sky News talking about red pilling 🤣🤣🤣🤣🤣🤣🤣🤣🤣,4,,trump
33,I’m telling yall Georgia is trumps i live here and i wear maga,https://www.youtube.com/watch?v=2y9FS7YmPb4&lc=UgwzIqsRKuV3q4lv6t54AaABAg,2024-10-07T05:11:02Z,I’m telling yall Georgia is trumps i live here and i wear maga,0,,trump
34,"Only a fool would support Donald Trump,",https://www.youtube.com/watch?v=2y9FS7YmPb4&lc=UgwHwtKHmFaSmLuRbUd4AaABAg,2024-10-07T05:02:47Z,"Only a fool would support Donald Trump,",7,,trump
35,Half millions America  are fool <br> mainly young  people with no brain to think,https://www.youtube.com/watch?v=2y9FS7YmPb4&lc=UgwHwtKHmFaSmLuRbUd4AaABAg.A9HN_WruxEgA9HivkK6jV2,2024-10-07T08:18:04Z,"Half millions America  are fool 
 mainly young  people with no brain to think",0,UgwHwtKHmFaSmLuRbUd4AaABAg,trump
36,Why do you care about some weird foreign election?,https://www.youtube.com/watch?v=2y9FS7YmPb4&lc=UgwcxEz8UObOBafhhwp4AaABAg,2024-10-07T04:06:11Z,Why do you care about some weird foreign election?,0,,trump
37,"Anemic ELON THE MORON is only supporting Trump because he knows he will pay less tax as a millionaire under his administration. With all that money it’s a shame he can’t buy a better body, a better personality or male masculinity. Did you see how he acted once he got on stage, even Trump was embarrassed, he couldn’t wait for him to get out the way. That girly laugh and the way he walks cracks me up, I think he might be transgender.😂😂😂",https://www.youtube.com/watch?v=2y9FS7YmPb4&lc=UgxWS3V9FOJcJmoBdux4AaABAg,2024-10-07T04:01:16Z,"Anemic ELON THE MORON is only supporting Trump because he knows he will pay less tax as a millionaire under his administration. With all that money it’s a shame he can’t buy a better body, a better personality or male masculinity. Did you see how he acted once he got on stage, even Trump was embarrassed, he couldn’t wait for him to get out the way. That girly laugh and the way he walks cracks me up, I think he might be transgender.😂😂😂",1,,trump
38,Elon....you are a fool...supporting a egotistical  felon.,https://www.youtube.com/watch?v=2y9FS7YmPb4&lc=UgyUUonXWDlj7DQDsWV4AaABAg,2024-10-07T03:51:37Z,Elon....you are a fool...supporting a egotistical  felon.,1,,trump
39,Scum supporting scum ill like to see when the fictstor takes all his money,https://www.youtube.com/watch?v=2y9FS7YmPb4&lc=UgySOx9LBKEqHRRJyhp4AaABAg,2024-10-07T03:19:50Z,Scum supporting scum ill like to see when the fictstor takes all his money,1,,trump
40,™️Elon’s iq &amp; patriotism is indeed a questionable that’s yakked,https://www.youtube.com/watch?v=2y9FS7YmPb4&lc=UgxBkYMnfZujld479Bh4AaABAg,2024-10-07T03:08:12Z,™️Elon’s iq & patriotism is indeed a questionable that’s yakked,0,,trump
41,That’s not saying much lol he’s always been shady AF,https://www.youtube.com/watch?v=2y9FS7YmPb4&lc=UgybNqwVJ13iVcUWgqt4AaABAg,2024-10-07T03:06:39Z,That’s not saying much lol he’s always been shady AF,1,,trump
42,What was this show?,https://www.youtube.com/watch?v=2y9FS7YmPb4&lc=UgxqBVAaFe16LDFtMhl4AaABAg,2024-10-07T02:34:08Z,What was this show?,0,,trump
43,"He doesn&#39;t care that Corey died, he was making a joke about it, now he&#39;s trying,to make amends, for the joke.",https://www.youtube.com/watch?v=2y9FS7YmPb4&lc=UgwbKN0ff02FACLldUR4AaABAg,2024-10-07T02:23:58Z,"He doesn't care that Corey died, he was making a joke about it, now he's trying,to make amends, for the joke.",3,,trump
44,"Correct he insulted his wife by said that she got $1 million in compensation <br>She reply she rather have her husband <br>Trump clown reply  back by said not many women would have said that  , disgusting  he is ,<br>His wife would had prefer the money over this dum",https://www.youtube.com/watch?v=2y9FS7YmPb4&lc=UgwbKN0ff02FACLldUR4AaABAg.A9H5PJ6Ws81A9HjRLrxrjl,2024-10-07T08:22:30Z,"Correct he insulted his wife by said that she got $1 million in compensation 
She reply she rather have her husband 
Trump clown reply  back by said not many women would have said that  , disgusting  he is ,
His wife would had prefer the money over this dum",0,UgwbKN0ff02FACLldUR4AaABAg,trump
45,"Please vote blue America,  save the 🌎, put trump in jail.",https://www.youtube.com/watch?v=2y9FS7YmPb4&lc=Ugwja_hbQqtRpKaDb-Z4AaABAg,2024-10-07T02:14:09Z,"Please vote blue America,  save the 🌎, put trump in jail.",7,,trump
46,Your just asking for america to be destroyed. Get outta here with your nonsense. Harris and his beta vp both need to be put in jail for the disaster they&#39;ve caused for everyone,https://www.youtube.com/watch?v=2y9FS7YmPb4&lc=Ugwja_hbQqtRpKaDb-Z4AaABAg.A9H4HS4Gv32A9ICc4vDKK0,2024-10-07T12:46:15Z,Your just asking for america to be destroyed. Get outta here with your nonsense. Harris and his beta vp both need to be put in jail for the disaster they've caused for everyone,0,Ugwja_hbQqtRpKaDb-Z4AaABAg,trump
47,What a circus.,https://www.youtube.com/watch?v=2y9FS7YmPb4&lc=Ugx1lrJQeJTOAssxQqd4AaABAg,2024-10-07T01:59:31Z,What a circus.,6,,trump
48,Yeah the us really has become a circus right joe Biden was the ring leader,https://www.youtube.com/watch?v=2y9FS7YmPb4&lc=Ugx1lrJQeJTOAssxQqd4AaABAg.A9H2bEc29pbA9lCABOomhv,2024-10-19T04:19:31Z,Yeah the us really has become a circus right joe Biden was the ring leader,0,Ugx1lrJQeJTOAssxQqd4AaABAg,trump
49,Murdoch muppets. Von Schitzinpantz is just a lying conman. Harris and Walz will win or its the end of US democracy.,https://www.youtube.com/watch?v=2y9FS7YmPb4&lc=Ugz9OTMjpJ3fsqBS1Et4AaABAg,2024-10-07T01:55:35Z,Murdoch muppets. Von Schitzinpantz is just a lying conman. Harris and Walz will win or its the end of US democracy.,1,,trump
0,He did it for free speech and common sense.,https://www.youtube.com/watch?v=ieLNVOxdPY4&lc=UgwanSqPiwvqPjk53jJ4AaABAg,2025-02-10T12:24:55Z,He did it for free speech and common sense.,1,,trump
1,MAGA LOVES ELON!  He followed his conscience!  He is brave! 🇺🇸,https://www.youtube.com/watch?v=ieLNVOxdPY4&lc=UgwASGSHHHoPa_d_xdd4AaABAg,2024-11-04T13:01:56Z,MAGA LOVES ELON!  He followed his conscience!  He is brave! 🇺🇸,1,,trump
2,What a surprise another trump loyalist.,https://www.youtube.com/watch?v=ieLNVOxdPY4&lc=UgzWla_ZbfM8JEzx1GN4AaABAg,2024-09-02T22:58:20Z,What a surprise another trump loyalist.,0,,trump
3,No one likes Kamala,https://www.youtube.com/watch?v=ieLNVOxdPY4&lc=Ugx08R3LnNGFUSCkCh94AaABAg,2024-08-29T18:15:19Z,No one likes Kamala,2,,trump
4,Harris 4 years under Biden has this country in a mess …. $2 billion to Ukraine. !!!!! All the illegals with food stamps yet our vets are suffering !!!!!,https://www.youtube.com/watch?v=ieLNVOxdPY4&lc=Ugyci93uFy9fG182ULF4AaABAg,2024-08-13T19:15:25Z,Harris 4 years under Biden has this country in a mess …. $2 billion to Ukraine. !!!!! All the illegals with food stamps yet our vets are suffering !!!!!,0,,trump
5,Trump is doing half the work for Harris. She should put him on the payroll.,https://www.youtube.com/watch?v=ieLNVOxdPY4&lc=UgwzpQ745Uu7hBSqzw94AaABAg,2024-08-13T18:14:32Z,Trump is doing half the work for Harris. She should put him on the payroll.,0,,trump
6,"@stevenjamison5896 you didn&#39;t expect any good thing, how cn you see the winning i&#39;m talking about?",https://www.youtube.com/watch?v=ieLNVOxdPY4&lc=UgwzpQ745Uu7hBSqzw94AaABAg.A75ATPeXuUMA75BUSzT0K8,2024-08-13T18:23:25Z,"@stevenjamison5896 you didn't expect any good thing, how cn you see the winning i'm talking about?",0,UgwzpQ745Uu7hBSqzw94AaABAg,trump
7,Well alot people going bac including musk,https://www.youtube.com/watch?v=ieLNVOxdPY4&lc=UgycTuOgFN-4U1BmRmh4AaABAg,2024-08-13T15:33:37Z,Well alot people going bac including musk,1,,trump
8,Search the Lincoln project &quot; Weird&quot;!.,https://www.youtube.com/watch?v=ieLNVOxdPY4&lc=Ugw3GElZ71IsrQtawUp4AaABAg,2024-08-13T14:32:25Z,"Search the Lincoln project "" Weird""!.",0,,trump
9,Elderly felon trump for prison and slurring in interview and off the rocker there and dementia don,https://www.youtube.com/watch?v=ieLNVOxdPY4&lc=UgynXVOpYdwnB8D-DJZ4AaABAg,2024-08-13T14:31:58Z,Elderly felon trump for prison and slurring in interview and off the rocker there and dementia don,0,,trump
10,"Kamala criticizing him for not running a livestream, but she on the other hand refuses to give even ONE INTERVIEW?? Oh, the hypocrisy and complete lack of self awareness!",https://www.youtube.com/watch?v=ieLNVOxdPY4&lc=UgyrofEWIoQQzyArlhl4AaABAg,2024-08-13T13:35:09Z,"Kamala criticizing him for not running a livestream, but she on the other hand refuses to give even ONE INTERVIEW?? Oh, the hypocrisy and complete lack of self awareness!",0,,trump
11,They are both on the spectrum.,https://www.youtube.com/watch?v=ieLNVOxdPY4&lc=Ugzz0yf8uwa4JtOG1nZ4AaABAg,2024-08-13T13:20:16Z,They are both on the spectrum.,3,,trump
12,no they aren’t she is tho,https://www.youtube.com/watch?v=ieLNVOxdPY4&lc=Ugzz0yf8uwa4JtOG1nZ4AaABAg.A74dn0LOWk6A8sVtGNiLm2,2024-09-27T03:55:08Z,no they aren’t she is tho,2,Ugzz0yf8uwa4JtOG1nZ4AaABAg,trump
13,Good grief!  Elon the genius is just that a genius for Trump!  Don’t try to put a mental illness on him!  Kamala does have something off with her!  When your only talent is being on your knees with politicians to advance ….she is an uneducated not bright candidate!,https://www.youtube.com/watch?v=ieLNVOxdPY4&lc=Ugzz0yf8uwa4JtOG1nZ4AaABAg.A74dn0LOWk6AAQL0RdPGjA,2024-11-04T13:04:56Z,Good grief!  Elon the genius is just that a genius for Trump!  Don’t try to put a mental illness on him!  Kamala does have something off with her!  When your only talent is being on your knees with politicians to advance ….she is an uneducated not bright candidate!,0,Ugzz0yf8uwa4JtOG1nZ4AaABAg,trump
14,Spectrum of forefather level greatness? Indeed they are,https://www.youtube.com/watch?v=ieLNVOxdPY4&lc=Ugzz0yf8uwa4JtOG1nZ4AaABAg.A74dn0LOWk6ABRypvXvlw4,2024-11-30T00:52:16Z,Spectrum of forefather level greatness? Indeed they are,0,Ugzz0yf8uwa4JtOG1nZ4AaABAg,trump
15,"@singus-yk34 No, not that spectrum.",https://www.youtube.com/watch?v=ieLNVOxdPY4&lc=Ugzz0yf8uwa4JtOG1nZ4AaABAg.A74dn0LOWk6ABS1S58i0fU,2024-11-30T01:23:50Z,"@singus-yk34 No, not that spectrum.",0,Ugzz0yf8uwa4JtOG1nZ4AaABAg,trump
16,🍊 🤡 🐕 💩 for prison 2024.,https://www.youtube.com/watch?v=ieLNVOxdPY4&lc=UgzhQsxZYwsvy8VJ07J4AaABAg,2024-08-13T13:09:02Z,🍊 🤡 🐕 💩 for prison 2024.,0,,trump
17,Trump for 2024 Président. Trump is on the winning streak!,https://www.youtube.com/watch?v=ieLNVOxdPY4&lc=UgwpcPd-JDZCVsuN2QR4AaABAg,2024-08-13T12:22:01Z,Trump for 2024 Président. Trump is on the winning streak!,5,,trump
18,Elderly felon trump is going to prison soon 🔜 And with disgraceful JD Vance,https://www.youtube.com/watch?v=ieLNVOxdPY4&lc=UgwpcPd-JDZCVsuN2QR4AaABAg.A74Y7ShorfqA74m7HJG_D2,2024-08-13T14:33:04Z,Elderly felon trump is going to prison soon 🔜 And with disgraceful JD Vance,0,UgwpcPd-JDZCVsuN2QR4AaABAg,trump
19,Is winning what you saw in this interview? Interesting.,https://www.youtube.com/watch?v=ieLNVOxdPY4&lc=UgwpcPd-JDZCVsuN2QR4AaABAg.A74Y7ShorfqA75ALpS0TeP,2024-08-13T18:13:30Z,Is winning what you saw in this interview? Interesting.,0,UgwpcPd-JDZCVsuN2QR4AaABAg,trump
20,Trump ❤️🇺🇸,https://www.youtube.com/watch?v=ieLNVOxdPY4&lc=Ugxtbc6BAbmNVJmRYjd4AaABAg,2024-08-13T12:21:06Z,Trump ❤️🇺🇸,9,,trump
21,Kamala could maybe get a DEI job in one of their corporations.😂😂😂,https://www.youtube.com/watch?v=ieLNVOxdPY4&lc=UgwUYQ0uNopwhfhn0Zx4AaABAg,2024-08-13T12:12:33Z,Kamala could maybe get a DEI job in one of their corporations.😂😂😂,5,,trump
22,She has a lengthy resume.. I doubt she&#39;ll need it,https://www.youtube.com/watch?v=ieLNVOxdPY4&lc=UgwUYQ0uNopwhfhn0Zx4AaABAg.A74X23vonslA74dSXrARSN,2024-08-13T13:17:20Z,She has a lengthy resume.. I doubt she'll need it,1,UgwUYQ0uNopwhfhn0Zx4AaABAg,trump
23,@paulapii1761what “resume” are you speaking of?!?😂😂😂,https://www.youtube.com/watch?v=ieLNVOxdPY4&lc=UgwUYQ0uNopwhfhn0Zx4AaABAg.A74X23vonslA74iVeqs-HZ,2024-08-13T14:01:27Z,@paulapii1761what “resume” are you speaking of?!?😂😂😂,1,UgwUYQ0uNopwhfhn0Zx4AaABAg,trump
24,You mean future President Harris?,https://www.youtube.com/watch?v=ieLNVOxdPY4&lc=UgwUYQ0uNopwhfhn0Zx4AaABAg.A74X23vonslA75AF3QJL0R,2024-08-13T18:12:35Z,You mean future President Harris?,1,UgwUYQ0uNopwhfhn0Zx4AaABAg,trump
25,"@stevenjamison5896 dang dude, do you prefer your panties in briefs, bikinis, or thongs😂😂😂",https://www.youtube.com/watch?v=ieLNVOxdPY4&lc=UgwUYQ0uNopwhfhn0Zx4AaABAg.A74X23vonslA75CccUO_-X,2024-08-13T18:33:25Z,"@stevenjamison5896 dang dude, do you prefer your panties in briefs, bikinis, or thongs😂😂😂",0,UgwUYQ0uNopwhfhn0Zx4AaABAg,trump
26,@stevenjamison5896 Oof.,https://www.youtube.com/watch?v=ieLNVOxdPY4&lc=UgwUYQ0uNopwhfhn0Zx4AaABAg.A74X23vonslAAkvj07ZG5H,2024-11-12T22:18:31Z,@stevenjamison5896 Oof.,0,UgwUYQ0uNopwhfhn0Zx4AaABAg,trump
0,Trump won because Elon never lose.,https://www.youtube.com/watch?v=mDzvNJ0fE_s&lc=Ugyd3ccyH2roIsOgqrh4AaABAg,2024-11-07T13:50:14Z,Trump won because Elon never lose.,0,,trump
1,Spread pro trump and misinformation 😂😂 there u go CNA spreading fake news as usual,https://www.youtube.com/watch?v=mDzvNJ0fE_s&lc=UgwKOo6s9tKXPh08W5B4AaABAg,2024-11-07T12:52:35Z,Spread pro trump and misinformation 😂😂 there u go CNA spreading fake news as usual,0,,trump
2,You mean the deadbeat dad,https://www.youtube.com/watch?v=mDzvNJ0fE_s&lc=UgwIjv0DXxhNR5rscop4AaABAg,2024-11-07T12:41:16Z,You mean the deadbeat dad,0,,trump
3,And the gamble paid off,https://www.youtube.com/watch?v=mDzvNJ0fE_s&lc=UgwoXSPMYYV_ZANhosd4AaABAg,2024-11-06T17:00:09Z,And the gamble paid off,0,,trump
4,We love Donald trump and Elon Musk!❤,https://www.youtube.com/watch?v=mDzvNJ0fE_s&lc=Ugx6yZ3Mk83WYiI3wNN4AaABAg,2024-11-06T16:34:19Z,We love Donald trump and Elon Musk!❤,2,,trump
5,God bless you guys and america and learn to uphold it❤❤🎉🎉,https://www.youtube.com/watch?v=mDzvNJ0fE_s&lc=UgxRo9o7PdnBpWHs7S14AaABAg,2024-11-06T15:23:16Z,God bless you guys and america and learn to uphold it❤❤🎉🎉,2,,trump
6,👏👏👏👏👏👏🙏🙏🙏🙏🇱🇷🇱🇷🇧🇷🇧🇷🇮🇱🇮🇱 melhor presidente de todos os tempos .  Esse sim,https://www.youtube.com/watch?v=mDzvNJ0fE_s&lc=UgzlJ3kl3MjFzxAOSvp4AaABAg,2024-11-06T13:25:57Z,👏👏👏👏👏👏🙏🙏🙏🙏🇱🇷🇱🇷🇧🇷🇧🇷🇮🇱🇮🇱 melhor presidente de todos os tempos .  Esse sim,1,,trump
7,Despicable criminals in cahoot,https://www.youtube.com/watch?v=mDzvNJ0fE_s&lc=UgyZwBLH_Kxzayi-Ceh4AaABAg,2024-11-06T13:09:11Z,Despicable criminals in cahoot,0,,trump
8,Real rocket man kicks out fake rocket man .,https://www.youtube.com/watch?v=mDzvNJ0fE_s&lc=UgzyuT15lglCrYF0w794AaABAg,2024-11-06T12:48:23Z,Real rocket man kicks out fake rocket man .,0,,trump
9,😮,https://www.youtube.com/watch?v=mDzvNJ0fE_s&lc=Ugz4l_aee4FJtGwXxKl4AaABAg,2024-11-06T12:29:52Z,😮,0,,trump
10,Elon betted on the right horse.😆😆,https://www.youtube.com/watch?v=mDzvNJ0fE_s&lc=UgwNNO2a7Lk-xYdKlBh4AaABAg,2024-11-06T11:11:35Z,Elon betted on the right horse.😆😆,5,,trump
11,Goooooo Trump ❤,https://www.youtube.com/watch?v=mDzvNJ0fE_s&lc=UgxcQEj9MvxIJePRCER4AaABAg,2024-11-06T09:38:25Z,Goooooo Trump ❤,2,,trump
12,Ha ha cna forecast last few day 😂😂😂😂😂try Singapore election .,https://www.youtube.com/watch?v=mDzvNJ0fE_s&lc=UgwJ6QDI6UBuHVSbs-94AaABAg,2024-11-06T08:58:44Z,Ha ha cna forecast last few day 😂😂😂😂😂try Singapore election .,0,,trump
13,Elon picked the winner !,https://www.youtube.com/watch?v=mDzvNJ0fE_s&lc=Ugyf4_kBCwYqWlqEcuV4AaABAg,2024-11-06T08:09:16Z,Elon picked the winner !,3,,trump
14,Many Many congratulations to Mr Trump supporters,https://www.youtube.com/watch?v=mDzvNJ0fE_s&lc=Ugx0ye_34BgNTaIb33l4AaABAg,2024-11-06T06:40:21Z,Many Many congratulations to Mr Trump supporters,2,,trump
15,the madafaka said elon has motives like it&#39;s bad of course elon has motives and he said it time and time again to colonize the mars and donald trump might be helpfull for overcoming that,https://www.youtube.com/watch?v=mDzvNJ0fE_s&lc=Ugxz2rsjZDMW-WQEds54AaABAg,2024-11-06T04:51:17Z,the madafaka said elon has motives like it's bad of course elon has motives and he said it time and time again to colonize the mars and donald trump might be helpfull for overcoming that,0,,trump
16,"Elon cannot be President of the USA, but maybe he would like to run for Governor of Texas.",https://www.youtube.com/watch?v=mDzvNJ0fE_s&lc=UgxW8VJsWEsSJM-sgtl4AaABAg,2024-11-06T03:18:02Z,"Elon cannot be President of the USA, but maybe he would like to run for Governor of Texas.",2,,trump
17,Trump will use Elon and throw him under the bus😂😂,https://www.youtube.com/watch?v=mDzvNJ0fE_s&lc=UgxK7ijFdnug5dRxUq54AaABAg,2024-11-05T23:59:20Z,Trump will use Elon and throw him under the bus😂😂,0,,trump
18,"no, elon is best ally, useful in many ways",https://www.youtube.com/watch?v=mDzvNJ0fE_s&lc=UgxK7ijFdnug5dRxUq54AaABAg.AAU4hGBGdxEAAVgPtbr5K0,2024-11-06T14:56:52Z,"no, elon is best ally, useful in many ways",2,UgxK7ijFdnug5dRxUq54AaABAg,trump
19,Misinformation??? Are you talking about CNN or MSBC or all of the fake media?? 😂😂😂,https://www.youtube.com/watch?v=mDzvNJ0fE_s&lc=UgyL-q2geb0M_LNF4J94AaABAg,2024-11-05T22:29:40Z,Misinformation??? Are you talking about CNN or MSBC or all of the fake media?? 😂😂😂,0,,trump
20,shoutout to my nigga trump!,https://www.youtube.com/watch?v=mDzvNJ0fE_s&lc=UgxoufaX-JETjZaAWEt4AaABAg,2024-11-05T22:15:36Z,shoutout to my nigga trump!,0,,trump
21,Trump 🎉,https://www.youtube.com/watch?v=mDzvNJ0fE_s&lc=Ugw_QUpqu51ilpPOz354AaABAg,2024-11-05T19:28:15Z,Trump 🎉,3,,trump
22,Trump🎉,https://www.youtube.com/watch?v=mDzvNJ0fE_s&lc=UgzfLCg4o3vnTv3kvB14AaABAg,2024-11-05T18:19:58Z,Trump🎉,3,,trump
23,God bless Donald Trump every state,https://www.youtube.com/watch?v=mDzvNJ0fE_s&lc=UgzUcmmbMms3TIMa0I94AaABAg,2024-11-05T18:18:23Z,God bless Donald Trump every state,5,,trump
24,I think Elon Musk is someone who’s very complex .I listened to a podcast and his mind is something else!! I<br>Have been a trained counsellor for 40<br>Years and if I<br>had him in front of me I would be honoured.  I do<br>not agree  with all<br>He stands for  but I see the compassion in his eyes underneath layers of complexity.,https://www.youtube.com/watch?v=mDzvNJ0fE_s&lc=UgyERhoyZJJVV9m0hcJ4AaABAg,2024-11-05T18:08:47Z,"I think Elon Musk is someone who’s very complex .I listened to a podcast and his mind is something else!! I
Have been a trained counsellor for 40
Years and if I
had him in front of me I would be honoured.  I do
not agree  with all
He stands for  but I see the compassion in his eyes underneath layers of complexity.",18,,trump
25,"Yeah for sure, it&#39;s like an autistic drunk who actually never did anything apart for buy out companies and hire developers to do his bidding",https://www.youtube.com/watch?v=mDzvNJ0fE_s&lc=UgyERhoyZJJVV9m0hcJ4AaABAg.AATS_mBh6PYAAUIajaIfys,2024-11-06T02:00:47Z,"Yeah for sure, it's like an autistic drunk who actually never did anything apart for buy out companies and hire developers to do his bidding",0,UgyERhoyZJJVV9m0hcJ4AaABAg,trump
26,"Let me tell you why Trump will win. Becuase he willing to work part time at Macdonalds. <br><br>No leader a 78 years old man willing to degrade himself working as a service crew at Macdonalds.<br><br> If Trump wins, he will invest in Macdonalds.",https://www.youtube.com/watch?v=mDzvNJ0fE_s&lc=Ugzz_1yAXetEjTrcU2R4AaABAg,2024-11-05T17:05:20Z,"Let me tell you why Trump will win. Becuase he willing to work part time at Macdonalds. 

No leader a 78 years old man willing to degrade himself working as a service crew at Macdonalds.

 If Trump wins, he will invest in Macdonalds.",0,,trump
27,Damn media is corrupt,https://www.youtube.com/watch?v=mDzvNJ0fE_s&lc=Ugxvc_9H0ud23cmrTaB4AaABAg,2024-11-05T16:58:07Z,Damn media is corrupt,0,,trump
28,Don’t buy another Tesla.,https://www.youtube.com/watch?v=mDzvNJ0fE_s&lc=UgzDjnFXzU-aqT5S8uV4AaABAg,2024-11-05T15:47:05Z,Don’t buy another Tesla.,2,,trump
29,Buy more 🎉,https://www.youtube.com/watch?v=mDzvNJ0fE_s&lc=UgzDjnFXzU-aqT5S8uV4AaABAg.AATCMrfWu4TAATXPWwptmH,2024-11-05T18:50:57Z,Buy more 🎉,4,UgzDjnFXzU-aqT5S8uV4AaABAg,trump
30,i googled kamala harris and found out she was the vp of america. what did she achieved? lol.,https://www.youtube.com/watch?v=mDzvNJ0fE_s&lc=UgzDjnFXzU-aqT5S8uV4AaABAg.AATCMrfWu4TAAVWq79AFJg,2024-11-06T13:24:27Z,i googled kamala harris and found out she was the vp of america. what did she achieved? lol.,1,UgzDjnFXzU-aqT5S8uV4AaABAg,trump
31,​@wizzle9902nothing.,https://www.youtube.com/watch?v=mDzvNJ0fE_s&lc=UgzDjnFXzU-aqT5S8uV4AaABAg.AATCMrfWu4TAAVjAefHA4s,2024-11-06T15:21:00Z,​@wizzle9902nothing.,0,UgzDjnFXzU-aqT5S8uV4AaABAg,trump
32,"@ nah. We lost the elections. But everyone knows Trump lies, but they actually like it.",https://www.youtube.com/watch?v=mDzvNJ0fE_s&lc=UgzDjnFXzU-aqT5S8uV4AaABAg.AATCMrfWu4TAAYNhPii65M,2024-11-07T16:02:21Z,"@ nah. We lost the elections. But everyone knows Trump lies, but they actually like it.",0,UgzDjnFXzU-aqT5S8uV4AaABAg,trump
33,TRUMP🇺🇸🇺🇸🇺🇸👍👍👍❤️,https://www.youtube.com/watch?v=mDzvNJ0fE_s&lc=UgyW60QuJhaI2Abkwvp4AaABAg,2024-11-05T14:09:37Z,TRUMP🇺🇸🇺🇸🇺🇸👍👍👍❤️,4,,trump
34,"We got a Nazi problem, and it&#39;s WW3.",https://www.youtube.com/watch?v=mDzvNJ0fE_s&lc=UgzCNYqNOlEpqsxkyFR4AaABAg,2024-11-05T12:20:53Z,"We got a Nazi problem, and it's WW3.",0,,trump
35,"Nice cars, Terrible person...",https://www.youtube.com/watch?v=mDzvNJ0fE_s&lc=UgzBWYy2SHV9f1H0vkR4AaABAg,2024-11-05T11:50:50Z,"Nice cars, Terrible person...",0,,trump
36,"Let me fix the title: The Best Capitalist in The World Elon Musk back Trump Though his America PAC -<br> to support these key values: Secure Borders, Safe Cities, Sensible spending, Free Speech and more.",https://www.youtube.com/watch?v=mDzvNJ0fE_s&lc=Ugz8UFwc7J45aFXYVU94AaABAg,2024-11-05T09:26:12Z,"Let me fix the title: The Best Capitalist in The World Elon Musk back Trump Though his America PAC -
 to support these key values: Secure Borders, Safe Cities, Sensible spending, Free Speech and more.",8,,trump
37,"You ever think that for millions, calling someone the world&#39;s best capitalist is hardly a recommendation for the blue-collar workers who&#39;d like a decent minimum wage, H+S protection at work, and a union - all of which Musk is dead-set against? Just goes to show: Trumpies, capable of any dumb mental gymnastics required by their Führer.",https://www.youtube.com/watch?v=mDzvNJ0fE_s&lc=Ugz8UFwc7J45aFXYVU94AaABAg.AASWmBDV8NjAASb1Hf80J9,2024-11-05T10:12:05Z,"You ever think that for millions, calling someone the world's best capitalist is hardly a recommendation for the blue-collar workers who'd like a decent minimum wage, H+S protection at work, and a union - all of which Musk is dead-set against? Just goes to show: Trumpies, capable of any dumb mental gymnastics required by their Führer.",0,Ugz8UFwc7J45aFXYVU94AaABAg,trump
38,"Didn&#39;t Harris boast the highest-ever campaign fund of US$1B from donors? How about reporting that and all the celebrities on Diddy&#39;s list who rushed to endorse her recently? CNA, stop scooping stories up from the blatantly lying mainstream media in the US, and do better.",https://www.youtube.com/watch?v=mDzvNJ0fE_s&lc=UgzstZPco6t33vvfE4h4AaABAg,2024-11-05T08:50:23Z,"Didn't Harris boast the highest-ever campaign fund of US$1B from donors? How about reporting that and all the celebrities on Diddy's list who rushed to endorse her recently? CNA, stop scooping stories up from the blatantly lying mainstream media in the US, and do better.",0,,trump
39,Buying Votes is a Democratic process.<br>Kamala complaining only because she could not afford that much.,https://www.youtube.com/watch?v=mDzvNJ0fE_s&lc=UgyPJzeeXgHe-aRU_SJ4AaABAg,2024-11-05T08:12:30Z,"Buying Votes is a Democratic process.
Kamala complaining only because she could not afford that much.",0,,trump
40,"American Elections !<br><br>America means <b>*Americans Making Errors Regarding Issues Confronting America .*</b><br><br>The issue is electing a normal  candidate  n a criminal with 34 felony charges .<br><br>Trump means **Traitor ,Racist Umanizer ,<br>Moron ,Pimp **<br><br>2024 - Trump for <b>Imprisonment</b><br>2024 - Kamala for President <br>In India - Kamala means <b>LOTUS</b> <br>In America - Kamala means <b>*POTUS*</b> ( President Of The United States )",https://www.youtube.com/watch?v=mDzvNJ0fE_s&lc=UgyzYv8yoWXlyIqguQh4AaABAg,2024-11-05T06:21:13Z,"American Elections !

America means **Americans Making Errors Regarding Issues Confronting America .**

The issue is electing a normal  candidate  n a criminal with 34 felony charges .

Trump means **Traitor ,Racist Umanizer ,
Moron ,Pimp **

2024 - Trump for *Imprisonment*
2024 - Kamala for President 
In India - Kamala means *LOTUS* 
In America - Kamala means **POTUS** ( President Of The United States )",0,,trump
41,"How can a candidate with 34 felony charges stand as a candidate n many lawsuits  ? <br>Elon Musk n other billionaires are supporting criminals in American political system  so that if thier candidate win ,they will get tax deducts etc <br>America has 1.8 million criminals ,n the number is growing .",https://www.youtube.com/watch?v=mDzvNJ0fE_s&lc=UgzimQKchDplQKgBY7Z4AaABAg,2024-11-05T06:13:21Z,"How can a candidate with 34 felony charges stand as a candidate n many lawsuits  ? 
Elon Musk n other billionaires are supporting criminals in American political system  so that if thier candidate win ,they will get tax deducts etc 
America has 1.8 million criminals ,n the number is growing .",0,,trump
42,Fallen angels = trash breed of men,https://www.youtube.com/watch?v=mDzvNJ0fE_s&lc=Ugwnmx4OqEb4eiDSBVR4AaABAg,2024-11-05T04:46:21Z,Fallen angels = trash breed of men,0,,trump
43,So much Trump Derangement Syndrome here... 😂,https://www.youtube.com/watch?v=mDzvNJ0fE_s&lc=UgxT6BmFkHjVc4iKvMF4AaABAg,2024-11-05T04:43:17Z,So much Trump Derangement Syndrome here... 😂,22,,trump
44,Trump 2024🎉🎉,https://www.youtube.com/watch?v=mDzvNJ0fE_s&lc=UgxT6BmFkHjVc4iKvMF4AaABAg.AAS0P126AC-AASSHZ1FfpP,2024-11-05T08:46:56Z,Trump 2024🎉🎉,5,UgxT6BmFkHjVc4iKvMF4AaABAg,trump
45,"It&#39;s bots, but America does have a Nazi problem and it is WW3.",https://www.youtube.com/watch?v=mDzvNJ0fE_s&lc=UgxT6BmFkHjVc4iKvMF4AaABAg.AAS0P126AC-AASptwkPw13,2024-11-05T12:22:01Z,"It's bots, but America does have a Nazi problem and it is WW3.",0,UgxT6BmFkHjVc4iKvMF4AaABAg,trump
46,those who know mango mango mango,https://www.youtube.com/watch?v=mDzvNJ0fE_s&lc=UgxT6BmFkHjVc4iKvMF4AaABAg.AAS0P126AC-AATtt2CAt-4,2024-11-05T22:16:05Z,those who know mango mango mango,0,UgxT6BmFkHjVc4iKvMF4AaABAg,trump
47,in Malaysia we call this Politik Wang...,https://www.youtube.com/watch?v=mDzvNJ0fE_s&lc=UgxPRh2uI4THkGdiXCR4AaABAg,2024-11-05T04:33:22Z,in Malaysia we call this Politik Wang...,6,,trump
48,Trump Trump Trump&#39;s Presedent,https://www.youtube.com/watch?v=mDzvNJ0fE_s&lc=UgwvD9Izi4Tv9PU4KHF4AaABAg,2024-11-05T03:53:47Z,Trump Trump Trump's Presedent,6,,trump
49,I heard Musk and Trump have a plan to deport the 20 million illegals in this country on day one.  I also know Musk and his brother Kimbal came to the US illegally through the Canadian boarder in the 1990s. I just hope Elon doesnt self deport himself  before I get my Tesla Roadster bc I put a $50k deposit on it back in 2017!,https://www.youtube.com/watch?v=mDzvNJ0fE_s&lc=UgyyExPTx2Qux-fN_UB4AaABAg,2024-11-05T03:40:56Z,I heard Musk and Trump have a plan to deport the 20 million illegals in this country on day one.  I also know Musk and his brother Kimbal came to the US illegally through the Canadian boarder in the 1990s. I just hope Elon doesnt self deport himself  before I get my Tesla Roadster bc I put a $50k deposit on it back in 2017!,0,,trump
0,"This is the world Elon is building, here today gone tomorrow with zero notice, is he’s just a great guy who does great things for humanity or a complete jerk!",https://www.youtube.com/watch?v=ZgUBoezzFv4&lc=UgzsuyMqKziPB4ZkpQh4AaABAg,2025-04-16T22:11:04Z,"This is the world Elon is building, here today gone tomorrow with zero notice, is he’s just a great guy who does great things for humanity or a complete jerk!",0,,tesla
1,Wanna know how dumb Musk is? 3/4 of all electric cars are bought by liberals. He attacks liberals. Might as well have a sign posted outside saying our customers are stupid that why they buy our cars.,https://www.youtube.com/watch?v=ZgUBoezzFv4&lc=UgybL57ytlY7yCyJAzZ4AaABAg,2025-04-15T00:55:42Z,Wanna know how dumb Musk is? 3/4 of all electric cars are bought by liberals. He attacks liberals. Might as well have a sign posted outside saying our customers are stupid that why they buy our cars.,0,,tesla
2,"Tesla workers, you need to unionize now or this will absolutely happen to you, Elon is ruthless with firing you need to protect yourselves",https://www.youtube.com/watch?v=ZgUBoezzFv4&lc=UgxPlpAVGrzj-NoM0zR4AaABAg,2025-03-28T03:06:52Z,"Tesla workers, you need to unionize now or this will absolutely happen to you, Elon is ruthless with firing you need to protect yourselves",0,,tesla
3,Cyber truck is a BIG EYESORE! Can&#39;t stand the stupid sight of this ugly thing !,https://www.youtube.com/watch?v=ZgUBoezzFv4&lc=UgxBhRJnjpABdlPyy7h4AaABAg,2025-03-15T01:57:47Z,Cyber truck is a BIG EYESORE! Can't stand the stupid sight of this ugly thing !,0,,tesla
4,"Congrats TX!  You were bragging about getting Tesla from CA, now u own him and all of the BS that comes with him.",https://www.youtube.com/watch?v=ZgUBoezzFv4&lc=UgzTNLi50l9EDgCWBIR4AaABAg,2025-02-28T04:03:29Z,"Congrats TX!  You were bragging about getting Tesla from CA, now u own him and all of the BS that comes with him.",0,,tesla
5,That’s why we need more H1Bs. Indians have a more superior culture then Americans.,https://www.youtube.com/watch?v=ZgUBoezzFv4&lc=UgzcKti6-xOL02W1k7p4AaABAg,2025-01-19T09:51:38Z,That’s why we need more H1Bs. Indians have a more superior culture then Americans.,0,,tesla
6,"Omniscience, Nathan, (Daniel) 😇🤓🤓🤓😇🙏🇺🇸🇮🇱🙏",https://www.youtube.com/watch?v=ZgUBoezzFv4&lc=UgxDGVL_qNEupk-50WF4AaABAg,2025-01-15T02:16:04Z,"Omniscience, Nathan, (Daniel) 😇🤓🤓🤓😇🙏🇺🇸🇮🇱🙏",0,,tesla
7,"Musk laid off 2800 workers and replaced them with foreign workers using H1B visas. He can pay them less, work them longer, and if he fires them, they have to leave the country.  This is why he wants to expand H1B.<br><br>Trump used to be against H1B but now goes along with Musk because he is bought and paid for.",https://www.youtube.com/watch?v=ZgUBoezzFv4&lc=UgxoL87Y4iaGKVyNgEF4AaABAg,2025-01-02T08:08:38Z,"Musk laid off 2800 workers and replaced them with foreign workers using H1B visas. He can pay them less, work them longer, and if he fires them, they have to leave the country.  This is why he wants to expand H1B.

Trump used to be against H1B but now goes along with Musk because he is bought and paid for.",1,,tesla
8,"Just the usual &quot;genius&quot; business attitudes... When profits go down he sack workers...  People haven&#39;t understood the real danger that this egocentric maniac really is, now that he brought the American presidency...! This will be the day to day life at the American public institutions after the Orange criminal starts to do what his billionaire boss order him to do...!",https://www.youtube.com/watch?v=ZgUBoezzFv4&lc=UgyArsurbwK7yYpOC1F4AaABAg,2024-12-25T08:33:53Z,"Just the usual ""genius"" business attitudes... When profits go down he sack workers...  People haven't understood the real danger that this egocentric maniac really is, now that he brought the American presidency...! This will be the day to day life at the American public institutions after the Orange criminal starts to do what his billionaire boss order him to do...!",1,,tesla
9,Just curious if Tesla pays out PTO for the layoffs employees? From my understanding Texas does not require employers to pay accrued PTO unless there is written policy.,https://www.youtube.com/watch?v=ZgUBoezzFv4&lc=UgzOHPddy4sAsJIA2Y54AaABAg,2024-11-24T20:39:36Z,Just curious if Tesla pays out PTO for the layoffs employees? From my understanding Texas does not require employers to pay accrued PTO unless there is written policy.,0,,tesla
10,Did you vote for the Chump? Asking for a friend!😡😡☀️,https://www.youtube.com/watch?v=ZgUBoezzFv4&lc=Ugw3LSiQZs7bzeqQGXJ4AaABAg,2024-11-22T02:48:37Z,Did you vote for the Chump? Asking for a friend!😡😡☀️,0,,tesla
11,Yikes these billionaires are evil.,https://www.youtube.com/watch?v=ZgUBoezzFv4&lc=Ugy8ohgUEtXBu7srNsB4AaABAg,2024-10-01T20:32:25Z,Yikes these billionaires are evil.,1,,tesla
12,don&#39;t buy from Tesla..,https://www.youtube.com/watch?v=ZgUBoezzFv4&lc=UgxNuoJ7h09AEluA_794AaABAg,2024-07-03T01:27:11Z,don't buy from Tesla..,1,,tesla
13,"Layoff’s are usually brief but an overnight email is tacky, further evidence of this would be appreciated. Getting laid off is not a pleasant experience but happens when jobs are obsolete. My memories of layoffs were from the unionized Stelco steelworkers often during Christmas breaks. It’s only common courtesy though for your immediate supervisor to break the bad news.",https://www.youtube.com/watch?v=ZgUBoezzFv4&lc=UgyOQ9Ngbt5dlzGcXF14AaABAg,2024-07-02T22:11:49Z,"Layoff’s are usually brief but an overnight email is tacky, further evidence of this would be appreciated. Getting laid off is not a pleasant experience but happens when jobs are obsolete. My memories of layoffs were from the unionized Stelco steelworkers often during Christmas breaks. It’s only common courtesy though for your immediate supervisor to break the bad news.",0,,tesla
14,Imagine you relocated to that dump of a state only to get laid off !!,https://www.youtube.com/watch?v=ZgUBoezzFv4&lc=Ugxy69UB0gIXbNITo-V4AaABAg,2024-06-26T13:26:45Z,Imagine you relocated to that dump of a state only to get laid off !!,2,,tesla
15,This is why we have social laws in the workforce in europe.,https://www.youtube.com/watch?v=ZgUBoezzFv4&lc=UgxBxkOA1z01Ha2eClx4AaABAg,2024-06-21T13:16:58Z,This is why we have social laws in the workforce in europe.,0,,tesla
16,"Yeah, that definitely deserves a bonus of 55 billion Elon. Right. How about hire back those 14,000, along with other qualified individuals and fire the one guy demanding 55 billion? Seems like a better alternative to me",https://www.youtube.com/watch?v=ZgUBoezzFv4&lc=Ugwuh0L83xS4WzB3K-J4AaABAg,2024-06-14T01:00:47Z,"Yeah, that definitely deserves a bonus of 55 billion Elon. Right. How about hire back those 14,000, along with other qualified individuals and fire the one guy demanding 55 billion? Seems like a better alternative to me",1,,tesla
17,"Bye, Bye electric cars.  No one wants to search high and low for a charging station.",https://www.youtube.com/watch?v=ZgUBoezzFv4&lc=UgyzuJB2hBe7e2s3rmN4AaABAg,2024-05-31T17:24:56Z,"Bye, Bye electric cars.  No one wants to search high and low for a charging station.",0,,tesla
18,"What an ugly truck that won&#39;t make it to classic at all.. he fires his employees, meanwhile demanding a $56-million/$56-billion salary for himself. What a joke!",https://www.youtube.com/watch?v=ZgUBoezzFv4&lc=Ugwj3-k-QTwiOdkSnwB4AaABAg,2024-05-29T16:29:37Z,"What an ugly truck that won't make it to classic at all.. he fires his employees, meanwhile demanding a $56-million/$56-billion salary for himself. What a joke!",1,,tesla
19,I am boycotting Tesla.  They don&#39;t care about their workers nor their customers.  EVs = range anxiety.,https://www.youtube.com/watch?v=ZgUBoezzFv4&lc=UgxXru0oG5BTkZc5yv94AaABAg,2024-05-22T18:08:39Z,I am boycotting Tesla.  They don't care about their workers nor their customers.  EVs = range anxiety.,0,,tesla
20,and you wonder why they moved to Texas!,https://www.youtube.com/watch?v=ZgUBoezzFv4&lc=UgwnZjz6LwdEBdToHa54AaABAg,2024-05-19T05:20:22Z,and you wonder why they moved to Texas!,0,,tesla
21,Boycott Tesla !!!!!,https://www.youtube.com/watch?v=ZgUBoezzFv4&lc=UgzO6HDDhBU4aJiVaGh4AaABAg,2024-05-19T05:19:05Z,Boycott Tesla !!!!!,0,,tesla
22,What a PoS ipads on wheels. What happens when the ipad doesnt turn on? 😂😂😂,https://www.youtube.com/watch?v=ZgUBoezzFv4&lc=UgwOSfcLrnA6i8GI57l4AaABAg,2024-05-16T15:34:37Z,What a PoS ipads on wheels. What happens when the ipad doesnt turn on? 😂😂😂,0,,tesla
23,"Typical auto industry stuff, no matter what era.",https://www.youtube.com/watch?v=ZgUBoezzFv4&lc=UgzNGasDWC9XzrNQ8xl4AaABAg,2024-05-13T07:44:38Z,"Typical auto industry stuff, no matter what era.",0,,tesla
24,Elon Musk could give 2 cents about his employees,https://www.youtube.com/watch?v=ZgUBoezzFv4&lc=UgzwQyMzzrb4lQuWT_94AaABAg,2024-05-12T22:55:59Z,Elon Musk could give 2 cents about his employees,0,,tesla
25,SUCK IT UP 🤣🤣🤣🤣🤣🤣🤣🤣🤣🤣🤣😭😭😭😭😭😭😭😭🍿🍿🍿🍿🍿,https://www.youtube.com/watch?v=ZgUBoezzFv4&lc=UgxiJRBGaov2zGCkGQh4AaABAg,2024-05-12T16:04:07Z,SUCK IT UP 🤣🤣🤣🤣🤣🤣🤣🤣🤣🤣🤣😭😭😭😭😭😭😭😭🍿🍿🍿🍿🍿,0,,tesla
26,Who do you work for??,https://www.youtube.com/watch?v=ZgUBoezzFv4&lc=UgxlB02LF9Ycu6s5pkh4AaABAg,2024-05-12T02:45:06Z,Who do you work for??,0,,tesla
27,Crappy job. You are better off now.,https://www.youtube.com/watch?v=ZgUBoezzFv4&lc=UgzY6yd2HGsf2DYdjoN4AaABAg,2024-05-10T11:18:00Z,Crappy job. You are better off now.,0,,tesla
28,"I am so angry that I refuse to buy any of their cars. I was planning to place an order the end of this month but not anymore. I do not agree in letting these people without any prior notice. I didn&#39;t agree with what people have been saying about Tesla but I do now. Most these people have families, a mortgage, bills, school tuition, and countless other things that depended on their job. Now they have nothing and have to quickly get a job, any job. Not cool.",https://www.youtube.com/watch?v=ZgUBoezzFv4&lc=Ugxd7189bU0KYs8GyGR4AaABAg,2024-05-09T22:36:40Z,"I am so angry that I refuse to buy any of their cars. I was planning to place an order the end of this month but not anymore. I do not agree in letting these people without any prior notice. I didn't agree with what people have been saying about Tesla but I do now. Most these people have families, a mortgage, bills, school tuition, and countless other things that depended on their job. Now they have nothing and have to quickly get a job, any job. Not cool.",2,,tesla
29,DONT work for companies or gov!!!  Small business and self employed. Also contractor work,https://www.youtube.com/watch?v=ZgUBoezzFv4&lc=UgySri9a_vSgng2AQh54AaABAg,2024-05-08T16:55:00Z,DONT work for companies or gov!!!  Small business and self employed. Also contractor work,0,,tesla
30,"Lots of farm jobs in the field in Southwest Arizona, get paid daily in cash!!",https://www.youtube.com/watch?v=ZgUBoezzFv4&lc=UgySri9a_vSgng2AQh54AaABAg.A3BGFtNhIkQAA13AvFGbkP,2024-10-25T17:28:04Z,"Lots of farm jobs in the field in Southwest Arizona, get paid daily in cash!!",0,UgySri9a_vSgng2AQh54AaABAg,tesla
31,"That&#39;s Elon for you!  He&#39;s very anti-union for exactly this reason.  He wants to do what he wants to do with no negotiations or input from others.  It&#39;s a trade-off.  I was very happy in a non-union company, but it didn&#39;t act like this.  Before that 20+ years job, I had a union job and good I did.  They acted exactly like Musk.  So some pluses and some minuses.",https://www.youtube.com/watch?v=ZgUBoezzFv4&lc=UgwzWuhbcvvnsaIS-CR4AaABAg,2024-05-08T03:03:13Z,"That's Elon for you!  He's very anti-union for exactly this reason.  He wants to do what he wants to do with no negotiations or input from others.  It's a trade-off.  I was very happy in a non-union company, but it didn't act like this.  Before that 20+ years job, I had a union job and good I did.  They acted exactly like Musk.  So some pluses and some minuses.",0,,tesla
32,"First mistake, moving headquarter to Texas when the bulk of your supporters are in California.  Want a better Tesla, buy a Toyota.",https://www.youtube.com/watch?v=ZgUBoezzFv4&lc=UgwqfWN8bhOBtSvrjOZ4AaABAg,2024-05-08T00:16:14Z,"First mistake, moving headquarter to Texas when the bulk of your supporters are in California.  Want a better Tesla, buy a Toyota.",0,,tesla
33,He&#39;s hiring people to sleep in his cyber truck beds,https://www.youtube.com/watch?v=ZgUBoezzFv4&lc=Ugz9-96KvEBmKC5kDcJ4AaABAg,2024-05-07T19:39:15Z,He's hiring people to sleep in his cyber truck beds,0,,tesla
34,Workers rights..,https://www.youtube.com/watch?v=ZgUBoezzFv4&lc=Ugy51_MJAe4k1OxE4Mp4AaABAg,2024-05-07T18:42:05Z,Workers rights..,0,,tesla
35,Sorry slaves...,https://www.youtube.com/watch?v=ZgUBoezzFv4&lc=Ugz_jIcrMP5N-tHsF9J4AaABAg,2024-05-07T18:41:28Z,Sorry slaves...,0,,tesla
36,"So truth! Another axiom, nothing good can last forever.",https://www.youtube.com/watch?v=ZgUBoezzFv4&lc=UgwrVhxEq0WrgWaPA6x4AaABAg,2024-05-07T17:55:41Z,"So truth! Another axiom, nothing good can last forever.",0,,tesla
37,"Layoff aka fired. You haven&#39;t been laid off. You&#39;re non-essential. You&#39;re no longer needed and you&#39;ve been terminated. And I&#39;m an old guy. When I got kicked to the curb at age 55, I got no notice. Just a call to come to the office at a certain time. They read from a legally prepared document, which took about 60 seconds and 2 minutes later, I was out the door. So, get over your absurd expectations that you will get or deserve special treatment, so your feelings aren&#39;t hurt. They don&#39;t care about your feelings, and they don&#39;t care how you&#39;re going to pay your bills. That&#39;s on you.",https://www.youtube.com/watch?v=ZgUBoezzFv4&lc=UgxT4bC0A4u2t88a2GR4AaABAg,2024-05-07T16:13:05Z,"Layoff aka fired. You haven't been laid off. You're non-essential. You're no longer needed and you've been terminated. And I'm an old guy. When I got kicked to the curb at age 55, I got no notice. Just a call to come to the office at a certain time. They read from a legally prepared document, which took about 60 seconds and 2 minutes later, I was out the door. So, get over your absurd expectations that you will get or deserve special treatment, so your feelings aren't hurt. They don't care about your feelings, and they don't care how you're going to pay your bills. That's on you.",0,,tesla
38,"Electric cars are just too expensive, this was bound to happen in a recession folks.",https://www.youtube.com/watch?v=ZgUBoezzFv4&lc=UgyRRysh0CKVk0tRsu94AaABAg,2024-05-07T15:29:32Z,"Electric cars are just too expensive, this was bound to happen in a recession folks.",0,,tesla
39,as it should be ... Texas is a right to work state -- they employees were the lower 10% when it comes to performance. <br><br>Grow up kids -- a little dose of the free market.,https://www.youtube.com/watch?v=ZgUBoezzFv4&lc=Ugx4GoXHWpi2awA5hmh4AaABAg,2024-05-07T00:19:25Z,"as it should be ... Texas is a right to work state -- they employees were the lower 10% when it comes to performance. 

Grow up kids -- a little dose of the free market.",0,,tesla
40,You seriously expected decency out of a d-bag like Musk?  He&#39;s about as honorable as Trump.,https://www.youtube.com/watch?v=ZgUBoezzFv4&lc=UgzTLYou1I-Rlpj6PwR4AaABAg,2024-05-06T20:59:27Z,You seriously expected decency out of a d-bag like Musk?  He's about as honorable as Trump.,1,,tesla
41,Karl Marx predicted this 200 years ago and people laughed at him. Now he is proven right.,https://www.youtube.com/watch?v=ZgUBoezzFv4&lc=UgwBCt-SqGMGhWiFuEt4AaABAg,2024-05-06T20:15:19Z,Karl Marx predicted this 200 years ago and people laughed at him. Now he is proven right.,0,,tesla
42,Langya tesla 😢,https://www.youtube.com/watch?v=ZgUBoezzFv4&lc=UgxCUbiGeN7L3-f7gz54AaABAg,2024-05-06T19:25:23Z,Langya tesla 😢,0,,tesla
43,Tesla what A GREAT COMPANY RIGHT......... what a joke you all played yourselfs,https://www.youtube.com/watch?v=ZgUBoezzFv4&lc=UgzPNOGzwjEGRNvEegZ4AaABAg,2024-05-06T17:14:48Z,Tesla what A GREAT COMPANY RIGHT......... what a joke you all played yourselfs,0,,tesla
44,"People need to get more familiar with the WARN act. These layoffs have been announced for months now in the WARN website, for those of you who don&#39;t know check warn notices .gov there you will find a list of the layoffs to come on big companies.",https://www.youtube.com/watch?v=ZgUBoezzFv4&lc=Ugw2h-Y93JHmBp-Rrip4AaABAg,2024-05-06T16:58:23Z,"People need to get more familiar with the WARN act. These layoffs have been announced for months now in the WARN website, for those of you who don't know check warn notices .gov there you will find a list of the layoffs to come on big companies.",0,,tesla
45,There is probably  a lot more to come. Most people can&#39;t afford tesla,https://www.youtube.com/watch?v=ZgUBoezzFv4&lc=UgynEpp4ltnkH0rx9354AaABAg,2024-05-06T15:46:40Z,There is probably  a lot more to come. Most people can't afford tesla,0,,tesla
46,i hate when companies treat their own employees like criminals. our society is sick.,https://www.youtube.com/watch?v=ZgUBoezzFv4&lc=Ugw-G8iiShuXYw-Tn0R4AaABAg,2024-05-06T15:10:47Z,i hate when companies treat their own employees like criminals. our society is sick.,6,,tesla
47,It had to happen.  Just look at the product they produce.  Cars are ugly and dangerous.  The passing interest in electric cars is over.,https://www.youtube.com/watch?v=ZgUBoezzFv4&lc=Ugy4vH1dG0-Rercx3Xx4AaABAg,2024-05-06T13:42:24Z,It had to happen.  Just look at the product they produce.  Cars are ugly and dangerous.  The passing interest in electric cars is over.,0,,tesla
48,Heartless individual!! His bank acc is full!,https://www.youtube.com/watch?v=ZgUBoezzFv4&lc=UgyMgQw7yuvn_v3Np7d4AaABAg,2024-05-06T10:37:14Z,Heartless individual!! His bank acc is full!,0,,tesla
49,People are listening to government/media propaganda while watching the artificially inflated stock price and think that Tesla has an actual business model…they do not.,https://www.youtube.com/watch?v=ZgUBoezzFv4&lc=UgxTeWl0jNXwN0z3GdV4AaABAg,2024-05-05T16:36:57Z,People are listening to government/media propaganda while watching the artificially inflated stock price and think that Tesla has an actual business model…they do not.,0,,tesla
0,If you believe the heater add you deserve it.,https://www.youtube.com/watch?v=AvK5iUQbshw&lc=UgyKgosPyiahN8G-VYF4AaABAg,2025-05-18T22:52:25Z,If you believe the heater add you deserve it.,0,,tesla
1,"I got fired over email, that shit sucks. All of a sudden you&#39;re alone in the world with no hands being reached out. They really just leave you high and dry. Because of Tesla, I&#39;ll never work for someone else ever again. Why do you deserve my loyalty if I don&#39;t get yours?",https://www.youtube.com/watch?v=AvK5iUQbshw&lc=UgzfsAc1zYQR5PVxYkV4AaABAg,2024-08-09T00:06:09Z,"I got fired over email, that shit sucks. All of a sudden you're alone in the world with no hands being reached out. They really just leave you high and dry. Because of Tesla, I'll never work for someone else ever again. Why do you deserve my loyalty if I don't get yours?",0,,tesla
2,Is this like quiet firing?,https://www.youtube.com/watch?v=AvK5iUQbshw&lc=Ugzzc1JR5-3ftlYY81R4AaABAg,2024-06-23T02:20:59Z,Is this like quiet firing?,0,,tesla
3,"One important thing you&#39;re missing is that management doesn&#39;t see us as human beings; they only view us as resources, valued solely for profitability",https://www.youtube.com/watch?v=AvK5iUQbshw&lc=Ugx6Q4vhb9zvEhHPFup4AaABAg,2024-05-27T19:39:55Z,"One important thing you're missing is that management doesn't see us as human beings; they only view us as resources, valued solely for profitability",0,,tesla
4,"mickez innovation moon 4k on de face cts ist whoz ask tzcan abt romanian coke bc drug lord had a faq from bvb fcsp<a href=""UCkszU2WH9gy1mb0dV-11UJg/oPgfY_DoKfSXkNAPq8-AgAo""></a><a href=""UCkszU2WH9gy1mb0dV-11UJg/zPgfY66lCJGRhL0Pz6iA4Aw""></a>",https://www.youtube.com/watch?v=AvK5iUQbshw&lc=Ugy77az2xxfSFlUNogl4AaABAg,2024-05-26T23:53:28Z,mickez innovation moon 4k on de face cts ist whoz ask tzcan abt romanian coke bc drug lord had a faq from bvb fcsp,0,,tesla
5,Nothing insensitive  about saying you fired.    Been there done that it whay can u tell somebody,https://www.youtube.com/watch?v=AvK5iUQbshw&lc=UgwDORiMbXC6wD8S0814AaABAg,2024-05-22T06:04:48Z,Nothing insensitive  about saying you fired.    Been there done that it whay can u tell somebody,0,,tesla
6,"Job doesn’t owe you anything… business are created to make money.  People aren’t going to lose their livelihood keep more employees than they can afford.  You don’t let your employees take down the entire business.  They can go get another job, it’s not as easy to just start and build another business",https://www.youtube.com/watch?v=AvK5iUQbshw&lc=Ugw7C4W5NgqdTm54kqR4AaABAg,2024-05-20T00:03:53Z,"Job doesn’t owe you anything… business are created to make money.  People aren’t going to lose their livelihood keep more employees than they can afford.  You don’t let your employees take down the entire business.  They can go get another job, it’s not as easy to just start and build another business",0,,tesla
7,"<a href=""http://www.youtube.com/results?search_query=%23tesla"">#tesla</a> <a href=""http://www.youtube.com/results?search_query=%23bademployers"">#bademployers</a> <a href=""http://www.youtube.com/results?search_query=%23elonmusk"">#elonmusk</a> <a href=""http://www.youtube.com/results?search_query=%23h1b"">#h1b</a> <a href=""http://www.youtube.com/results?search_query=%23corporations"">#corporations</a> <a href=""http://www.youtube.com/results?search_query=%23corporateslavery"">#corporateslavery</a>",https://www.youtube.com/watch?v=AvK5iUQbshw&lc=UgxyPbsg25aISL6jFup4AaABAg,2024-05-19T03:29:24Z,#tesla #bademployers #elonmusk #h1b #corporations #corporateslavery,0,,tesla
8,He’s so annoying,https://www.youtube.com/watch?v=AvK5iUQbshw&lc=Ugz-Hnc9dCRkS8iNdHF4AaABAg,2024-05-18T00:56:41Z,He’s so annoying,0,,tesla
9,Indian media criticizong foreign organizations and praising Indian ones... Nice,https://www.youtube.com/watch?v=AvK5iUQbshw&lc=UgxkrVQOWY93T-pFuoB4AaABAg,2024-05-15T06:15:14Z,Indian media criticizong foreign organizations and praising Indian ones... Nice,0,,tesla
10,"So many of the comments are about a requirement for the company to give two weeks of advance notice. In accordance with the Worker Adjustment and Retraining Notification (WARN) Act, Tesla had to pay 90 days wages in lieu of notice. Most companies like Tesla also pay out accrued vacation and personal leave time, as well.",https://www.youtube.com/watch?v=AvK5iUQbshw&lc=UgxUlYGdXX72mEHPP9B4AaABAg,2024-05-14T20:02:58Z,"So many of the comments are about a requirement for the company to give two weeks of advance notice. In accordance with the Worker Adjustment and Retraining Notification (WARN) Act, Tesla had to pay 90 days wages in lieu of notice. Most companies like Tesla also pay out accrued vacation and personal leave time, as well.",0,,tesla
11,My favorite laid off notice story is one of my friend. He received the notification as he touched down at the Miami airport on a business trip. Basically he spent the day traveling for nothing but wait for the next flight home.,https://www.youtube.com/watch?v=AvK5iUQbshw&lc=Ugzp-y80hTC6_s8CfcZ4AaABAg,2024-05-14T19:03:07Z,My favorite laid off notice story is one of my friend. He received the notification as he touched down at the Miami airport on a business trip. Basically he spent the day traveling for nothing but wait for the next flight home.,0,,tesla
12,"Why are you taking lectures here ? <br>It is kind that they get e-mails to inform on their termination. <br><br>What about greedy employees hopping companies without any notice? Your company would train you for years, nurture you, bring out the talent hidden within you, yet when the moment is right, people fly away, what about that ?<br><br>Stop taking lectures Palki, you yourself betrayed your parent company WION. You are who you are because of wion. Yet once the time is ripe you moved away. <br><br>If it were me, they should be denied access into tesla systems with a short alert beneath the login in small fonts “you’re fired”. That is how I would fire.",https://www.youtube.com/watch?v=AvK5iUQbshw&lc=UgwuICDP6gB7D_-5yNd4AaABAg,2024-05-14T15:55:25Z,"Why are you taking lectures here ? 
It is kind that they get e-mails to inform on their termination. 

What about greedy employees hopping companies without any notice? Your company would train you for years, nurture you, bring out the talent hidden within you, yet when the moment is right, people fly away, what about that ?

Stop taking lectures Palki, you yourself betrayed your parent company WION. You are who you are because of wion. Yet once the time is ripe you moved away. 

If it were me, they should be denied access into tesla systems with a short alert beneath the login in small fonts “you’re fired”. That is how I would fire.",0,,tesla
13,"Elon musk is selling snake oil😂 cybertruck rusting,hyperloop shutdown ,case against Full self driving car 🚗,boring company, it is just Elon cult 😂😂",https://www.youtube.com/watch?v=AvK5iUQbshw&lc=UgynPQFv_7kmuiBExUp4AaABAg,2024-05-14T06:45:51Z,"Elon musk is selling snake oil😂 cybertruck rusting,hyperloop shutdown ,case against Full self driving car 🚗,boring company, it is just Elon cult 😂😂",0,,tesla
14,Cry harder.,https://www.youtube.com/watch?v=AvK5iUQbshw&lc=UgwsOIY7vgYbUkdl_7F4AaABAg,2024-05-13T13:57:48Z,Cry harder.,0,,tesla
15,Maybe Tesla should have given them a pice of cake on their way out to soften the blow.,https://www.youtube.com/watch?v=AvK5iUQbshw&lc=UgzuxzfQF0qPpYBjzKp4AaABAg,2024-05-13T11:03:05Z,Maybe Tesla should have given them a pice of cake on their way out to soften the blow.,0,,tesla
16,So how exactly must employees be laid off?,https://www.youtube.com/watch?v=AvK5iUQbshw&lc=Ugz81v9islq8tXeRy1h4AaABAg,2024-05-13T05:43:25Z,So how exactly must employees be laid off?,0,,tesla
17,I think they fired their Employee who writes email first.,https://www.youtube.com/watch?v=AvK5iUQbshw&lc=UgwMBf4q9hQcv4l_Xcx4AaABAg,2024-05-13T03:40:38Z,I think they fired their Employee who writes email first.,0,,tesla
18,Elon Musk has no class.,https://www.youtube.com/watch?v=AvK5iUQbshw&lc=UgzylPjDrKttrfZ8EAl4AaABAg,2024-05-13T03:11:30Z,Elon Musk has no class.,0,,tesla
19,"Man, god&#39;s special creature 😊😊😊😊",https://www.youtube.com/watch?v=AvK5iUQbshw&lc=UgwbCg3gQwTez5b75GB4AaABAg,2024-05-12T19:51:17Z,"Man, god's special creature 😊😊😊😊",0,,tesla
20,Notice the agenda <br><br>She doesn’t run a multi billion dollar company. <br><br>She reads off a teleprompter,https://www.youtube.com/watch?v=AvK5iUQbshw&lc=Ugw6XQwTfBGF5keB7YF4AaABAg,2024-05-12T12:21:51Z,"Notice the agenda 

She doesn’t run a multi billion dollar company. 

She reads off a teleprompter",0,,tesla
21,"Buuhuu, Elon mean.",https://www.youtube.com/watch?v=AvK5iUQbshw&lc=UgwjzZg2Ma6aQehGD8V4AaABAg,2024-05-12T09:30:23Z,"Buuhuu, Elon mean.",0,,tesla
22,"Mujhe koi problem nahi hain tumhare power use se ,tum job se nikalwa do , I will sustain for some months till your try of this date and marriage will over then will join some other company,may be salary will less but it is fine, I will try to disconnect of my email hack mobile hack with new sim ,new phone and new email . Will get free .",https://www.youtube.com/watch?v=AvK5iUQbshw&lc=Ugyheqt2uEbu0m2O3Vh4AaABAg,2024-05-12T09:29:55Z,"Mujhe koi problem nahi hain tumhare power use se ,tum job se nikalwa do , I will sustain for some months till your try of this date and marriage will over then will join some other company,may be salary will less but it is fine, I will try to disconnect of my email hack mobile hack with new sim ,new phone and new email . Will get free .",0,,tesla
23,A humane capitalism is an oxymoron,https://www.youtube.com/watch?v=AvK5iUQbshw&lc=UgyyvNffdNNcjEdcRpd4AaABAg,2024-05-12T08:55:11Z,A humane capitalism is an oxymoron,0,,tesla
24,No wonder &quot;employee loyalty&quot; is a thing of the past,https://www.youtube.com/watch?v=AvK5iUQbshw&lc=UgyLMN_596vUW-jZ2u54AaABAg,2024-05-12T08:08:50Z,"No wonder ""employee loyalty"" is a thing of the past",0,,tesla
25,The Chinese are no better with the way they treat employee working in their factory in Africa. 😊,https://www.youtube.com/watch?v=AvK5iUQbshw&lc=Ugx1ENQ3_C1uhkzvpfB4AaABAg,2024-05-12T06:32:11Z,The Chinese are no better with the way they treat employee working in their factory in Africa. 😊,0,,tesla
26,"Ai is replacing humans ,i guess that&#39;s the reason behind layoffs.",https://www.youtube.com/watch?v=AvK5iUQbshw&lc=Ugyi-8-EQ0uMvYAN3WV4AaABAg,2024-05-11T17:42:51Z,"Ai is replacing humans ,i guess that's the reason behind layoffs.",0,,tesla
27,Meanwhile Google just did that to thousands this past week,https://www.youtube.com/watch?v=AvK5iUQbshw&lc=Ugxgl09PPOThzJFbffx4AaABAg,2024-05-11T15:29:09Z,Meanwhile Google just did that to thousands this past week,0,,tesla
28,she&#39;s so smart if she&#39;s the one who wrote/edited the story,https://www.youtube.com/watch?v=AvK5iUQbshw&lc=Ugzz7zuygJGdQsOQWLN4AaABAg,2024-05-11T14:51:28Z,she's so smart if she's the one who wrote/edited the story,0,,tesla
29,What is all this fuss about? We can be sure Elon knows more about how to lay off staff than anyone else in the world.,https://www.youtube.com/watch?v=AvK5iUQbshw&lc=UgxzAL_QH7L3515eVn94AaABAg,2024-05-11T13:33:07Z,What is all this fuss about? We can be sure Elon knows more about how to lay off staff than anyone else in the world.,0,,tesla
30,I strongly believe 4 weeks notice a must before firing an employee.,https://www.youtube.com/watch?v=AvK5iUQbshw&lc=Ugy_8w4KsuE4sZDYbzJ4AaABAg,2024-05-11T06:51:39Z,I strongly believe 4 weeks notice a must before firing an employee.,0,,tesla
31,Dehumanise 💔,https://www.youtube.com/watch?v=AvK5iUQbshw&lc=Ugw1-ooByyFLV90nmw54AaABAg,2024-05-10T20:40:20Z,Dehumanise 💔,0,,tesla
32,"My last employer laid off 103 of us in less than 2 weeks. Told us through departmental zoom meetings the day-of, no one knew other than directors who were sworn to secrecy apparently. The kicker was that before my department zoom meeting, the CEO sent an email to all departments advising of these terminations due to “restructuring”. Then proceeded to lock us out of our laptops less than 15 minutes after the short meeting concluded. Cold cold cold!!",https://www.youtube.com/watch?v=AvK5iUQbshw&lc=Ugw_DpJNQMjKAx93VCN4AaABAg,2024-05-10T19:13:08Z,"My last employer laid off 103 of us in less than 2 weeks. Told us through departmental zoom meetings the day-of, no one knew other than directors who were sworn to secrecy apparently. The kicker was that before my department zoom meeting, the CEO sent an email to all departments advising of these terminations due to “restructuring”. Then proceeded to lock us out of our laptops less than 15 minutes after the short meeting concluded. Cold cold cold!!",0,,tesla
33,best security policy though letting ppl go over email,https://www.youtube.com/watch?v=AvK5iUQbshw&lc=UgyTmC-ZIuk_cWAmqZV4AaABAg,2024-05-10T18:14:24Z,best security policy though letting ppl go over email,0,,tesla
34,Karma will hit them back..,https://www.youtube.com/watch?v=AvK5iUQbshw&lc=Ugybl4C88LLjj2xX41J4AaABAg,2024-05-10T16:52:46Z,Karma will hit them back..,0,,tesla
35,They all are so Insensitive..,https://www.youtube.com/watch?v=AvK5iUQbshw&lc=UgwK7jwPp2fathh5WBR4AaABAg,2024-05-10T16:48:35Z,They all are so Insensitive..,0,,tesla
36,"Oh get a grip, I&#39;ve been working 50 years and layoffs are just part of the business cycle. Stop crying and get over it.",https://www.youtube.com/watch?v=AvK5iUQbshw&lc=UgwiQugPN_wwd1KXj4h4AaABAg,2024-05-10T16:22:00Z,"Oh get a grip, I've been working 50 years and layoffs are just part of the business cycle. Stop crying and get over it.",0,,tesla
37,It is very common in USA to layoff with just an email.,https://www.youtube.com/watch?v=AvK5iUQbshw&lc=UgzcRanQrKJ0CNdf0u94AaABAg,2024-05-10T15:12:58Z,It is very common in USA to layoff with just an email.,0,,tesla
38,They can find a more compassionate way<br>THE TRUTH THEY DON&#39;T CARE ABOUT YOU!<br>America wake up!<br>UNION! UNION !,https://www.youtube.com/watch?v=AvK5iUQbshw&lc=Ugyuqx_j6nfwerKa3QB4AaABAg,2024-05-10T15:09:01Z,"They can find a more compassionate way
THE TRUTH THEY DON'T CARE ABOUT YOU!
America wake up!
UNION! UNION !",0,,tesla
39,"We are disposable <br>In the business world. Ive been throught it<br>It does leave a scar , January 2cd, after working 8 years at a start up, hard &amp; growing pains at start up, new buyer a year before.this was 20 years ago<br>I never forgot it",https://www.youtube.com/watch?v=AvK5iUQbshw&lc=UgzTsN80SgkY17xcJQN4AaABAg,2024-05-10T15:06:14Z,"We are disposable 
In the business world. Ive been throught it
It does leave a scar , January 2cd, after working 8 years at a start up, hard & growing pains at start up, new buyer a year before.this was 20 years ago
I never forgot it",0,,tesla
40,"When will employees realize ?<br>&quot;You are just a number you corporations<br>People get laid off after christmas holidays,  come back to work after the new year<br>And you lose your job on January 2.<br>It happened to me.",https://www.youtube.com/watch?v=AvK5iUQbshw&lc=UgwrNqFbuXroWfxbiNt4AaABAg,2024-05-10T14:54:39Z,"When will employees realize ?
""You are just a number you corporations
People get laid off after christmas holidays,  come back to work after the new year
And you lose your job on January 2.
It happened to me.",0,,tesla
41,This guy is a childish mind,https://www.youtube.com/watch?v=AvK5iUQbshw&lc=UgwfAMeGNod8TJ0Purp4AaABAg,2024-05-10T14:38:53Z,This guy is a childish mind,0,,tesla
42,Oh stop with the whining. Business is business. Do you really believe a termination notice accompanied by a bouquet and box of chocolates would “feel” better?,https://www.youtube.com/watch?v=AvK5iUQbshw&lc=UgxnOV_LGoU-G1ukGCx4AaABAg,2024-05-10T14:06:15Z,Oh stop with the whining. Business is business. Do you really believe a termination notice accompanied by a bouquet and box of chocolates would “feel” better?,0,,tesla
43,If it happens in a govt organisation in india there will be lot of hue and cry. Now where is the human rights comission who most of the times reacts against india even for trivial matters,https://www.youtube.com/watch?v=AvK5iUQbshw&lc=UgzQHFbQwIEuDBKOF8B4AaABAg,2024-05-10T13:33:09Z,If it happens in a govt organisation in india there will be lot of hue and cry. Now where is the human rights comission who most of the times reacts against india even for trivial matters,0,,tesla
44,"We aren&#39;t people, we are &#39;resources&#39;.",https://www.youtube.com/watch?v=AvK5iUQbshw&lc=UgykLKeguqCt8Ecgn6h4AaABAg,2024-05-10T13:11:35Z,"We aren't people, we are 'resources'.",0,,tesla
45,Smart lady. You earned a fan.,https://www.youtube.com/watch?v=AvK5iUQbshw&lc=UgwiSwHumB8hhhdr6Rp4AaABAg,2024-05-10T12:55:23Z,Smart lady. You earned a fan.,0,,tesla
46,Who wants to work for Tesla ? Same think with start up companies ?,https://www.youtube.com/watch?v=AvK5iUQbshw&lc=Ugyb2pyrIm1e09OPJm14AaABAg,2024-05-10T12:33:24Z,Who wants to work for Tesla ? Same think with start up companies ?,0,,tesla
47,These employees are a bunch of cry babies.,https://www.youtube.com/watch?v=AvK5iUQbshw&lc=UgzbPhFNDIiNu-aGjsF4AaABAg,2024-05-10T11:56:33Z,These employees are a bunch of cry babies.,0,,tesla
48,They are about to hire immigrants for cheaper labor just watch,https://www.youtube.com/watch?v=AvK5iUQbshw&lc=UgwSwnuy85zmoBiIYVl4AaABAg,2024-05-10T11:54:18Z,They are about to hire immigrants for cheaper labor just watch,0,,tesla
49,"He he.. Modi’s mouthpiece activates here against Tesla too, because of musk’s last moment flip flop <br><br>They had 10% drop in sales so had to cut 10% employees. That’s how capitalism works. But why don’t madam speak anything on ambani or adani?",https://www.youtube.com/watch?v=AvK5iUQbshw&lc=UgwlkNl9fbuTPEPy4iB4AaABAg,2024-05-10T11:19:46Z,"He he.. Modi’s mouthpiece activates here against Tesla too, because of musk’s last moment flip flop 

They had 10% drop in sales so had to cut 10% employees. That’s how capitalism works. But why don’t madam speak anything on ambani or adani?",0,,tesla
0,"I think it&#39;s important to stick to stocks that are immune to economic policies. AI stocks that have the potential to power and transform future technologies. It seems AI is the trajectory most companies are taking, including even established FAANG companies. Maybe there are other recommendations?",https://www.youtube.com/watch?v=a3qYPeRIuWM&lc=Ugw-e5JbUvTBmorpONx4AaABAg,2024-07-23T17:27:16Z,"I think it's important to stick to stocks that are immune to economic policies. AI stocks that have the potential to power and transform future technologies. It seems AI is the trajectory most companies are taking, including even established FAANG companies. Maybe there are other recommendations?",193,,tesla
1,I bought into NVIDIA around September last year because my financial advisor recommended it to me. She said the company is selling shovels in a gold rush. It accounted for almost 80% of my market return this year.,https://www.youtube.com/watch?v=a3qYPeRIuWM&lc=Ugw-e5JbUvTBmorpONx4AaABAg.A6F0MmDwaajA6F1gLYL6Gx,2024-07-23T17:38:49Z,I bought into NVIDIA around September last year because my financial advisor recommended it to me. She said the company is selling shovels in a gold rush. It accounted for almost 80% of my market return this year.,0,Ugw-e5JbUvTBmorpONx4AaABAg,tesla
2,nicolette-t2y That&#39;s a great tip. I&#39;m setting out 50k to invest in the market this year. Any particularly useful tips you could offer to me?,https://www.youtube.com/watch?v=a3qYPeRIuWM&lc=Ugw-e5JbUvTBmorpONx4AaABAg.A6F0MmDwaajA6F1lJoLzig,2024-07-23T17:39:30Z,nicolette-t2y That's a great tip. I'm setting out 50k to invest in the market this year. Any particularly useful tips you could offer to me?,0,Ugw-e5JbUvTBmorpONx4AaABAg,tesla
3,nicolette-t2y I looked up her name online and found her page. I emailed and made an appointment to talk with her. Thanks for the tip.,https://www.youtube.com/watch?v=a3qYPeRIuWM&lc=Ugw-e5JbUvTBmorpONx4AaABAg.A6F0MmDwaajA6F1uv1RsPq,2024-07-23T17:40:48Z,nicolette-t2y I looked up her name online and found her page. I emailed and made an appointment to talk with her. Thanks for the tip.,0,Ugw-e5JbUvTBmorpONx4AaABAg,tesla
4,There’s something wrong with the them they don’t take care enough or explain enough no ones know what a company does Tesla do now everyone so worried every single keep going down and down had enough it’s like a joke instead the Tesla no matter what we was buying now our money double up all the market do the show  earn so good ı m so disappointed on Tesla,https://www.youtube.com/watch?v=a3qYPeRIuWM&lc=UgyJBEjEWEcnrC_JnMN4AaABAg,2024-04-20T22:07:30Z,There’s something wrong with the them they don’t take care enough or explain enough no ones know what a company does Tesla do now everyone so worried every single keep going down and down had enough it’s like a joke instead the Tesla no matter what we was buying now our money double up all the market do the show  earn so good ı m so disappointed on Tesla,0,,tesla
5,Tesla was $100 stock when X news broke but still growing at considerable pace. this will pass too!! Elon knows what he is doing certainly better than cheap crap analysts.,https://www.youtube.com/watch?v=a3qYPeRIuWM&lc=UgykxJvhnC6ahQEk5QJ4AaABAg,2024-04-17T10:42:17Z,Tesla was $100 stock when X news broke but still growing at considerable pace. this will pass too!! Elon knows what he is doing certainly better than cheap crap analysts.,0,,tesla
6,Buying Te$la stocks.  I am all in.  Lay off the lazy facks and make some profits.,https://www.youtube.com/watch?v=a3qYPeRIuWM&lc=Ugzq9vLVUhlThlDrLYZ4AaABAg,2024-04-17T08:31:38Z,Buying Te$la stocks.  I am all in.  Lay off the lazy facks and make some profits.,0,,tesla
7,Elmo Musk is planning to replace Baglino with his son X.,https://www.youtube.com/watch?v=a3qYPeRIuWM&lc=UgwoS_us_Xon0HUKxf54AaABAg,2024-04-17T03:26:58Z,Elmo Musk is planning to replace Baglino with his son X.,0,,tesla
8,"Tesla has just invited the UAW to Texas following massive layoffs. This marks Tesla&#39;s biggest blunder in its history, as they failed to establish their own workers&#39; union that would benefit the company. Now, all Tesla workers may have second thoughts about voting for the UAW. The primary reason for bringing in the UAW is that when a worker is laid off, they have priority for recall before a new worker can be hired. I have been preaching that sooner or later the UNION will be voted in.",https://www.youtube.com/watch?v=a3qYPeRIuWM&lc=UgyjCvrqES0jGosNZlJ4AaABAg,2024-04-16T20:43:07Z,"Tesla has just invited the UAW to Texas following massive layoffs. This marks Tesla's biggest blunder in its history, as they failed to establish their own workers' union that would benefit the company. Now, all Tesla workers may have second thoughts about voting for the UAW. The primary reason for bringing in the UAW is that when a worker is laid off, they have priority for recall before a new worker can be hired. I have been preaching that sooner or later the UNION will be voted in.",0,,tesla
9,"Reuters was right, Musk lied; he&#39;s ditching the model 2 and focusing on Robotaxis.",https://www.youtube.com/watch?v=a3qYPeRIuWM&lc=Ugwcrxzn3GP5uej9JNJ4AaABAg,2024-04-16T19:21:10Z,"Reuters was right, Musk lied; he's ditching the model 2 and focusing on Robotaxis.",0,,tesla
10,"There is one datapoint, that everyone have missed:<br><br>There will be zero savings in US for Q2 due the layoffs: Tesla has failed to make WARN Act notifications in each State they are making these job cuts. This is required by the law and only after that the 60 days clock starts running. Thus the earliest effective layoffs are in mid-July. Until then those employees locked out incur Tesla salary expenses, but have zero productivity. In Germany the delay will be even longer.<br><br>Those, who are eligible to stock options can also vest their performance packet out before last day employed by Tesla.<br><br>So, the bottom line is not cleared from salary and compensation related expenses of the laid off employees even in this quarter (but maybe in China).<br><br>About the margins: at leat for Tesla Automotive thise will be negative in the first quarter of this year.",https://www.youtube.com/watch?v=a3qYPeRIuWM&lc=Ugw7BBj-xbG7zE0xC6B4AaABAg,2024-04-16T18:21:06Z,"There is one datapoint, that everyone have missed:

There will be zero savings in US for Q2 due the layoffs: Tesla has failed to make WARN Act notifications in each State they are making these job cuts. This is required by the law and only after that the 60 days clock starts running. Thus the earliest effective layoffs are in mid-July. Until then those employees locked out incur Tesla salary expenses, but have zero productivity. In Germany the delay will be even longer.

Those, who are eligible to stock options can also vest their performance packet out before last day employed by Tesla.

So, the bottom line is not cleared from salary and compensation related expenses of the laid off employees even in this quarter (but maybe in China).

About the margins: at leat for Tesla Automotive thise will be negative in the first quarter of this year.",0,,tesla
11,"“Once FSD is super smooth (not just safe), we will roll out a free month trial for all cars in North America,” Musk tweeted Monday. “Then extend to rest of world after we ensure it works well on local roads and regulators approve it in that country.” May 8, 2023<br><br>Tesla just did that, they made it available to all Teslas that support FSD in the US and Canada. I’ve driven it and it is mind blowing. New versions come out every two weeks so it is improving rapidly. The product is now end to end AI and trains using actual driver video. Supervised Full Self Driving is no longer a Beta product and is now ready for wide release. <br><br>They just lowered the price to $99/mo and anecdotally the take rate will be much higher than before. I certainly will do it.",https://www.youtube.com/watch?v=a3qYPeRIuWM&lc=UgxarJhOF7m51Ai4MwR4AaABAg,2024-04-16T17:44:40Z,"“Once FSD is super smooth (not just safe), we will roll out a free month trial for all cars in North America,” Musk tweeted Monday. “Then extend to rest of world after we ensure it works well on local roads and regulators approve it in that country.” May 8, 2023

Tesla just did that, they made it available to all Teslas that support FSD in the US and Canada. I’ve driven it and it is mind blowing. New versions come out every two weeks so it is improving rapidly. The product is now end to end AI and trains using actual driver video. Supervised Full Self Driving is no longer a Beta product and is now ready for wide release. 

They just lowered the price to $99/mo and anecdotally the take rate will be much higher than before. I certainly will do it.",0,,tesla
12,"Cybertruck,robotaxi,humanoid robots? Hahaha investors get the hell out now if you have half a brain. The public sentiment rejects all these things and will for sometime.",https://www.youtube.com/watch?v=a3qYPeRIuWM&lc=UgwqRMLomCglqGODhgl4AaABAg,2024-04-16T12:02:27Z,"Cybertruck,robotaxi,humanoid robots? Hahaha investors get the hell out now if you have half a brain. The public sentiment rejects all these things and will for sometime.",0,,tesla
13,Must be gearing up to build all those robotaxis.🙄,https://www.youtube.com/watch?v=a3qYPeRIuWM&lc=UgxvoFSl-631MPcu0Wh4AaABAg,2024-04-16T11:28:04Z,Must be gearing up to build all those robotaxis.🙄,0,,tesla
14,"NVDA only has 30 k workers, it’s called AI, get use to it.  China will loose any advantage as workers become unnecessary. America may also loose its innovation advantage when AI becomes available everywhere. The real losers will be those that can’t accept change.",https://www.youtube.com/watch?v=a3qYPeRIuWM&lc=UgwPrTN5Uxvg-205VgN4AaABAg,2024-04-16T10:34:39Z,"NVDA only has 30 k workers, it’s called AI, get use to it.  China will loose any advantage as workers become unnecessary. America may also loose its innovation advantage when AI becomes available everywhere. The real losers will be those that can’t accept change.",0,,tesla
15,😂😂😂😂😂,https://www.youtube.com/watch?v=a3qYPeRIuWM&lc=UgwgDV4ciru0iQZTAux4AaABAg,2024-04-16T10:22:28Z,😂😂😂😂😂,0,,tesla
16,"Very clear the Cybertruck Vanity project by Tesla instead of focusing and investing on a mass market model 2 or a Model X replacement has left them with an aging portfolio..... who really needs a Cybertruck for commercial purposes.... its high end big sports car with limited use .... hope Tesla gets refocused now and turns things around. Doing it without Tax payer $$ via incentives , grants or a bailout would be great also!",https://www.youtube.com/watch?v=a3qYPeRIuWM&lc=Ugyt9XTC215ppkdyRm14AaABAg,2024-04-16T08:02:47Z,"Very clear the Cybertruck Vanity project by Tesla instead of focusing and investing on a mass market model 2 or a Model X replacement has left them with an aging portfolio..... who really needs a Cybertruck for commercial purposes.... its high end big sports car with limited use .... hope Tesla gets refocused now and turns things around. Doing it without Tax payer $$ via incentives , grants or a bailout would be great also!",0,,tesla
17,"This is looks like the beginning of a long deep recession.  Lots of layoffs have been happening with Google, Facebook, etc.  Tesla now is in recession mode.  The whole car industry will be following.",https://www.youtube.com/watch?v=a3qYPeRIuWM&lc=UgyCLSG5jH3lvm6fngt4AaABAg,2024-04-16T07:42:33Z,"This is looks like the beginning of a long deep recession.  Lots of layoffs have been happening with Google, Facebook, etc.  Tesla now is in recession mode.  The whole car industry will be following.",0,,tesla
18,"“It is extremely important to look at every aspect of growth for cost reductions and increasing productivity,” Musk said in a letter to employees. “There is nothing I love more than making money for myself, so it must be done to ensure the company be “lean, innovative, dangerous to its workers and hungry for the next growth phase cycle. I really love money!”",https://www.youtube.com/watch?v=a3qYPeRIuWM&lc=UgwzgzNs0__Ei3N9BEx4AaABAg,2024-04-16T06:41:45Z,"“It is extremely important to look at every aspect of growth for cost reductions and increasing productivity,” Musk said in a letter to employees. “There is nothing I love more than making money for myself, so it must be done to ensure the company be “lean, innovative, dangerous to its workers and hungry for the next growth phase cycle. I really love money!”",1,,tesla
19,So the way to grow your company is to make your employees &quot;hungry&quot;?,https://www.youtube.com/watch?v=a3qYPeRIuWM&lc=UgzKozUsxSRLTb4eRHt4AaABAg,2024-04-16T06:21:42Z,"So the way to grow your company is to make your employees ""hungry""?",0,,tesla
20,They need to learn from BYD. BYD has been far more innovative. Models S 3 X Y have not been refreshed for ages. Excluding minor uogrades.,https://www.youtube.com/watch?v=a3qYPeRIuWM&lc=UgyuV7Gd8BE7ib0L80B4AaABAg,2024-04-16T06:07:01Z,They need to learn from BYD. BYD has been far more innovative. Models S 3 X Y have not been refreshed for ages. Excluding minor uogrades.,0,,tesla
21,I wont buy an electric car. No where to charge it. Takes too long to charge. Power drains too quickly running the radio and air conditioning whilst driving.,https://www.youtube.com/watch?v=a3qYPeRIuWM&lc=Ugyv-j4PlqueUhntNfZ4AaABAg,2024-04-16T05:13:37Z,I wont buy an electric car. No where to charge it. Takes too long to charge. Power drains too quickly running the radio and air conditioning whilst driving.,0,,tesla
22,Glad he has billions but he has cost everyday shareholder a lot of pain.,https://www.youtube.com/watch?v=a3qYPeRIuWM&lc=Ugzatv2EHQZdD4RaZcB4AaABAg,2024-04-16T05:03:28Z,Glad he has billions but he has cost everyday shareholder a lot of pain.,1,,tesla
23,Only so many people you can scam before the word gets out,https://www.youtube.com/watch?v=a3qYPeRIuWM&lc=UgwBkQDTb9h-VsgT7Yp4AaABAg,2024-04-16T04:56:38Z,Only so many people you can scam before the word gets out,3,,tesla
24,Tesla has lived and died on Musk&#39;s brand/cult of personality. And as he has managed to change the public&#39;s general perception to him as being a deeply unlikable person .....so goes Tesla&#39;s fortunes. Every day he is becoming an increasing liability to the company.,https://www.youtube.com/watch?v=a3qYPeRIuWM&lc=Ugxa3X63MG-PMyyglRt4AaABAg,2024-04-16T03:37:50Z,Tesla has lived and died on Musk's brand/cult of personality. And as he has managed to change the public's general perception to him as being a deeply unlikable person .....so goes Tesla's fortunes. Every day he is becoming an increasing liability to the company.,4,,tesla
25,Tesla.vizion.pilot.atomatic.super.sonic.4x4/5/us/gold/SUPER/SPORT.HIDROGEN.ACTIVASION.2023.MAY.10❤❤❤,https://www.youtube.com/watch?v=a3qYPeRIuWM&lc=UgweCOrjZ49UXAOJTq14AaABAg,2024-04-16T03:33:51Z,Tesla.vizion.pilot.atomatic.super.sonic.4x4/5/us/gold/SUPER/SPORT.HIDROGEN.ACTIVASION.2023.MAY.10❤❤❤,1,,tesla
26,Senile Joe and his Village Idiots have been pushing EV&#39;s for the last three years so really it is the people who support Senile Joe who need to take the blame for the numerous EV manufactures shutdown.  Time for the Democrats to take responsibility for their FUBARs.,https://www.youtube.com/watch?v=a3qYPeRIuWM&lc=Ugx2TfWhCbpqADQe5eV4AaABAg,2024-04-16T03:23:28Z,Senile Joe and his Village Idiots have been pushing EV's for the last three years so really it is the people who support Senile Joe who need to take the blame for the numerous EV manufactures shutdown.  Time for the Democrats to take responsibility for their FUBARs.,0,,tesla
27,Just do what Senile Joe and the Village People do and that is to increase the debt thus the taxes.  Come on Musk it is just that easy.  The Federal Government is bankrupt but you don&#39;t see them laying off any six figure income employees.,https://www.youtube.com/watch?v=a3qYPeRIuWM&lc=UgwtyTAF2mdoEss49WF4AaABAg,2024-04-16T03:16:51Z,Just do what Senile Joe and the Village People do and that is to increase the debt thus the taxes.  Come on Musk it is just that easy.  The Federal Government is bankrupt but you don't see them laying off any six figure income employees.,0,,tesla
28,"Other companies cut jobs and stock price goes up,  let’s see what happens when earnings are reported.",https://www.youtube.com/watch?v=a3qYPeRIuWM&lc=UgwB7wWUDPjY2KN03eN4AaABAg,2024-04-16T02:38:25Z,"Other companies cut jobs and stock price goes up,  let’s see what happens when earnings are reported.",6,,tesla
29,"Ramp-ups coming soon. .... Cybertruck, Robotaxi, $25,000 Tesla, GigaMexico, GigaIndia. A lot on the plate.",https://www.youtube.com/watch?v=a3qYPeRIuWM&lc=Ugz_r2ESvXYD3lJ2tnN4AaABAg,2024-04-16T01:46:17Z,"Ramp-ups coming soon. .... Cybertruck, Robotaxi, $25,000 Tesla, GigaMexico, GigaIndia. A lot on the plate.",1,,tesla
30,Tesla does this every year. <br><br>• 2017: 2% of headcount<br>• 2018: 9% of headcount<br>• 2019: 7% of headcount<br>• 2022: 10% of salaried workers (3% of global headcount)<br>• 2024: ~10% of headcount,https://www.youtube.com/watch?v=a3qYPeRIuWM&lc=UgwOVYKJJnbV-cQ5TrR4AaABAg,2024-04-16T01:44:29Z,"Tesla does this every year. 

• 2017: 2% of headcount
• 2018: 9% of headcount
• 2019: 7% of headcount
• 2022: 10% of salaried workers (3% of global headcount)
• 2024: ~10% of headcount",2,,tesla
31,"As a Tesla employee, I believe we actually laid off about 15 to 20 percent this time.",https://www.youtube.com/watch?v=a3qYPeRIuWM&lc=UgwOVYKJJnbV-cQ5TrR4AaABAg.A2GzZuwgStQA2HZd8qWvdz,2024-04-16T07:08:23Z,"As a Tesla employee, I believe we actually laid off about 15 to 20 percent this time.",0,UgwOVYKJJnbV-cQ5TrR4AaABAg,tesla
32,Tesla is the future get used to it,https://www.youtube.com/watch?v=a3qYPeRIuWM&lc=UgyTU45v-zogj5ZdYV54AaABAg,2024-04-16T01:28:59Z,Tesla is the future get used to it,0,,tesla
33,Turns out Elon is Nutter than everyone first thought,https://www.youtube.com/watch?v=a3qYPeRIuWM&lc=UgxzJznNkHzVzfn7clh4AaABAg,2024-04-16T01:28:37Z,Turns out Elon is Nutter than everyone first thought,1,,tesla
34,Thanks Joe Buyden !,https://www.youtube.com/watch?v=a3qYPeRIuWM&lc=UgzEPVwW_Wx8qbFyOl14AaABAg,2024-04-16T01:22:16Z,Thanks Joe Buyden !,0,,tesla
35,"the crook Elon musk who made his fortune from sales transaction of stolen goods and contraband items through ebay and paypal illegal goods transaction, which was owned by the crook elon musk, musk avoided convescation of his illegal earned fortune by selling off paypal and ebay",https://www.youtube.com/watch?v=a3qYPeRIuWM&lc=UgxgMGVGb9qzKNG9ys14AaABAg,2024-04-16T01:21:28Z,"the crook Elon musk who made his fortune from sales transaction of stolen goods and contraband items through ebay and paypal illegal goods transaction, which was owned by the crook elon musk, musk avoided convescation of his illegal earned fortune by selling off paypal and ebay",0,,tesla
36,Tesla has been left behind by the competition. They are the BlackBerry of Ev manufacturing,https://www.youtube.com/watch?v=a3qYPeRIuWM&lc=Ugw6PXCD4QpmYHGVMkR4AaABAg,2024-04-16T01:05:41Z,Tesla has been left behind by the competition. They are the BlackBerry of Ev manufacturing,1,,tesla
37,The Delaware judge was right to deny Elon&#39;s $55 billion compensation.,https://www.youtube.com/watch?v=a3qYPeRIuWM&lc=UgyCZ7FRHlenEX76pPJ4AaABAg,2024-04-16T00:36:42Z,The Delaware judge was right to deny Elon's $55 billion compensation.,30,,tesla
38,😂😂😂😂😂😂😂,https://www.youtube.com/watch?v=a3qYPeRIuWM&lc=UgyCZ7FRHlenEX76pPJ4AaABAg.A2GroP8OK24A2K5XJgDvsK,2024-04-17T06:43:01Z,😂😂😂😂😂😂😂,1,UgyCZ7FRHlenEX76pPJ4AaABAg,tesla
39,False,https://www.youtube.com/watch?v=a3qYPeRIuWM&lc=UgyCZ7FRHlenEX76pPJ4AaABAg.A2GroP8OK24A2Ky57CzTCH,2024-04-17T14:48:30Z,False,0,UgyCZ7FRHlenEX76pPJ4AaABAg,tesla
40,"It’s worth 25 bucks, tops",https://www.youtube.com/watch?v=a3qYPeRIuWM&lc=Ugy7wXc86XBXime_eQ54AaABAg,2024-04-16T00:36:38Z,"It’s worth 25 bucks, tops",2,,tesla
41,"Tesla is simply cutting expenses anticipating new investors, products &amp; technology. Tesla is a overall great company with HUGE upside.(My Opinion)",https://www.youtube.com/watch?v=a3qYPeRIuWM&lc=UgyuSdjB_dTj_gG7E8V4AaABAg,2024-04-16T00:17:53Z,"Tesla is simply cutting expenses anticipating new investors, products & technology. Tesla is a overall great company with HUGE upside.(My Opinion)",1,,tesla
42,Go buy more stock then.,https://www.youtube.com/watch?v=a3qYPeRIuWM&lc=UgyuSdjB_dTj_gG7E8V4AaABAg.A2Gpeatt7giA2GsPBJBmxI,2024-04-16T00:41:51Z,Go buy more stock then.,1,UgyuSdjB_dTj_gG7E8V4AaABAg,tesla
43,"He/she/it Needs to wait 6 weeks before they can sell another pint of blood, people don&#39;t tip the door opener at Wal-Mart.",https://www.youtube.com/watch?v=a3qYPeRIuWM&lc=UgyuSdjB_dTj_gG7E8V4AaABAg.A2Gpeatt7giA2HzpkqNe4r,2024-04-16T11:06:02Z,"He/she/it Needs to wait 6 weeks before they can sell another pint of blood, people don't tip the door opener at Wal-Mart.",0,UgyuSdjB_dTj_gG7E8V4AaABAg,tesla
44,@Danny-bd1ch I definitely did,https://www.youtube.com/watch?v=a3qYPeRIuWM&lc=UgyuSdjB_dTj_gG7E8V4AaABAg.A2Gpeatt7giA2Jxvmhdcx8,2024-04-17T05:27:51Z,@Danny-bd1ch I definitely did,0,UgyuSdjB_dTj_gG7E8V4AaABAg,tesla
45,"@julesmasseffectmusic  Who buys blood?? And last time I checked, all doors at Wal-Mart are automatic.",https://www.youtube.com/watch?v=a3qYPeRIuWM&lc=UgyuSdjB_dTj_gG7E8V4AaABAg.A2Gpeatt7giA2JyemuhD5s,2024-04-17T05:34:16Z,"@julesmasseffectmusic  Who buys blood?? And last time I checked, all doors at Wal-Mart are automatic.",0,UgyuSdjB_dTj_gG7E8V4AaABAg,tesla
46,"Transfer of wealth usually occur during market crash, so the more stocks drop, the more I buy, in the meanwhile I&#39;m just focused on making better investments and earning more as recession fear increases, apparently there are strategies to 3x gains in this present market cos I read of someone that pulled a profit of $350k within 6months, and it would really help if you could make a video covering these strategies.",https://www.youtube.com/watch?v=a3qYPeRIuWM&lc=Ugxci_AHQkBiuqhayMR4AaABAg,2024-04-16T00:13:36Z,"Transfer of wealth usually occur during market crash, so the more stocks drop, the more I buy, in the meanwhile I'm just focused on making better investments and earning more as recession fear increases, apparently there are strategies to 3x gains in this present market cos I read of someone that pulled a profit of $350k within 6months, and it would really help if you could make a video covering these strategies.",80,,tesla
47,Have you considered investing in a Monorail?,https://www.youtube.com/watch?v=a3qYPeRIuWM&lc=Ugxci_AHQkBiuqhayMR4AaABAg.A2GpAFjH_slA2Gsn3Cir5R,2024-04-16T00:45:15Z,Have you considered investing in a Monorail?,0,Ugxci_AHQkBiuqhayMR4AaABAg,tesla
48,Find stocks with market-beating yields and shares that at least keep pace with the market for a long term. For a successful long-term strategy I recommend you seek the guidance a broker or financial advisor.,https://www.youtube.com/watch?v=a3qYPeRIuWM&lc=Ugxci_AHQkBiuqhayMR4AaABAg.A2GpAFjH_slA2IYcj15_Kg,2024-04-16T16:18:49Z,Find stocks with market-beating yields and shares that at least keep pace with the market for a long term. For a successful long-term strategy I recommend you seek the guidance a broker or financial advisor.,0,Ugxci_AHQkBiuqhayMR4AaABAg,tesla
49,"Yes, I&#39;ve been in constant touch with a Financial Analyst for approximately 8 months. You know, these days it&#39;s really easy to buy into trending stocks, but the task is determining when to sell or keep. That&#39;s where my manager comes in, to help me with entry and exit points in the industries I&#39;m engaged in. Can’t say I regret it, I’m 40% up in profits just in 5months with my initial capital of $160k.",https://www.youtube.com/watch?v=a3qYPeRIuWM&lc=Ugxci_AHQkBiuqhayMR4AaABAg.A2GpAFjH_slA2Iay_PcJnY,2024-04-16T16:48:01Z,"Yes, I've been in constant touch with a Financial Analyst for approximately 8 months. You know, these days it's really easy to buy into trending stocks, but the task is determining when to sell or keep. That's where my manager comes in, to help me with entry and exit points in the industries I'm engaged in. Can’t say I regret it, I’m 40% up in profits just in 5months with my initial capital of $160k.",0,Ugxci_AHQkBiuqhayMR4AaABAg,tesla
0,Cybertruck is UGLY.,https://www.youtube.com/watch?v=iphvSuthEI8&lc=UgxYuha62ZKvHkvE7A94AaABAg,2024-04-30T06:48:22Z,Cybertruck is UGLY.,0,,tesla
1,Tesla asks shareholders to restore $56B Elon Musk pay package that was voided by Delaware judge. Do the math.,https://www.youtube.com/watch?v=iphvSuthEI8&lc=Ugy-qxfAr6FQAm2bWHV4AaABAg,2024-04-17T21:27:03Z,Tesla asks shareholders to restore $56B Elon Musk pay package that was voided by Delaware judge. Do the math.,0,,tesla
2,"Let’s go back if your a baby boomer, GM and Ford was bailed out by governments in Canada and the US from going bankrupt.  Tesla will not go down that road. Hang on to your Stocks for the long term. Now is the time to buy more.  ☝🏼",https://www.youtube.com/watch?v=iphvSuthEI8&lc=UgzWJuEOwGX47fhjDyZ4AaABAg,2024-04-17T15:02:00Z,"Let’s go back if your a baby boomer, GM and Ford was bailed out by governments in Canada and the US from going bankrupt.  Tesla will not go down that road. Hang on to your Stocks for the long term. Now is the time to buy more.  ☝🏼",0,,tesla
3,Most people that wanted a ev got one <br>Sales have stalled simple 😂,https://www.youtube.com/watch?v=iphvSuthEI8&lc=UgwLPtPKTLcjuPeMJv94AaABAg,2024-04-17T05:53:23Z,"Most people that wanted a ev got one 
Sales have stalled simple 😂",0,,tesla
4,For EVs to do well they have to be half the price of an gas vehicle and have tax incentives,https://www.youtube.com/watch?v=iphvSuthEI8&lc=UgxmBeqbRbNqzJssYEx4AaABAg,2024-04-16T22:18:46Z,For EVs to do well they have to be half the price of an gas vehicle and have tax incentives,0,,tesla
5,Elon has been so bad for Tesla the last 4 yrs,https://www.youtube.com/watch?v=iphvSuthEI8&lc=Ugx38pWSXDYh-CYV__d4AaABAg,2024-04-16T22:17:34Z,Elon has been so bad for Tesla the last 4 yrs,0,,tesla
6,"&quot;LONG OVERDUE, TESLA HUMANOIDS AWAITING ACTIVITIES &amp; ACTION. ❤🇬🇧❤",https://www.youtube.com/watch?v=iphvSuthEI8&lc=UgyZ-2EEAFR1sqft0DZ4AaABAg,2024-04-16T12:01:57Z,"""LONG OVERDUE, TESLA HUMANOIDS AWAITING ACTIVITIES & ACTION. ❤🇬🇧❤",1,,tesla
7,"Musk is implementing GE Jack Welech&#39;s 10 percent bottom employee cut rule, something Musk did at the early California Tesla development plant. If it is from poor finance, then the root cause is Musk&#39;s ill decided 52B investment to overpay to buy Twitter. If Musk had not spent  that 52B, he could have soft landed Tesla across this downturn. Instead he is propping up his poor finance decisions on the backs of his hard working employees.",https://www.youtube.com/watch?v=iphvSuthEI8&lc=UgzRUT2T-RngbMynTgN4AaABAg,2024-04-16T11:09:47Z,"Musk is implementing GE Jack Welech's 10 percent bottom employee cut rule, something Musk did at the early California Tesla development plant. If it is from poor finance, then the root cause is Musk's ill decided 52B investment to overpay to buy Twitter. If Musk had not spent  that 52B, he could have soft landed Tesla across this downturn. Instead he is propping up his poor finance decisions on the backs of his hard working employees.",0,,tesla
8,USD 50  i dont see how tis Car is attractive ✌✌✌ Kathy,https://www.youtube.com/watch?v=iphvSuthEI8&lc=UgywvSTFuJWjdgovWt14AaABAg,2024-04-16T05:39:28Z,USD 50  i dont see how tis Car is attractive ✌✌✌ Kathy,0,,tesla
9,Conman musk time is over!,https://www.youtube.com/watch?v=iphvSuthEI8&lc=UgxTtJ5L41QCBhrFGep4AaABAg,2024-04-16T05:35:44Z,Conman musk time is over!,2,,tesla
10,Over priced over rated junk. Bye bye  ..,https://www.youtube.com/watch?v=iphvSuthEI8&lc=UgzUMyygU6sjva5sLEZ4AaABAg,2024-04-16T04:14:09Z,Over priced over rated junk. Bye bye  ..,1,,tesla
11,"Tesla is the best car company ever! No gas stations, No oil changes, No smog check, No corrupt dealership, No catalytic converter and as fast as a $650,000 Lamborghini.!",https://www.youtube.com/watch?v=iphvSuthEI8&lc=UgzZS6-8R8eLw1hu4Xp4AaABAg,2024-04-16T04:08:40Z,"Tesla is the best car company ever! No gas stations, No oil changes, No smog check, No corrupt dealership, No catalytic converter and as fast as a $650,000 Lamborghini.!",0,,tesla
12,If they replace Elon I might buy a tesla,https://www.youtube.com/watch?v=iphvSuthEI8&lc=UgzZS6-8R8eLw1hu4Xp4AaABAg.A2HF3sRH0bLA2Io1RP8X7k,2024-04-16T18:42:09Z,If they replace Elon I might buy a tesla,0,UgzZS6-8R8eLw1hu4Xp4AaABAg,tesla
13,I never understood why people wanted to work for Tesla so much. They treat their employees as disposable cogs. They sent email layoff notices at midnight on Sunday. Those who didn’t read them early Monday went through the humiliation of being escorted out of line and into transport vans in front of their colleagues. Never be loyal. Change jobs for better pay when opportunities arise. Managers and Senior Execs lie and do not care about you.,https://www.youtube.com/watch?v=iphvSuthEI8&lc=UgyPALhxQV9QxOCLVoh4AaABAg,2024-04-16T03:56:15Z,I never understood why people wanted to work for Tesla so much. They treat their employees as disposable cogs. They sent email layoff notices at midnight on Sunday. Those who didn’t read them early Monday went through the humiliation of being escorted out of line and into transport vans in front of their colleagues. Never be loyal. Change jobs for better pay when opportunities arise. Managers and Senior Execs lie and do not care about you.,0,,tesla
14,😂😂<br>St Elon of Grift did what he always does and the sheep are surprised?,https://www.youtube.com/watch?v=iphvSuthEI8&lc=UgxbDn9wRYNJavxXgeF4AaABAg,2024-04-16T03:54:06Z,"😂😂
St Elon of Grift did what he always does and the sheep are surprised?",0,,tesla
15,"Not woke, still broke ?",https://www.youtube.com/watch?v=iphvSuthEI8&lc=UgzdZhthXvlM5JJm2I54AaABAg,2024-04-16T03:29:49Z,"Not woke, still broke ?",0,,tesla
16,He should hire the most A.I.s he can since major layoffs are happening is his 🗑️ making center called Tesla 🤣🤣<br>🐍 Oil salesman ran out of tricks but I&#39;ll bet he&#39;ll beg for government money he&#39;s the &quot;richest man on 🌎&quot;,https://www.youtube.com/watch?v=iphvSuthEI8&lc=Ugxjm3dSkqEn-QuZFJR4AaABAg,2024-04-16T03:23:38Z,"He should hire the most A.I.s he can since major layoffs are happening is his 🗑️ making center called Tesla 🤣🤣
🐍 Oil salesman ran out of tricks but I'll bet he'll beg for government money he's the ""richest man on 🌎""",0,,tesla
17,"Getting a beater car , not EV, too expensive.",https://www.youtube.com/watch?v=iphvSuthEI8&lc=UgwMhLdPxgJwldHqoNJ4AaABAg,2024-04-16T03:13:49Z,"Getting a beater car , not EV, too expensive.",1,,tesla
18,I guess they are not getting these coltan in Congo 🇨🇩,https://www.youtube.com/watch?v=iphvSuthEI8&lc=UgzJhAL7h086WLOL1v14AaABAg,2024-04-16T02:45:52Z,I guess they are not getting these coltan in Congo 🇨🇩,0,,tesla
19,I was never interested in one. No EV for me,https://www.youtube.com/watch?v=iphvSuthEI8&lc=Ugw87SE8hFBXVHMptqN4AaABAg,2024-04-16T02:44:06Z,I was never interested in one. No EV for me,2,,tesla
20,"Remember when Texas crowed about stealing Tesla from California?   ROTFL   Yeah, we couldn&#39;t wait to get rid of that loser.  Hopefully he will move X to Texas also!",https://www.youtube.com/watch?v=iphvSuthEI8&lc=Ugy5BKzyhKbXJx5674d4AaABAg,2024-04-16T02:38:58Z,"Remember when Texas crowed about stealing Tesla from California?   ROTFL   Yeah, we couldn't wait to get rid of that loser.  Hopefully he will move X to Texas also!",0,,tesla
21,"Elon running all his businesses into the ground - Trump 2.0. Telsa boosted by pre-orders, which are essentially interest-free loans, now everyone is canceling their orders. I guess all the &#39;wokes&#39; Elon keeps bashing are speaking with their wallet. That reporter said that demand was &quot;off the hook&quot; LOL",https://www.youtube.com/watch?v=iphvSuthEI8&lc=UgxGmbDGkOk0Q-GmWqh4AaABAg,2024-04-16T02:31:40Z,"Elon running all his businesses into the ground - Trump 2.0. Telsa boosted by pre-orders, which are essentially interest-free loans, now everyone is canceling their orders. I guess all the 'wokes' Elon keeps bashing are speaking with their wallet. That reporter said that demand was ""off the hook"" LOL",0,,tesla
22,10% is just cutting the fat. Times were good and they could spread the wealth…Brandon changed that,https://www.youtube.com/watch?v=iphvSuthEI8&lc=UgzOCeH_tgZKZM0wKxZ4AaABAg,2024-04-16T02:17:46Z,10% is just cutting the fat. Times were good and they could spread the wealth…Brandon changed that,1,,tesla
23,Next growth cycle? cyber trucks rusting?,https://www.youtube.com/watch?v=iphvSuthEI8&lc=UgzS1NJ03Z0nIVBXskt4AaABAg,2024-04-16T01:31:47Z,Next growth cycle? cyber trucks rusting?,2,,tesla
24,MAGA Elon 😂😂,https://www.youtube.com/watch?v=iphvSuthEI8&lc=Ugzh7o9kelqcRC9k9Yh4AaABAg,2024-04-16T01:29:50Z,MAGA Elon 😂😂,1,,tesla
25,Elon too cocky.  BYD is going to kill Tesla.  Tesla can’t compete in China because BYD is 1/2 the price of Tesla and North Americans are not into EVs.  There are too many little glitches with Tesla that’s pissing owners off.,https://www.youtube.com/watch?v=iphvSuthEI8&lc=Ugx5tJ__8lG7MKD5GdF4AaABAg,2024-04-16T01:29:42Z,Elon too cocky.  BYD is going to kill Tesla.  Tesla can’t compete in China because BYD is 1/2 the price of Tesla and North Americans are not into EVs.  There are too many little glitches with Tesla that’s pissing owners off.,1,,tesla
26,I believe the stock price will rise again next week,https://www.youtube.com/watch?v=iphvSuthEI8&lc=UgzGqnrwahCubBI_7wx4AaABAg,2024-04-16T01:27:53Z,I believe the stock price will rise again next week,1,,tesla
27,they&#39;ll bring in border-crossers to work for peanuts without benefits.,https://www.youtube.com/watch?v=iphvSuthEI8&lc=Ugy8Rk3K9p1g-1V0rYR4AaABAg,2024-04-16T01:27:44Z,they'll bring in border-crossers to work for peanuts without benefits.,0,,tesla
28,"Looking at this,  not so long after the long and troubled release of their &quot;truck&quot;....looking forward I wouldn&#39;t be surprised to see the truck have a very short production life. No telling how many dollars of company resources have been thrown at that vehicle. Now that&#39;s a (real-genuine) number I&#39;d like to see.<br>Maybe &quot;analysts&quot; and fans will now look at Tesla Automotive for what it is - just another OEM vehicle manufacturer/corporation with just another American CEO.  Musk&#39;s &quot;cult of personality&quot; (imo) had reached and exceeded that of the late Steve Jobs (RIP).  All way out of proportion.",https://www.youtube.com/watch?v=iphvSuthEI8&lc=UgwvQOdLwNdU_xMsMMh4AaABAg,2024-04-16T01:27:06Z,"Looking at this,  not so long after the long and troubled release of their ""truck""....looking forward I wouldn't be surprised to see the truck have a very short production life. No telling how many dollars of company resources have been thrown at that vehicle. Now that's a (real-genuine) number I'd like to see.
Maybe ""analysts"" and fans will now look at Tesla Automotive for what it is - just another OEM vehicle manufacturer/corporation with just another American CEO.  Musk's ""cult of personality"" (imo) had reached and exceeded that of the late Steve Jobs (RIP).  All way out of proportion.",0,,tesla
29,i&#39;m surprised i haven&#39;t seen news about a former employee dumping paint or gasoline all over the production floor or in elon&#39;s office.,https://www.youtube.com/watch?v=iphvSuthEI8&lc=UgxHidy7wxayeG3ZpbR4AaABAg,2024-04-16T01:14:30Z,i'm surprised i haven't seen news about a former employee dumping paint or gasoline all over the production floor or in elon's office.,1,,tesla
30,Imagine when gas’s prices drop when Trump wins. Musk will be giving those horrid things away.,https://www.youtube.com/watch?v=iphvSuthEI8&lc=UgyASuXRew8UaZKFnNZ4AaABAg,2024-04-16T01:10:56Z,Imagine when gas’s prices drop when Trump wins. Musk will be giving those horrid things away.,2,,tesla
31,They messed up and didn’t lay off the one employee they should have,https://www.youtube.com/watch?v=iphvSuthEI8&lc=UgzgOeHIuBK3qSd3gsh4AaABAg,2024-04-16T00:46:35Z,They messed up and didn’t lay off the one employee they should have,5,,tesla
32,You can’t say that! You can’t talk like that! (Liberal Tesla owner)😂,https://www.youtube.com/watch?v=iphvSuthEI8&lc=UgzgOeHIuBK3qSd3gsh4AaABAg.A2GswjXHW4SA2Gvu8ushZ5,2024-04-16T01:12:26Z,You can’t say that! You can’t talk like that! (Liberal Tesla owner)😂,0,UgzgOeHIuBK3qSd3gsh4AaABAg,tesla
33,"Microsoft laid off 16k employees last year. Meta laid off 13% of its workforce last year. Google laid off 12k employees last year. So if tesla laying people off because of demand issue, then microsoft, meta and google must have laid people off because not enough people were using google chrome or buying office 365 or using instagram, right? That means the technology demand is falling off right? I guess people don&#39;t want technology anymore! LMAO",https://www.youtube.com/watch?v=iphvSuthEI8&lc=UgzgEHJS7jdAsks3qot4AaABAg,2024-04-16T00:27:20Z,"Microsoft laid off 16k employees last year. Meta laid off 13% of its workforce last year. Google laid off 12k employees last year. So if tesla laying people off because of demand issue, then microsoft, meta and google must have laid people off because not enough people were using google chrome or buying office 365 or using instagram, right? That means the technology demand is falling off right? I guess people don't want technology anymore! LMAO",0,,tesla
34,when they build cars that look like little tikes for kids.,https://www.youtube.com/watch?v=iphvSuthEI8&lc=UgyqTWCU6O9DrdsRtPt4AaABAg,2024-04-16T00:15:42Z,when they build cars that look like little tikes for kids.,9,,tesla
35,"Tesla is not an actual vehicle, at least not yet.",https://www.youtube.com/watch?v=iphvSuthEI8&lc=UgyqTWCU6O9DrdsRtPt4AaABAg.A2GpPfEndgXA2IwyzSSpRt,2024-04-16T20:00:19Z,"Tesla is not an actual vehicle, at least not yet.",0,UgyqTWCU6O9DrdsRtPt4AaABAg,tesla
36,Elon can afford to get that pure stuff by the pound...,https://www.youtube.com/watch?v=iphvSuthEI8&lc=UgwOM18f1e3vDmtqldV4AaABAg,2024-04-15T20:25:09Z,Elon can afford to get that pure stuff by the pound...,2,,tesla
37,"Hey, what are we talkn bout now..?",https://www.youtube.com/watch?v=iphvSuthEI8&lc=UgwOM18f1e3vDmtqldV4AaABAg.A2GQ10gMY6yA2Gw8Nzk8mL,2024-04-16T01:14:31Z,"Hey, what are we talkn bout now..?",0,UgwOM18f1e3vDmtqldV4AaABAg,tesla
38,Musk destroyed Twitter and Tesla. He’s winning just like Trump “wins”.,https://www.youtube.com/watch?v=iphvSuthEI8&lc=UgxnojkIgasRTP9Ro7x4AaABAg,2024-04-15T20:25:04Z,Musk destroyed Twitter and Tesla. He’s winning just like Trump “wins”.,0,,tesla
39,Tesla is circling the drain. They are following in the footsteps of BlackBerry.,https://www.youtube.com/watch?v=iphvSuthEI8&lc=Ugy-eQyHRrX-e8Ur4UZ4AaABAg,2024-04-15T20:21:13Z,Tesla is circling the drain. They are following in the footsteps of BlackBerry.,1,,tesla
40,I can’t afford a tesla,https://www.youtube.com/watch?v=iphvSuthEI8&lc=Ugzvcr9Y7JHNUo0fbdl4AaABAg,2024-04-15T19:22:23Z,I can’t afford a tesla,11,,tesla
41,"When you finally can, buy one.",https://www.youtube.com/watch?v=iphvSuthEI8&lc=Ugzvcr9Y7JHNUo0fbdl4AaABAg.A2GIqJcBlIVA2Gq5cmNyJo,2024-04-16T00:21:43Z,"When you finally can, buy one.",2,Ugzvcr9Y7JHNUo0fbdl4AaABAg,tesla
42,@MrNiceGuy485 Why though?,https://www.youtube.com/watch?v=iphvSuthEI8&lc=Ugzvcr9Y7JHNUo0fbdl4AaABAg.A2GIqJcBlIVA2HLlB2NKMe,2024-04-16T05:07:08Z,@MrNiceGuy485 Why though?,0,Ugzvcr9Y7JHNUo0fbdl4AaABAg,tesla
43,@CpttCanada ask yourself why not,https://www.youtube.com/watch?v=iphvSuthEI8&lc=Ugzvcr9Y7JHNUo0fbdl4AaABAg.A2GIqJcBlIVA2IGtZCx-rH,2024-04-16T13:43:50Z,@CpttCanada ask yourself why not,0,Ugzvcr9Y7JHNUo0fbdl4AaABAg,tesla
44,"Cause its still not efficient, a lot of people want to go green, but people put efficiency first. An average Joe would buy a cheaper longer distance diesel car than an expensive shorter distance ev ​@MrNiceGuy485",https://www.youtube.com/watch?v=iphvSuthEI8&lc=Ugzvcr9Y7JHNUo0fbdl4AaABAg.A2GIqJcBlIVA2K5dfU6g-7,2024-04-17T06:44:02Z,"Cause its still not efficient, a lot of people want to go green, but people put efficiency first. An average Joe would buy a cheaper longer distance diesel car than an expensive shorter distance ev ​@MrNiceGuy485",0,Ugzvcr9Y7JHNUo0fbdl4AaABAg,tesla
45,​@MrNiceGuy485cause ev is still not convenient. An average Joe would buy a cheaper longer distanced diesel car than short ranged more expensive ev,https://www.youtube.com/watch?v=iphvSuthEI8&lc=Ugzvcr9Y7JHNUo0fbdl4AaABAg.A2GIqJcBlIVA2K6WGNFht8,2024-04-17T06:51:37Z,​@MrNiceGuy485cause ev is still not convenient. An average Joe would buy a cheaper longer distanced diesel car than short ranged more expensive ev,1,Ugzvcr9Y7JHNUo0fbdl4AaABAg,tesla
46,@mildlycurious8333 seems pretty convenient for me. I go to work and park my car on the charger. I come home put my car on the charger. I got to store park my car at the charger. What is this you mean its not convenient. I get 300 mile range.,https://www.youtube.com/watch?v=iphvSuthEI8&lc=Ugzvcr9Y7JHNUo0fbdl4AaABAg.A2GIqJcBlIVA2LBT_iCCYL,2024-04-17T16:54:11Z,@mildlycurious8333 seems pretty convenient for me. I go to work and park my car on the charger. I come home put my car on the charger. I got to store park my car at the charger. What is this you mean its not convenient. I get 300 mile range.,0,Ugzvcr9Y7JHNUo0fbdl4AaABAg,tesla
47,@mildlycurious8333 and I think there&#39;s like 2 million tesla owners alone that dont agree with you. And btw idk any average joes who drive a diesel fueled car. Only regular gasoline.,https://www.youtube.com/watch?v=iphvSuthEI8&lc=Ugzvcr9Y7JHNUo0fbdl4AaABAg.A2GIqJcBlIVA2LBvVzJTwR,2024-04-17T16:58:08Z,@mildlycurious8333 and I think there's like 2 million tesla owners alone that dont agree with you. And btw idk any average joes who drive a diesel fueled car. Only regular gasoline.,1,Ugzvcr9Y7JHNUo0fbdl4AaABAg,tesla
48,"@MrNiceGuy485 easy... If I buy a cheap nice car, I can get it repaired very cheap and drive it for years.<br><br>For Tesla owners they are at Tesla&#39;s mercy, something broke? First they can tell you it&#39;s not under warranty because X or y and then ask you for a very very costly repair",https://www.youtube.com/watch?v=iphvSuthEI8&lc=Ugzvcr9Y7JHNUo0fbdl4AaABAg.A2GIqJcBlIVA2NiDjFIH8F,2024-04-18T16:27:36Z,"@MrNiceGuy485 easy... If I buy a cheap nice car, I can get it repaired very cheap and drive it for years.

For Tesla owners they are at Tesla's mercy, something broke? First they can tell you it's not under warranty because X or y and then ask you for a very very costly repair",0,Ugzvcr9Y7JHNUo0fbdl4AaABAg,tesla
49,"@RAaaa777 google how much it costs to replace a transmission or fix a broken head gasket. Do you know what to do when someone steals your catalytic converter? Gasoline cars are typically no longer in warranty after 100k miles, and dealers will do the same to you and tell you your repair is not covered under warranty.",https://www.youtube.com/watch?v=iphvSuthEI8&lc=Ugzvcr9Y7JHNUo0fbdl4AaABAg.A2GIqJcBlIVA2Nka4ArzbI,2024-04-18T16:48:16Z,"@RAaaa777 google how much it costs to replace a transmission or fix a broken head gasket. Do you know what to do when someone steals your catalytic converter? Gasoline cars are typically no longer in warranty after 100k miles, and dealers will do the same to you and tell you your repair is not covered under warranty.",0,Ugzvcr9Y7JHNUo0fbdl4AaABAg,tesla
0,"I love all the socialist communist in this country. Love it when successful people lose money or fail.. what they failed to understand. The success is going to failure to failure without giving up.. for people in this world who are creators, we understand this for those who are takers. They just are the victims and they never understand why.😊",https://www.youtube.com/watch?v=b18m7HKbaN8&lc=Ugw_etCvOLe-CoS-7_t4AaABAg,2025-08-05T21:12:07Z,"I love all the socialist communist in this country. Love it when successful people lose money or fail.. what they failed to understand. The success is going to failure to failure without giving up.. for people in this world who are creators, we understand this for those who are takers. They just are the victims and they never understand why.😊",0,,tesla
1,Musk just received 96M shares for $30B. C&#39;mon Forbes. Report.,https://www.youtube.com/watch?v=b18m7HKbaN8&lc=UgxHBfIsiahobcpviEZ4AaABAg,2025-08-05T08:34:01Z,Musk just received 96M shares for $30B. C'mon Forbes. Report.,0,,tesla
2,Need to pray for his soul.,https://www.youtube.com/watch?v=b18m7HKbaN8&lc=UgyoxorNo5qk67uriZt4AaABAg,2025-08-04T05:11:58Z,Need to pray for his soul.,0,,tesla
3,"Elon Musk: Tesla&#39;s INSANE NEW Engine Will Change The EV Industry Forever!&#39;&#39; does it run on water? does it run on gasoline? where&#39;s the brake pedal Located? got your back, but i would not want to compete with ya, out of respect! Love the shape of the cars , have your new trucks, design. and other&#39;s..........",https://www.youtube.com/watch?v=b18m7HKbaN8&lc=UgwiPGzNS4Po4dvBYr54AaABAg,2025-07-31T14:53:01Z,"Elon Musk: Tesla's INSANE NEW Engine Will Change The EV Industry Forever!'' does it run on water? does it run on gasoline? where's the brake pedal Located? got your back, but i would not want to compete with ya, out of respect! Love the shape of the cars , have your new trucks, design. and other's..........",0,,tesla
4,"Elon and others need a come to Jesus meeting. <br><br><a href=""https://www.youtube.com/watch?v=Nl46y8nvCDc"">https://youtu.be/Nl46y8nvCDc?si=VGlj2g0tmR_slMJ1</a>",https://www.youtube.com/watch?v=b18m7HKbaN8&lc=UgzgvUQCiCRsn4cp72F4AaABAg,2025-07-31T04:57:08Z,"Elon and others need a come to Jesus meeting. 

https://youtu.be/Nl46y8nvCDc?si=VGlj2g0tmR_slMJ1",0,,tesla
5,We&#39;re leaving before it is finished,https://www.youtube.com/watch?v=b18m7HKbaN8&lc=UgwrpADLUJ3tXoGocyN4AaABAg,2025-07-31T02:06:33Z,We're leaving before it is finished,0,,tesla
6,hey i wike this one,https://www.youtube.com/watch?v=b18m7HKbaN8&lc=UgxMSq0CnF8dxQVlM2d4AaABAg,2025-07-31T01:48:28Z,hey i wike this one,0,,tesla
7,after mourning passed mourning,https://www.youtube.com/watch?v=b18m7HKbaN8&lc=UgybRNw1Yd1p65XWchR4AaABAg,2025-07-31T01:48:00Z,after mourning passed mourning,0,,tesla
8,"bro&#39;s networth went from 380 billion to 360 billion, its all over for him he&#39;s broke now.",https://www.youtube.com/watch?v=b18m7HKbaN8&lc=Ugw_SOJKbLppLa2tsXN4AaABAg,2025-07-30T09:34:30Z,"bro's networth went from 380 billion to 360 billion, its all over for him he's broke now.",0,,tesla
9,"😂😂😂😂😂😂😂 haaaaaa, you&#39;ll be eating beans and spam soon, elon",https://www.youtube.com/watch?v=b18m7HKbaN8&lc=UgwItGx0Z-Iqdr9dZwF4AaABAg,2025-07-29T18:34:07Z,"😂😂😂😂😂😂😂 haaaaaa, you'll be eating beans and spam soon, elon",0,,tesla
10,So?,https://www.youtube.com/watch?v=b18m7HKbaN8&lc=UgwU6OQQk1w8C30XVqp4AaABAg,2025-07-29T14:36:28Z,So?,0,,tesla
11,Add a comment...,https://www.youtube.com/watch?v=b18m7HKbaN8&lc=Ugw-QHW1aeBd5dj8PqZ4AaABAg,2025-07-29T08:36:09Z,Add a comment...,0,,tesla
12,Money isn’t everything. 😊,https://www.youtube.com/watch?v=b18m7HKbaN8&lc=UgwEXgRHeWhwRv6GVn54AaABAg,2025-07-29T04:03:59Z,Money isn’t everything. 😊,1,,tesla
13,Help me Mr elon,https://www.youtube.com/watch?v=b18m7HKbaN8&lc=Ugx9rUWqJ93Wbd4bSER4AaABAg,2025-07-29T03:38:00Z,Help me Mr elon,0,,tesla
14,lies seven,https://www.youtube.com/watch?v=b18m7HKbaN8&lc=Ugz7cr8iMXUXcdGB4EV4AaABAg,2025-07-29T00:11:00Z,lies seven,0,,tesla
15,even with that peace of hare on it,https://www.youtube.com/watch?v=b18m7HKbaN8&lc=UgxE60VoYpdgzHfYeQt4AaABAg,2025-07-27T21:30:54Z,even with that peace of hare on it,0,,tesla
16,i want that sweat shirt,https://www.youtube.com/watch?v=b18m7HKbaN8&lc=Ugwp8CSGCgKViyEC7yB4AaABAg,2025-07-27T21:30:25Z,i want that sweat shirt,0,,tesla
17,I am sorry for the hard hit keeping Elon in my prayers,https://www.youtube.com/watch?v=b18m7HKbaN8&lc=Ugwq-jqehN4Yx9au3M54AaABAg,2025-07-27T12:36:19Z,I am sorry for the hard hit keeping Elon in my prayers,0,,tesla
18,Hello 👋,https://www.youtube.com/watch?v=b18m7HKbaN8&lc=Ugwq-jqehN4Yx9au3M54AaABAg.AL4dOe2w2oVALAt_bm7iXz,2025-07-29T22:53:12Z,Hello 👋,0,Ugwq-jqehN4Yx9au3M54AaABAg,tesla
19,Send me a direct message you are among the celected fans to be blessed,https://www.youtube.com/watch?v=b18m7HKbaN8&lc=Ugwq-jqehN4Yx9au3M54AaABAg.AL4dOe2w2oVALAuLvho-Jx,2025-07-29T22:59:56Z,Send me a direct message you are among the celected fans to be blessed,0,Ugwq-jqehN4Yx9au3M54AaABAg,tesla
20,"Yeah, $17B loss, of imaginary money, big deal!",https://www.youtube.com/watch?v=b18m7HKbaN8&lc=Ugzrc8rIfiO-nkGgzCR4AaABAg,2025-07-27T07:47:16Z,"Yeah, $17B loss, of imaginary money, big deal!",0,,tesla
21,"Awwwww,, so sad…😂",https://www.youtube.com/watch?v=b18m7HKbaN8&lc=UgxNX7p9AWBv0v6GhLZ4AaABAg,2025-07-26T23:37:09Z,"Awwwww,, so sad…😂",0,,tesla
22,"That&#39;s a sh!tty return on investment. Spend $300 million for favor to access the president of the US, destroy your reputation including the Tesla brand and nothing, but losses in return. 💩",https://www.youtube.com/watch?v=b18m7HKbaN8&lc=UgxmJflbzq8TKyR_Ofp4AaABAg,2025-07-26T23:29:47Z,"That's a sh!tty return on investment. Spend $300 million for favor to access the president of the US, destroy your reputation including the Tesla brand and nothing, but losses in return. 💩",5,,tesla
23,He’s now worth half a trillion mate,https://www.youtube.com/watch?v=b18m7HKbaN8&lc=UgxmJflbzq8TKyR_Ofp4AaABAg.AL3ENwcfZKhAL8dyzylyuQ,2025-07-29T01:58:22Z,He’s now worth half a trillion mate,2,UgxmJflbzq8TKyR_Ofp4AaABAg,tesla
24,Tesla is now worth $1 trillion,https://www.youtube.com/watch?v=b18m7HKbaN8&lc=UgxmJflbzq8TKyR_Ofp4AaABAg.AL3ENwcfZKhALD-1OavqFv,2025-07-30T18:28:02Z,Tesla is now worth $1 trillion,2,UgxmJflbzq8TKyR_Ofp4AaABAg,tesla
25,This man disgust me.,https://www.youtube.com/watch?v=b18m7HKbaN8&lc=UgxyLqkdNs7iZ4YOzTN4AaABAg,2025-07-26T22:00:10Z,This man disgust me.,0,,tesla
26,So now he is worth 407 billion instead of 424? Now he has to cancel that family vacation 😅,https://www.youtube.com/watch?v=b18m7HKbaN8&lc=UgzFderex9V48D3VQSJ4AaABAg,2025-07-26T08:01:09Z,So now he is worth 407 billion instead of 424? Now he has to cancel that family vacation 😅,0,,tesla
27,"Hello Sir , just a Canadian older lady who cannot cover costs.  If you need a house cleaner pls contact,  thank you.",https://www.youtube.com/watch?v=b18m7HKbaN8&lc=Ugxg9LaI6B7XysrVyK14AaABAg,2025-07-25T23:42:41Z,"Hello Sir , just a Canadian older lady who cannot cover costs.  If you need a house cleaner pls contact,  thank you.",1,,tesla
28,Watch,https://www.youtube.com/watch?v=b18m7HKbaN8&lc=UgySlevaYrBGu7DgA1R4AaABAg,2025-07-25T20:33:36Z,Watch,0,,tesla
29,Elon they only want your money n your brain haha 😆😂,https://www.youtube.com/watch?v=b18m7HKbaN8&lc=Ugz-FAgX9Q33gUzS-4F4AaABAg,2025-07-25T20:33:09Z,Elon they only want your money n your brain haha 😆😂,0,,tesla
30,So sorry to hear this this is tough on you I keep you in my prayers ❤,https://www.youtube.com/watch?v=b18m7HKbaN8&lc=UgymH80VeqV8QmTwLbp4AaABAg,2025-07-25T20:19:11Z,So sorry to hear this this is tough on you I keep you in my prayers ❤,0,,tesla
31,Tesla will run the whole world tech car industry… wait for FSD to be released worldwide and approve…. 👍🏼👍🏼👍🏼,https://www.youtube.com/watch?v=b18m7HKbaN8&lc=Ugzl171ocFhafCvuUVp4AaABAg,2025-07-25T16:16:00Z,Tesla will run the whole world tech car industry… wait for FSD to be released worldwide and approve…. 👍🏼👍🏼👍🏼,0,,tesla
32,&quot;Vipes off?&quot; And it vipes right back the next day,https://www.youtube.com/watch?v=b18m7HKbaN8&lc=UgyhTrcxD06GWqbs2L54AaABAg,2025-07-25T14:38:03Z,"""Vipes off?"" And it vipes right back the next day",0,,tesla
33,Porsche and other auto makers are also down.  Are we just going to focus on Tesla because of politics or are we going to practice real journalism???,https://www.youtube.com/watch?v=b18m7HKbaN8&lc=UgyhIGWeh1zr0vM_CA14AaABAg,2025-07-25T12:59:14Z,Porsche and other auto makers are also down.  Are we just going to focus on Tesla because of politics or are we going to practice real journalism???,1,,tesla
34,The guy who&#39;s so willing to take down the country that gave him everything shouldn&#39;t have been given everything.,https://www.youtube.com/watch?v=b18m7HKbaN8&lc=UgxLqSLYoZEEGND8i_l4AaABAg,2025-07-25T12:44:00Z,The guy who's so willing to take down the country that gave him everything shouldn't have been given everything.,1,,tesla
35,"Bester Elon Musk sorge für ansatzweise frieden , schalte starlink über russland &amp; der ukraine dauerhaft aus !? Peace on earth 🤓🖒",https://www.youtube.com/watch?v=b18m7HKbaN8&lc=UgwP3rEdNoyLdrAq09d4AaABAg,2025-07-25T12:32:07Z,"Bester Elon Musk sorge für ansatzweise frieden , schalte starlink über russland & der ukraine dauerhaft aus !? Peace on earth 🤓🖒",0,,tesla
36,Beautiful,https://www.youtube.com/watch?v=b18m7HKbaN8&lc=UgzhcEBNh4XHGYaJYtF4AaABAg,2025-07-25T07:46:04Z,Beautiful,0,,tesla
37,(☬☬)(☬☬)☞☞☞☞🇺🇲     ┼𝟏𝟐𝟎𝟓𝟖𝟕𝟐𝟔𝟏𝟕𝟎👈🏻👈🏻👈🏻👈🏻👈🏻👈🏻👈🏻👈🏻👈🏻👈🏻👈🏻<br>(☬☬)大家都这样&quot;抄袭&quot;，&quot;YouTube&quot;令人沮丧,https://www.youtube.com/watch?v=b18m7HKbaN8&lc=UgzhcEBNh4XHGYaJYtF4AaABAg.AKzya8doJC9AL-2ny1F4Eo,2025-07-25T08:31:39Z,"(☬☬)(☬☬)☞☞☞☞🇺🇲     ┼𝟏𝟐𝟎𝟓𝟖𝟕𝟐𝟔𝟏𝟕𝟎👈🏻👈🏻👈🏻👈🏻👈🏻👈🏻👈🏻👈🏻👈🏻👈🏻👈🏻
(☬☬)大家都这样""抄袭""，""YouTube""令人沮丧",0,UgzhcEBNh4XHGYaJYtF4AaABAg,tesla
38,Who made that happen,https://www.youtube.com/watch?v=b18m7HKbaN8&lc=Ugw1mJyGcQyKAa0cL7V4AaABAg,2025-07-25T07:39:42Z,Who made that happen,0,,tesla
39,I am going to buy more tesla stock,https://www.youtube.com/watch?v=b18m7HKbaN8&lc=UgymrHRJ324Tuqd_Lu14AaABAg,2025-07-25T07:31:03Z,I am going to buy more tesla stock,1,,tesla
40,Seventeen billion? Oh my… all hope is lost for him. He’ll starve to death. 😒,https://www.youtube.com/watch?v=b18m7HKbaN8&lc=UgzootOsLpD9lyWD4AB4AaABAg,2025-07-25T07:17:44Z,Seventeen billion? Oh my… all hope is lost for him. He’ll starve to death. 😒,10,,tesla
41,"Subject: Introducing the P3 Paradigm Power Plant: Reliable Energy for a Resilient Future<br><br><br>Unified Power is excited to introduce the P3 Paradigm Power Plant, a revolutionary energy solution that combines cutting-edge technology with exceptional efficiency and cost-effectiveness. This innovative power plant is designed to provide reliable energy, even in the face of grid disruptions.<br><br>Key Benefits: Advanced fusion technology for minimal environmental impact, competitive pricing with costs dropping to twenty-four dollars and five cents per megawatt hour over its fifty-two year lifespan, reliable and efficient power generation, grid resilience, and energy independence.<br><br>The P3 Paradigm Power Plant can operate independently, ensuring continuous power supply to critical infrastructure like water treatment plants during grid outages. With this plant, you&#39;ll have a stable source of power, reducing dependence on the grid and ensuring business continuity.<br><br>We stand behind the P3 Paradigm Power Plant&#39;s performance. We provide all-risk insurance, guaranteeing one hundred percent protection of your investment. In the unlikely event of plant failure, you&#39;ll receive a ten percent interest return on your investment.<br><br>By adopting the P3 Paradigm Power Plant, you&#39;ll reduce energy costs, enhance operational resilience, and contribute to a more stable energy future.",https://www.youtube.com/watch?v=b18m7HKbaN8&lc=UgxtDfJ_XmcqXkc2N5h4AaABAg,2025-07-25T05:55:29Z,"Subject: Introducing the P3 Paradigm Power Plant: Reliable Energy for a Resilient Future


Unified Power is excited to introduce the P3 Paradigm Power Plant, a revolutionary energy solution that combines cutting-edge technology with exceptional efficiency and cost-effectiveness. This innovative power plant is designed to provide reliable energy, even in the face of grid disruptions.

Key Benefits: Advanced fusion technology for minimal environmental impact, competitive pricing with costs dropping to twenty-four dollars and five cents per megawatt hour over its fifty-two year lifespan, reliable and efficient power generation, grid resilience, and energy independence.

The P3 Paradigm Power Plant can operate independently, ensuring continuous power supply to critical infrastructure like water treatment plants during grid outages. With this plant, you'll have a stable source of power, reducing dependence on the grid and ensuring business continuity.

We stand behind the P3 Paradigm Power Plant's performance. We provide all-risk insurance, guaranteeing one hundred percent protection of your investment. In the unlikely event of plant failure, you'll receive a ten percent interest return on your investment.

By adopting the P3 Paradigm Power Plant, you'll reduce energy costs, enhance operational resilience, and contribute to a more stable energy future.",0,,tesla
42,Musk/tesla knew but silence until contracts cut. So yeah…mutual  be a helper ..yep,https://www.youtube.com/watch?v=b18m7HKbaN8&lc=UgwzpnKKw04JfhImhl54AaABAg,2025-07-25T05:14:26Z,Musk/tesla knew but silence until contracts cut. So yeah…mutual  be a helper ..yep,0,,tesla
43,"Don’t buy from Tesla, don’t buy from Nazis",https://www.youtube.com/watch?v=b18m7HKbaN8&lc=Ugw3ZRwk0ro9C5xFTi94AaABAg,2025-07-25T04:39:46Z,"Don’t buy from Tesla, don’t buy from Nazis",1,,tesla
44,"Everywhere Ami ki express krtechi?dislike,toke khedeay dischi trpro tui amr image base tweet Kore nijeke glow krr try koro ka👂🤛🤛🤛🤛",https://www.youtube.com/watch?v=b18m7HKbaN8&lc=Ugz2lkxQnRHecLOWS254AaABAg,2025-07-25T04:20:12Z,"Everywhere Ami ki express krtechi?dislike,toke khedeay dischi trpro tui amr image base tweet Kore nijeke glow krr try koro ka👂🤛🤛🤛🤛",0,,tesla
45,"It doesn&#39;t matter how much money Elon Musk has, or if he&#39;s the wealthiest person, I think he&#39;s a good person 😊💗",https://www.youtube.com/watch?v=b18m7HKbaN8&lc=UgySCxl34_T0BTAUmMt4AaABAg,2025-07-25T03:47:10Z,"It doesn't matter how much money Elon Musk has, or if he's the wealthiest person, I think he's a good person 😊💗",2,,tesla
46,Hey there! How are you doing? 👋🥰<br>Thanks a lot for the love and support! Are you one of my biggest fans? 😄🫣👍&quot;,https://www.youtube.com/watch?v=b18m7HKbaN8&lc=UgySCxl34_T0BTAUmMt4AaABAg.AKzYFI-UjQvAKzcVq2I3M1,2025-07-25T04:33:07Z,"Hey there! How are you doing? 👋🥰
Thanks a lot for the love and support! Are you one of my biggest fans? 😄🫣👍""",0,UgySCxl34_T0BTAUmMt4AaABAg,tesla
47,They used him and tossed him aside,https://www.youtube.com/watch?v=b18m7HKbaN8&lc=UgwuEKwUWAtuQeNb3Gt4AaABAg,2025-07-25T03:22:20Z,They used him and tossed him aside,4,,tesla
48,Not soon enough.,https://www.youtube.com/watch?v=b18m7HKbaN8&lc=UgwuEKwUWAtuQeNb3Gt4AaABAg.AKzVPUuv3JeALHcIOhjeb2,2025-08-01T13:36:51Z,Not soon enough.,0,UgwuEKwUWAtuQeNb3Gt4AaABAg,tesla
49,Elon is like a Phoenix; he rises again and again and does not quit or pander to public opinion and cheap shots for some writer to get paid.,https://www.youtube.com/watch?v=b18m7HKbaN8&lc=Ugx49qFbIfcumhyLTmN4AaABAg,2025-07-25T01:36:15Z,Elon is like a Phoenix; he rises again and again and does not quit or pander to public opinion and cheap shots for some writer to get paid.,2,,tesla
50,Hey there! How are you doing? 👋🥰<br>Thanks a lot for the love and support! Are you one of my biggest fans? 😄🫣👍&quot;,https://www.youtube.com/watch?v=b18m7HKbaN8&lc=Ugx49qFbIfcumhyLTmN4AaABAg.AKzJGV2Lyp6AKzcjS-Uc_H,2025-07-25T04:35:06Z,"Hey there! How are you doing? 👋🥰
Thanks a lot for the love and support! Are you one of my biggest fans? 😄🫣👍""",0,Ugx49qFbIfcumhyLTmN4AaABAg,tesla
0,I think most of you are just a bunch of idiots ! He&#39;s a business man just like the owners of BMW and the rest of them .. Look at the shit VW pulled with the emissions scandal ! He&#39;s sells electric cars that&#39;s it and the way people go on is pathetic bunch of sheep ! I&#39;d buy a car if it ran on camel farts as long as it was fast and comfortable ! as for trump he&#39;s a business man first not an president! and most of the tariffs he&#39;s asked for should of been there in the first place he&#39;s looking after his country shame us Brits don&#39;t have someone like him no no we get the come into our country and we&#39;ll give you everything for free prick ! know which one I&#39;d have !,https://www.youtube.com/watch?v=IXErIyoCewU&lc=UgwVs_b2QGe9C5Bpx6Z4AaABAg,2025-03-31T13:59:25Z,I think most of you are just a bunch of idiots ! He's a business man just like the owners of BMW and the rest of them .. Look at the shit VW pulled with the emissions scandal ! He's sells electric cars that's it and the way people go on is pathetic bunch of sheep ! I'd buy a car if it ran on camel farts as long as it was fast and comfortable ! as for trump he's a business man first not an president! and most of the tariffs he's asked for should of been there in the first place he's looking after his country shame us Brits don't have someone like him no no we get the come into our country and we'll give you everything for free prick ! know which one I'd have !,0,,tesla
1,🤭,https://www.youtube.com/watch?v=IXErIyoCewU&lc=UgxwZn4mx9j4YYRJez54AaABAg,2025-03-27T02:18:42Z,🤭,0,,tesla
2,TESLER😅,https://www.youtube.com/watch?v=IXErIyoCewU&lc=Ugz36KelkTz70qWF5gV4AaABAg,2025-03-25T00:55:57Z,TESLER😅,0,,tesla
3,"It&#39;s a shame and disgrace to Americans to have these Democrat Communist Cult Protestors being funded by the cry baby politicians committing crimes against  Elon, his companies and the  owners of  their products. Grow up and face it you lost the election in part because of this sort of thing.",https://www.youtube.com/watch?v=IXErIyoCewU&lc=Ugzo6blMhkY8GAtYXpd4AaABAg,2025-03-23T14:05:43Z,"It's a shame and disgrace to Americans to have these Democrat Communist Cult Protestors being funded by the cry baby politicians committing crimes against  Elon, his companies and the  owners of  their products. Grow up and face it you lost the election in part because of this sort of thing.",0,,tesla
4,Felon trump still needs to milk his rich cow musk to keep the Maga congressmen aligned with  under or over the table sucking musks lollipop money  to betray their angry constituents! Let’s face it Maga congressmen cares shit for their people!,https://www.youtube.com/watch?v=IXErIyoCewU&lc=UgxWhhbkyWw_eapHGhZ4AaABAg,2025-03-22T21:04:05Z,Felon trump still needs to milk his rich cow musk to keep the Maga congressmen aligned with  under or over the table sucking musks lollipop money  to betray their angry constituents! Let’s face it Maga congressmen cares shit for their people!,1,,tesla
5,We all reap what we sow. Who I adored trust me he is the most arrogant man in the world.,https://www.youtube.com/watch?v=IXErIyoCewU&lc=Ugy5yBcRiGydQfklNbZ4AaABAg,2025-03-21T20:39:29Z,We all reap what we sow. Who I adored trust me he is the most arrogant man in the world.,0,,tesla
6,Yea Peon how&#39;s that fyck you to advertizers going for you now?,https://www.youtube.com/watch?v=IXErIyoCewU&lc=Ugz8-Fu5pUfZxh3JX-d4AaABAg,2025-03-21T17:19:16Z,Yea Peon how's that fyck you to advertizers going for you now?,0,,tesla
7,"Elon Musk has utterly annihilated Tesla’s brand and torched its value beyond repair. The dream is dead, the magic is gone—Tesla is now a sinking ship. If I worked there, I wouldn’t just quit—I’d flee. Wealth is an illusion, propped up by faith in a brand. The moment that faith crumbles, the fortune vanishes like smoke in the wind. Musk, you are a catastrophe in human form. D.O.G.E brags about &quot;billions in savings,&quot; but let’s not sugarcoat it—mass layoffs aren’t savings, they’re desperation. And desperation reeks of failure. The true fallout will surface in 6-12 months, by which point the decay will be irreversible. This grotesque, crumbling version of America is not one we recognize, nor one we want to be part of. Revolting.",https://www.youtube.com/watch?v=IXErIyoCewU&lc=Ugzpv5ygfRAxh6RFW0F4AaABAg,2025-03-21T15:59:32Z,"Elon Musk has utterly annihilated Tesla’s brand and torched its value beyond repair. The dream is dead, the magic is gone—Tesla is now a sinking ship. If I worked there, I wouldn’t just quit—I’d flee. Wealth is an illusion, propped up by faith in a brand. The moment that faith crumbles, the fortune vanishes like smoke in the wind. Musk, you are a catastrophe in human form. D.O.G.E brags about ""billions in savings,"" but let’s not sugarcoat it—mass layoffs aren’t savings, they’re desperation. And desperation reeks of failure. The true fallout will surface in 6-12 months, by which point the decay will be irreversible. This grotesque, crumbling version of America is not one we recognize, nor one we want to be part of. Revolting.",0,,tesla
8,Elon is the richest entrepreneur the world has ever seen. I doubt this is going to faze him in the slightest.,https://www.youtube.com/watch?v=IXErIyoCewU&lc=UgxV3haxWgN6GxKIkMx4AaABAg,2025-03-20T15:12:48Z,Elon is the richest entrepreneur the world has ever seen. I doubt this is going to faze him in the slightest.,0,,tesla
9,Nobody is going to retaliate. Im definitely buying a Tesla now.,https://www.youtube.com/watch?v=IXErIyoCewU&lc=UgxU0_p65sV1G8Cfyqt4AaABAg,2025-03-20T15:11:40Z,Nobody is going to retaliate. Im definitely buying a Tesla now.,0,,tesla
10,Being a car salesman suits Trump. For Musks sake I hope that he is a better cad salesman than a president,https://www.youtube.com/watch?v=IXErIyoCewU&lc=UgwA0_EKQOXoQmILe9Z4AaABAg,2025-03-20T13:09:32Z,Being a car salesman suits Trump. For Musks sake I hope that he is a better cad salesman than a president,0,,tesla
11,Tweedle Dee and Tweedle Dump not so clever after all,https://www.youtube.com/watch?v=IXErIyoCewU&lc=UgzTDKEk0xU9Cbr9T2t4AaABAg,2025-03-20T13:06:27Z,Tweedle Dee and Tweedle Dump not so clever after all,0,,tesla
12,"what do you expect when you walk around acting like a goofball with ya stupid hat on thinking your cool but you&#39;re just a fool, quit acting like a dork ya bloody weird alien, keep your kids out of the adult conversations too, they dont need to be on your shoulders mate with your goofy look on your face while your in serious meetings / interviews ! grow up dork",https://www.youtube.com/watch?v=IXErIyoCewU&lc=UgzOTVD5ftNKlWNkHZJ4AaABAg,2025-03-20T07:06:11Z,"what do you expect when you walk around acting like a goofball with ya stupid hat on thinking your cool but you're just a fool, quit acting like a dork ya bloody weird alien, keep your kids out of the adult conversations too, they dont need to be on your shoulders mate with your goofy look on your face while your in serious meetings / interviews ! grow up dork",0,,tesla
13,whatta shame about the swastiCars,https://www.youtube.com/watch?v=IXErIyoCewU&lc=Ugz9-sQDkINBPq0HQgx4AaABAg,2025-03-19T21:19:25Z,whatta shame about the swastiCars,0,,tesla
14,"We will, if he steps down NOT BUYING TESLA ANYMORE. WE DONT WANT A NAZI CAR. we don want a car from a deranged idiot. For the new products  it will fail also. We dont want anything from that creap. He can stick his companies in his ass",https://www.youtube.com/watch?v=IXErIyoCewU&lc=UgzwjAHRRoCw_6jN7WV4AaABAg,2025-03-19T18:37:42Z,"We will, if he steps down NOT BUYING TESLA ANYMORE. WE DONT WANT A NAZI CAR. we don want a car from a deranged idiot. For the new products  it will fail also. We dont want anything from that creap. He can stick his companies in his ass",1,,tesla
15,Trump bankrupted isa,https://www.youtube.com/watch?v=IXErIyoCewU&lc=UgxCpWVONUoy5EVzij14AaABAg,2025-03-19T17:46:39Z,Trump bankrupted isa,0,,tesla
16,"EmDt <br><a href=""https://www.youtube.com/watch?v=7h7Qyy98UGQ"">https://youtu.be/7h7Qyy98UGQ?si=Dg-QYtHJ-9-zNvzl</a>",https://www.youtube.com/watch?v=IXErIyoCewU&lc=Ugy_WLni-Srw5neYqQN4AaABAg,2025-03-19T16:06:38Z,"EmDt 
https://youtu.be/7h7Qyy98UGQ?si=Dg-QYtHJ-9-zNvzl",0,,tesla
17,ሰላም,https://www.youtube.com/watch?v=IXErIyoCewU&lc=UgzLjeEMjlOmDnCwcSR4AaABAg,2025-03-19T13:59:38Z,ሰላም,0,,tesla
18,"The following is intended as a thought exercise for citizens of the United States but some of the questions may also be applicable to citizens of other countries.<br><br>Do you think most Republican politicians favor a “flat” federal income tax rate?<br>Do you think most Republican politicians favor eliminating existing federal welfare programs for unemployed and underemployed people?<br>Do you think most Republican politicians favor eliminating the federal minimum wage?<br><br>Do you think most Democratic politicians favor increasing income taxes on corporations?<br>Do you think most Democratic politicians favor higher tax rates for wealthy people than for middle-class people and the working poor?<br>Do you think most Democratic politicians favor expanding federal welfare programs for unemployed and underemployed people?<br>Do you think most Democratic politicians favor increasing the federal minimum wage? <br><br>If you favor the same policies typical Republican OR Democratic politicians do, I’m not interested. BUT, if you favor tax or welfare policies that fall somewhere between those of typical Republican or Democratic policies, please let us know what you suggest.<br><br>Do you think most Republican politicians favor closing United States borders - at least temporarily - to all immigration?<br><br>Do you think most Democratic politicians favor an open border policy? <br><br>If you favor the same policies typical Republican OR Democratic politicians do, I’m not interested. BUT, if you favor an immigration policy that falls somewhere between those of typical Republican or Democratic politicians, please let us know what you suggest. <br><br>Do you think most Republican politicians want most or all elective abortions to be prohibited?<br><br>Do you think most Democratic politicians want abortion on demand, even for women who can’t afford to pay for the procedure? <br><br>If you favor the same policies typical Republican OR Democratic politicians do, I’m not interested. BUT, if you favor an abortion policy that falls somewhere between those of typical Republican or Democratic policies, please let us know what you recommend.<br><br>Do you think most Republican politicians are opposed to all or nearly all laws intended to reduce environmental pollution?  <br><br>Do you think most Democratic politicians favor any and all laws intended to reduce environmental pollution? <br><br>If you favor the same policies typical Republican or Democratic politicians do, I’m not interested. BUT, if you favor policies that fall somewhere between those favored by typical Republican or Democratic politicians with regard to environmental protection, please give us your ideas on environmental protection. <br><br>Do you think most Republican politicians favor using public schools to promote a “Christian” or biblical worldview?<br><br>Do you think most Democratic politicians favor using public schools to promote worldviews that are antithetical to “Christian” or biblical worldviews? <br><br>If you favor the policies Republican OR Democratic politicians do, I’m not interested. BUT, if you prefer policies that encourage teaching about ALL concepts of the universe and humans’ place in it OR policies that discourage or prohibit promoting any such concepts at taxpayer expense, please give us your suggestions. <br><br>It seems to me that extremists in either or both of the current major political parties in the United States are likely to destroy the Constitution UNLESS one or more more moderate political parties can offer voters alternatives to the current extremism at both ends of the political spectrum.",https://www.youtube.com/watch?v=IXErIyoCewU&lc=UgzfsNk6EfmP1ZJHWw54AaABAg,2025-03-19T13:11:36Z,"The following is intended as a thought exercise for citizens of the United States but some of the questions may also be applicable to citizens of other countries.

Do you think most Republican politicians favor a “flat” federal income tax rate?
Do you think most Republican politicians favor eliminating existing federal welfare programs for unemployed and underemployed people?
Do you think most Republican politicians favor eliminating the federal minimum wage?

Do you think most Democratic politicians favor increasing income taxes on corporations?
Do you think most Democratic politicians favor higher tax rates for wealthy people than for middle-class people and the working poor?
Do you think most Democratic politicians favor expanding federal welfare programs for unemployed and underemployed people?
Do you think most Democratic politicians favor increasing the federal minimum wage? 

If you favor the same policies typical Republican OR Democratic politicians do, I’m not interested. BUT, if you favor tax or welfare policies that fall somewhere between those of typical Republican or Democratic policies, please let us know what you suggest.

Do you think most Republican politicians favor closing United States borders - at least temporarily - to all immigration?

Do you think most Democratic politicians favor an open border policy? 

If you favor the same policies typical Republican OR Democratic politicians do, I’m not interested. BUT, if you favor an immigration policy that falls somewhere between those of typical Republican or Democratic politicians, please let us know what you suggest. 

Do you think most Republican politicians want most or all elective abortions to be prohibited?

Do you think most Democratic politicians want abortion on demand, even for women who can’t afford to pay for the procedure? 

If you favor the same policies typical Republican OR Democratic politicians do, I’m not interested. BUT, if you favor an abortion policy that falls somewhere between those of typical Republican or Democratic policies, please let us know what you recommend.

Do you think most Republican politicians are opposed to all or nearly all laws intended to reduce environmental pollution?  

Do you think most Democratic politicians favor any and all laws intended to reduce environmental pollution? 

If you favor the same policies typical Republican or Democratic politicians do, I’m not interested. BUT, if you favor policies that fall somewhere between those favored by typical Republican or Democratic politicians with regard to environmental protection, please give us your ideas on environmental protection. 

Do you think most Republican politicians favor using public schools to promote a “Christian” or biblical worldview?

Do you think most Democratic politicians favor using public schools to promote worldviews that are antithetical to “Christian” or biblical worldviews? 

If you favor the policies Republican OR Democratic politicians do, I’m not interested. BUT, if you prefer policies that encourage teaching about ALL concepts of the universe and humans’ place in it OR policies that discourage or prohibit promoting any such concepts at taxpayer expense, please give us your suggestions. 

It seems to me that extremists in either or both of the current major political parties in the United States are likely to destroy the Constitution UNLESS one or more more moderate political parties can offer voters alternatives to the current extremism at both ends of the political spectrum.",0,,tesla
19,Which proves he&#39;s a bad a businessman as Trump!,https://www.youtube.com/watch?v=IXErIyoCewU&lc=UgzTurh-_0qrRXBX9Rl4AaABAg,2025-03-19T11:04:50Z,Which proves he's a bad a businessman as Trump!,0,,tesla
20,Moral of the story. &quot;Did not mix business with politics&quot;,https://www.youtube.com/watch?v=IXErIyoCewU&lc=UgzZURs5oMprRD0Pi3N4AaABAg,2025-03-19T10:33:06Z,"Moral of the story. ""Did not mix business with politics""",0,,tesla
21,I plan on buying a hundred thousand in Tesla stock in 3 weeks.   If it keeps going down maybe even more.,https://www.youtube.com/watch?v=IXErIyoCewU&lc=UgxhNHbzF2WX3tZz5sd4AaABAg,2025-03-19T10:09:02Z,I plan on buying a hundred thousand in Tesla stock in 3 weeks.   If it keeps going down maybe even more.,0,,tesla
22,❤❤❤❤❤❤,https://www.youtube.com/watch?v=IXErIyoCewU&lc=Ugz10L4-M3vAVLdUj1B4AaABAg,2025-03-19T10:07:09Z,❤❤❤❤❤❤,0,,tesla
23,Good... tax the Americans,https://www.youtube.com/watch?v=IXErIyoCewU&lc=Ugzr72z492_b22kd72d4AaABAg,2025-03-19T06:51:39Z,Good... tax the Americans,0,,tesla
24,When two con artists meet…,https://www.youtube.com/watch?v=IXErIyoCewU&lc=UgySqvN4ToBvFXGJwLx4AaABAg,2025-03-19T06:27:34Z,When two con artists meet…,0,,tesla
25,Tesla is a shitcar.... It&#39;s badly assembled and begins to rust after 2 years.....&quot;,https://www.youtube.com/watch?v=IXErIyoCewU&lc=UgyOj_NCVvhiCzZlO4R4AaABAg,2025-03-19T04:37:51Z,"Tesla is a shitcar.... It's badly assembled and begins to rust after 2 years.....""",0,,tesla
26,Bbc 😂,https://www.youtube.com/watch?v=IXErIyoCewU&lc=UgxWCNJTuG54Q8VYfTJ4AaABAg,2025-03-18T23:36:11Z,Bbc 😂,0,,tesla
27,The Dem party picks who&#39;s democracy they will defend. I guess their not going to defend Trump or Musk democracy.,https://www.youtube.com/watch?v=IXErIyoCewU&lc=UgxiydqQpkLAir43qiJ4AaABAg,2025-03-18T23:21:51Z,The Dem party picks who's democracy they will defend. I guess their not going to defend Trump or Musk democracy.,0,,tesla
28,apparently elon said &#39;lets find out what happened to the Ukraine money&#39;. oh I hope so....,https://www.youtube.com/watch?v=IXErIyoCewU&lc=UgwJvRdiFGGEU4lWTUZ4AaABAg,2025-03-18T22:25:00Z,apparently elon said 'lets find out what happened to the Ukraine money'. oh I hope so....,0,,tesla
29,"Tesla doubling U.S production simply means lower pricing and margins. We have seen this myopia before from Elon. More production does not equal more sales when u have tremendously failing demand. More sophistry from the king of rhetoric, Mr. DoDGEy Musk!",https://www.youtube.com/watch?v=IXErIyoCewU&lc=UgwWSjP3SU9sB1-JBeZ4AaABAg,2025-03-18T21:22:45Z,"Tesla doubling U.S production simply means lower pricing and margins. We have seen this myopia before from Elon. More production does not equal more sales when u have tremendously failing demand. More sophistry from the king of rhetoric, Mr. DoDGEy Musk!",0,,tesla
30,Such a shame as Tesla’s are great cars. Time to step down Musk and hand it back to the original founders who Elon bullied out!! Martin Eberhard and Marc Tarpenning!,https://www.youtube.com/watch?v=IXErIyoCewU&lc=Ugwv_044sXbeST1crVV4AaABAg,2025-03-18T14:32:05Z,Such a shame as Tesla’s are great cars. Time to step down Musk and hand it back to the original founders who Elon bullied out!! Martin Eberhard and Marc Tarpenning!,2,,tesla
31,"Your right, I wouldn&#39;t have a problem with Musk running as many organisations as he wants if he didn&#39;t participate in insider trading, the spreading of misinformation, calling a hero diver a word I cannot even repeat, or acting with complete disrespect to his clients, customers, affiliates and basically anyone he disagrees with. He is toxic for his own companies and for every political situation he has shoved his stupid opinion in. Be a businessman or a politician or a drugged up chainsaw welding maniac but not all three at once. You can&#39;t colonise Mars if you can&#39;t take criticism, work with others, or establish truth from fantasy. I&#39;m not saying he should be sectioned but for his own good he needs an intervention. Anyway, free Luigi!",https://www.youtube.com/watch?v=IXErIyoCewU&lc=Ugwv_044sXbeST1crVV4AaABAg.AFoXVvliLPfAFolMbDHOjm,2025-03-18T16:41:53Z,"Your right, I wouldn't have a problem with Musk running as many organisations as he wants if he didn't participate in insider trading, the spreading of misinformation, calling a hero diver a word I cannot even repeat, or acting with complete disrespect to his clients, customers, affiliates and basically anyone he disagrees with. He is toxic for his own companies and for every political situation he has shoved his stupid opinion in. Be a businessman or a politician or a drugged up chainsaw welding maniac but not all three at once. You can't colonise Mars if you can't take criticism, work with others, or establish truth from fantasy. I'm not saying he should be sectioned but for his own good he needs an intervention. Anyway, free Luigi!",0,Ugwv_044sXbeST1crVV4AaABAg,tesla
32,Short TSLA 📉,https://www.youtube.com/watch?v=IXErIyoCewU&lc=UgwGogfUTpWXE-98G4h4AaABAg,2025-03-18T14:17:15Z,Short TSLA 📉,2,,tesla
33,By chumbawamba: <br>🎶🎵<br>We&#39;re told that after the war<br>The Nazis vanished without a trace<br>But batallions of facists<br>Still dream of a master race<br><br>The history books they tell<br>Of their defeat at &#39;45<br>But they all came out of the woodwork<br>On the day the Nazi died<br><br>They say the prisoner at Spandau<br>Was a symbol of defeat<br>Whilst Hess remained imprisoned<br>And the facists; they were beat<br><br>So the promise of an Aryan world<br>Would never materialize<br>So why did they all come out of the woodwork<br>On the day the Nazi died<br><br>The world is riddled with maggots<br>The maggots are getting fat<br>They&#39;re making a tasty meal of all<br>The bosses and bureaucrats<br><br>They&#39;re taking over the boardrooms<br>And they&#39;re fat and full of pride<br>And they all came out of the woodwork<br>On the day the Nazi died<br><br>So if you meet with these historians<br>I&#39;ll tell you what to say<br>Tell them that the Nazis<br>Never really went away<br><br>They&#39;re out there burning houses down<br>And peddling racist lies<br><br>And we&#39;ll never rest again...<br>Until every Nazi dies...,https://www.youtube.com/watch?v=IXErIyoCewU&lc=Ugx09dEH5NvCSWvbS2F4AaABAg,2025-03-18T12:05:26Z,"By chumbawamba: 
🎶🎵
We're told that after the war
The Nazis vanished without a trace
But batallions of facists
Still dream of a master race

The history books they tell
Of their defeat at '45
But they all came out of the woodwork
On the day the Nazi died

They say the prisoner at Spandau
Was a symbol of defeat
Whilst Hess remained imprisoned
And the facists; they were beat

So the promise of an Aryan world
Would never materialize
So why did they all come out of the woodwork
On the day the Nazi died

The world is riddled with maggots
The maggots are getting fat
They're making a tasty meal of all
The bosses and bureaucrats

They're taking over the boardrooms
And they're fat and full of pride
And they all came out of the woodwork
On the day the Nazi died

So if you meet with these historians
I'll tell you what to say
Tell them that the Nazis
Never really went away

They're out there burning houses down
And peddling racist lies

And we'll never rest again...
Until every Nazi dies...",1,,tesla
34,Amen 🙏,https://www.youtube.com/watch?v=IXErIyoCewU&lc=Ugx09dEH5NvCSWvbS2F4AaABAg.AFoGiqCS8OcAFooYGnpins,2025-03-18T17:09:41Z,Amen 🙏,0,Ugx09dEH5NvCSWvbS2F4AaABAg,tesla
35,"Why is England suppressing Free speech, is king George back in power",https://www.youtube.com/watch?v=IXErIyoCewU&lc=UgzNI_xVi4EPOKOvwXR4AaABAg,2025-03-18T11:59:53Z,"Why is England suppressing Free speech, is king George back in power",0,,tesla
36,this is what happens when you fascist,https://www.youtube.com/watch?v=IXErIyoCewU&lc=UgxRVLZ2Vew7VrSIN-x4AaABAg,2025-03-18T11:05:25Z,this is what happens when you fascist,0,,tesla
37,"This is funny cause the right hate EVs, they still won’t purchase one. Most of the left buy these dumb cars, and not they are eating themselves again",https://www.youtube.com/watch?v=IXErIyoCewU&lc=Ugy4bqEQaj3tY2g1g5d4AaABAg,2025-03-18T09:12:00Z,"This is funny cause the right hate EVs, they still won’t purchase one. Most of the left buy these dumb cars, and not they are eating themselves again",0,,tesla
38,Tesla’s  stock moving predictably right now—one of the cleaner trades out there. Price action has been super clean lately—textbook support and resistance plays. Anyone else trading it?,https://www.youtube.com/watch?v=IXErIyoCewU&lc=UgzB-NNN1kGRkr6DZ7B4AaABAg,2025-03-18T08:10:28Z,Tesla’s  stock moving predictably right now—one of the cleaner trades out there. Price action has been super clean lately—textbook support and resistance plays. Anyone else trading it?,0,,tesla
39,I&#39;m going to really enjoy seeing musk and trump sink,https://www.youtube.com/watch?v=IXErIyoCewU&lc=UgxbN5xrHH3mhZEz7C94AaABAg,2025-03-18T07:30:55Z,I'm going to really enjoy seeing musk and trump sink,0,,tesla
40,😂😂😂😂😂eat it looser... stocks be like📉📉📉,https://www.youtube.com/watch?v=IXErIyoCewU&lc=UgyD_6Y2kShI1RkVqwp4AaABAg,2025-03-18T06:23:46Z,😂😂😂😂😂eat it looser... stocks be like📉📉📉,0,,tesla
41,No one cares,https://www.youtube.com/watch?v=IXErIyoCewU&lc=UgzJi2NvWU0AnVUgLWl4AaABAg,2025-03-18T05:29:43Z,No one cares,0,,tesla
42,"Everyone cares about a billionaire losing his wealth due to stupidity, it&#39;s hilarious",https://www.youtube.com/watch?v=IXErIyoCewU&lc=UgzJi2NvWU0AnVUgLWl4AaABAg.AFnZRTQj5T-AFnpYOqD8uD,2025-03-18T07:59:12Z,"Everyone cares about a billionaire losing his wealth due to stupidity, it's hilarious",2,UgzJi2NvWU0AnVUgLWl4AaABAg,tesla
43,Speak for yourself. Musk&#39;s fanboys are so easily triggered 😂,https://www.youtube.com/watch?v=IXErIyoCewU&lc=UgzJi2NvWU0AnVUgLWl4AaABAg.AFnZRTQj5T-AFoogP5rLfY,2025-03-18T17:10:56Z,Speak for yourself. Musk's fanboys are so easily triggered 😂,1,UgzJi2NvWU0AnVUgLWl4AaABAg,tesla
44,"The BBC are so behind! TESLA is a tech company. they build, AI and Robots and the it is the software in the cars that is worth the money... and they could survive as a lithium battery company never mind cars!! That is why it makes sense to BUY THE SHARES in a big sale and sit on them indefinitely!! From this clip you would think Tesla was doomed! Hpw wrong the BBC is now........ it&#39;s a real shame and the chap who was found guilty of political motivation on destroying the tesla was sentenced to 20 years I just saw unless that is what Trump calls &quot; Fake news&quot;.. I just don&#39;t know any more... it is all biased....",https://www.youtube.com/watch?v=IXErIyoCewU&lc=UgwTuuCElYH8jRyXqwR4AaABAg,2025-03-18T04:19:00Z,"The BBC are so behind! TESLA is a tech company. they build, AI and Robots and the it is the software in the cars that is worth the money... and they could survive as a lithium battery company never mind cars!! That is why it makes sense to BUY THE SHARES in a big sale and sit on them indefinitely!! From this clip you would think Tesla was doomed! Hpw wrong the BBC is now........ it's a real shame and the chap who was found guilty of political motivation on destroying the tesla was sentenced to 20 years I just saw unless that is what Trump calls "" Fake news"".. I just don't know any more... it is all biased....",0,,tesla
45,Boot licker 😂. Musk&#39;s fanboys are so easily triggered 😂,https://www.youtube.com/watch?v=IXErIyoCewU&lc=UgwTuuCElYH8jRyXqwR4AaABAg.AFnRLdt5UKwAFool97BeSW,2025-03-18T17:11:35Z,Boot licker 😂. Musk's fanboys are so easily triggered 😂,0,UgwTuuCElYH8jRyXqwR4AaABAg,tesla
46,"I will only be. Satisfied when I hear Tesla is filing bankruptcy. It’s about time that guy Elon and everything associated with him is gone from our lives. It’d be like Enron. I know there are some good people working for Tesla but for the greater good, we need people like Elon removed from our reality. He’s done. This is just March 2025. I expect by July he flees for good.",https://www.youtube.com/watch?v=IXErIyoCewU&lc=UgwOa9NeTDaLQZ8yOWR4AaABAg,2025-03-18T00:42:42Z,"I will only be. Satisfied when I hear Tesla is filing bankruptcy. It’s about time that guy Elon and everything associated with him is gone from our lives. It’d be like Enron. I know there are some good people working for Tesla but for the greater good, we need people like Elon removed from our reality. He’s done. This is just March 2025. I expect by July he flees for good.",0,,tesla
47,Two peas in a pod.<br><br>One a sicofed the other BATT SHT CRAZY!!,https://www.youtube.com/watch?v=IXErIyoCewU&lc=Ugw5UGqI8V6NVUyNko94AaABAg,2025-03-17T23:16:32Z,"Two peas in a pod.

One a sicofed the other BATT SHT CRAZY!!",0,,tesla
48,Elon Musk is finding out what happens to people when they do business with Donald Trump.,https://www.youtube.com/watch?v=IXErIyoCewU&lc=Ugye9yVJ1Z_xO9k_suV4AaABAg,2025-03-17T22:19:38Z,Elon Musk is finding out what happens to people when they do business with Donald Trump.,0,,tesla
49,Anyone thinking this stock is rebounding is delusional. Wait until April 2025 earnings report comes out. The crash for this Company has not even started. Down another 20-3o% IMO.,https://www.youtube.com/watch?v=IXErIyoCewU&lc=Ugy93WSRh7Ac_WNs-L94AaABAg,2025-03-17T21:47:20Z,Anyone thinking this stock is rebounding is delusional. Wait until April 2025 earnings report comes out. The crash for this Company has not even started. Down another 20-3o% IMO.,0,,tesla
0,Im sorry who cares how much he gets paid its up to the business,https://www.youtube.com/watch?v=jqPVtZxxD6s&lc=UgzTIQJ6rw74XevZj9t4AaABAg,2025-11-06T01:12:30Z,Im sorry who cares how much he gets paid its up to the business,0,,tesla
1,Elon please  don&#39;t  sell your  stocks.,https://www.youtube.com/watch?v=jqPVtZxxD6s&lc=UgwnDHITeohx4pag8-R4AaABAg,2025-11-05T19:25:56Z,Elon please  don't  sell your  stocks.,0,,tesla
2,"Tesla is realistically worth at most, $50 million, a fact everyone holding Tesla stock will find out the hard way in a couple of years.",https://www.youtube.com/watch?v=jqPVtZxxD6s&lc=UgwByO8zSs-DooGYEUd4AaABAg,2025-11-05T10:15:22Z,"Tesla is realistically worth at most, $50 million, a fact everyone holding Tesla stock will find out the hard way in a couple of years.",0,,tesla
3,Replace the board as well please.,https://www.youtube.com/watch?v=jqPVtZxxD6s&lc=Ugwvofb22z0ZllDWgbl4AaABAg,2025-11-05T05:22:52Z,Replace the board as well please.,0,,tesla
4,Why not sell the stock? If you don&#39;t believe the stock price will grow???<br><br>Surely that means you believe the stock will NEVER grow beyond it&#39;s high valuation then sell the stock??? As it will never be higher than today <br><br>The stock price is tied to market cap???,https://www.youtube.com/watch?v=jqPVtZxxD6s&lc=UgydRlQJFPkVkwz6jQd4AaABAg,2025-11-04T21:44:03Z,"Why not sell the stock? If you don't believe the stock price will grow???

Surely that means you believe the stock will NEVER grow beyond it's high valuation then sell the stock??? As it will never be higher than today 

The stock price is tied to market cap???",4,,tesla
5,"The best thing for Tesla is for Elon to leave, back to where he came from!",https://www.youtube.com/watch?v=jqPVtZxxD6s&lc=UgxSgkLx3QxrY-_vFjN4AaABAg,2025-11-04T20:39:14Z,"The best thing for Tesla is for Elon to leave, back to where he came from!",0,,tesla
6,Elon is Tesla if he leaves good bye Tesla,https://www.youtube.com/watch?v=jqPVtZxxD6s&lc=UgxSgkLx3QxrY-_vFjN4AaABAg.AP7-98OiMMMAP735z62wq7,2025-11-04T21:13:45Z,Elon is Tesla if he leaves good bye Tesla,1,UgxSgkLx3QxrY-_vFjN4AaABAg,tesla
7,Then Tesla will have little to no forward movement and furthermore Elon will attempt to start something similar elsewhere unless he has noncompetes with Tesla,https://www.youtube.com/watch?v=jqPVtZxxD6s&lc=UgxSgkLx3QxrY-_vFjN4AaABAg.AP7-98OiMMMAP75CoFjxVZ,2025-11-04T21:32:09Z,Then Tesla will have little to no forward movement and furthermore Elon will attempt to start something similar elsewhere unless he has noncompetes with Tesla,1,UgxSgkLx3QxrY-_vFjN4AaABAg,tesla
8,Polymarket has &quot;Will Elon Musk’s $1T Tesla pay deal pass?&quot; at 91%.,https://www.youtube.com/watch?v=jqPVtZxxD6s&lc=UgwzFceHiGVUnAkeuxh4AaABAg,2025-11-04T20:30:18Z,"Polymarket has ""Will Elon Musk’s $1T Tesla pay deal pass?"" at 91%.",2,,tesla
9,You can bet the Billion dollar babyman Musk will be twatting on X that Norways government needs to be toppled for not doing what he wants.,https://www.youtube.com/watch?v=jqPVtZxxD6s&lc=UgyIair7c8HvADYmfJV4AaABAg,2025-11-04T20:05:30Z,You can bet the Billion dollar babyman Musk will be twatting on X that Norways government needs to be toppled for not doing what he wants.,3,,tesla
10,I have my doubts,https://www.youtube.com/watch?v=jqPVtZxxD6s&lc=UgyIair7c8HvADYmfJV4AaABAg.AP6wI4e40UqAP72ss-Gt89,2025-11-04T21:11:49Z,I have my doubts,0,UgyIair7c8HvADYmfJV4AaABAg,tesla
11,They should be though if we’re being honest,https://www.youtube.com/watch?v=jqPVtZxxD6s&lc=UgyIair7c8HvADYmfJV4AaABAg.AP6wI4e40UqAP73eE9iFUs,2025-11-04T21:18:34Z,They should be though if we’re being honest,0,UgyIair7c8HvADYmfJV4AaABAg,tesla
12,"Yeah ,the guy  behind 5 , billion dollar companies and 1 trillion dollar company is a &quot;babyman&quot; .",https://www.youtube.com/watch?v=jqPVtZxxD6s&lc=UgyIair7c8HvADYmfJV4AaABAg.AP6wI4e40UqAP78remrZqg,2025-11-04T22:04:05Z,"Yeah ,the guy  behind 5 , billion dollar companies and 1 trillion dollar company is a ""babyman"" .",0,UgyIair7c8HvADYmfJV4AaABAg,tesla
13,tesler,https://www.youtube.com/watch?v=jqPVtZxxD6s&lc=Ugyx7SVheYoKQ_PRDuB4AaABAg,2025-11-04T20:04:06Z,tesler,1,,tesla
14,Annex Norway as 52nd state.,https://www.youtube.com/watch?v=jqPVtZxxD6s&lc=Ugzfam24OPVZWj5bSCR4AaABAg,2025-11-04T19:13:47Z,Annex Norway as 52nd state.,7,,tesla
15,@StanleyJohnson-b4v great idea,https://www.youtube.com/watch?v=jqPVtZxxD6s&lc=Ugzfam24OPVZWj5bSCR4AaABAg.AP6qNP3h8O7AP72X4w2i8M,2025-11-04T21:08:43Z,@StanleyJohnson-b4v great idea,1,Ugzfam24OPVZWj5bSCR4AaABAg,tesla
16,Madness… he is not Leonardo by far!! 🤮,https://www.youtube.com/watch?v=jqPVtZxxD6s&lc=UgyA6l4zfab_EIRujbd4AaABAg,2025-11-04T18:45:58Z,Madness… he is not Leonardo by far!! 🤮,1,,tesla
17,"Vote no, if he wants his package musk has be at tesla 100% not SpaceX or his other companies.  He cant get trillion dollar pay for being part time CEO at tesla",https://www.youtube.com/watch?v=jqPVtZxxD6s&lc=Ugyz2ZnEeVYaFX7bhPF4AaABAg,2025-11-04T17:35:52Z,"Vote no, if he wants his package musk has be at tesla 100% not SpaceX or his other companies.  He cant get trillion dollar pay for being part time CEO at tesla",8,,tesla
18,"@snowballs2023 Elon Musk is irreplaceable, no other vehicle manufacturing company is near the value of Tesla.",https://www.youtube.com/watch?v=jqPVtZxxD6s&lc=Ugyz2ZnEeVYaFX7bhPF4AaABAg.AP6fA830uRBAP6h68Hsi8v,2025-11-04T17:52:48Z,"@snowballs2023 Elon Musk is irreplaceable, no other vehicle manufacturing company is near the value of Tesla.",4,Ugyz2ZnEeVYaFX7bhPF4AaABAg,tesla
19,he doesnt get it if he doesnt deliver.. if he spends 1% of time at Tesla and delivers he earned it.,https://www.youtube.com/watch?v=jqPVtZxxD6s&lc=Ugyz2ZnEeVYaFX7bhPF4AaABAg.AP6fA830uRBAP6iJax7ZuR,2025-11-04T18:03:22Z,he doesnt get it if he doesnt deliver.. if he spends 1% of time at Tesla and delivers he earned it.,3,Ugyz2ZnEeVYaFX7bhPF4AaABAg,tesla
20,​@naspermushonga2492tesla only worth 800M to 1B.,https://www.youtube.com/watch?v=jqPVtZxxD6s&lc=Ugyz2ZnEeVYaFX7bhPF4AaABAg.AP6fA830uRBAP6il5zRaYn,2025-11-04T18:07:16Z,​@naspermushonga2492tesla only worth 800M to 1B.,0,Ugyz2ZnEeVYaFX7bhPF4AaABAg,tesla
21,Your stock will drop 50 percent,https://www.youtube.com/watch?v=jqPVtZxxD6s&lc=Ugyz2ZnEeVYaFX7bhPF4AaABAg.AP6fA830uRBAP6xYAQvSwn,2025-11-04T20:16:26Z,Your stock will drop 50 percent,1,Ugyz2ZnEeVYaFX7bhPF4AaABAg,tesla
22,Yh because if that happens then he’ll just stay on like normal and not leave lol,https://www.youtube.com/watch?v=jqPVtZxxD6s&lc=Ugyz2ZnEeVYaFX7bhPF4AaABAg.AP6fA830uRBAP76TcbKB3e,2025-11-04T21:43:11Z,Yh because if that happens then he’ll just stay on like normal and not leave lol,0,Ugyz2ZnEeVYaFX7bhPF4AaABAg,tesla
23,​@JimboJimbo-i4ino he&#39;ll leave and hope the stock crashes and he buys it with spacex<br><br>Tesla as a subsidiary of spaceX would be amazing for Elon and HORRIBLE for us<br><br>Don&#39;t you see that? He has super voting shares at spaceX not Tesla,https://www.youtube.com/watch?v=jqPVtZxxD6s&lc=Ugyz2ZnEeVYaFX7bhPF4AaABAg.AP6fA830uRBAP76sgOayYi,2025-11-04T21:46:45Z,"​@JimboJimbo-i4ino he'll leave and hope the stock crashes and he buys it with spacex

Tesla as a subsidiary of spaceX would be amazing for Elon and HORRIBLE for us

Don't you see that? He has super voting shares at spaceX not Tesla",1,Ugyz2ZnEeVYaFX7bhPF4AaABAg,tesla
24,Norway opposition will not block the majority.,https://www.youtube.com/watch?v=jqPVtZxxD6s&lc=Ugz6i7WOyMtFh6x7fl14AaABAg,2025-11-04T17:33:48Z,Norway opposition will not block the majority.,4,,tesla
25,So they will probably sell their Stock.,https://www.youtube.com/watch?v=jqPVtZxxD6s&lc=Ugz6i7WOyMtFh6x7fl14AaABAg.AP6ew20yoS1AP6iGNfham_,2025-11-04T18:02:56Z,So they will probably sell their Stock.,2,Ugz6i7WOyMtFh6x7fl14AaABAg,tesla
26,@peschkas everyone has the right to do with their money what they want.  I personally think Elon doesn&#39;t need a monetary incentive.  He wants a herculean tasks and be the guy that saves the world.  That&#39;s what motivates Elon.  it&#39;s not about the money.,https://www.youtube.com/watch?v=jqPVtZxxD6s&lc=Ugz6i7WOyMtFh6x7fl14AaABAg.AP6ew20yoS1AP6lqCFp_0o,2025-11-04T18:34:10Z,@peschkas everyone has the right to do with their money what they want.  I personally think Elon doesn't need a monetary incentive.  He wants a herculean tasks and be the guy that saves the world.  That's what motivates Elon.  it's not about the money.,1,Ugz6i7WOyMtFh6x7fl14AaABAg,tesla
27,@jesuisrobert808save the world with electric cars that are no longer top of the range and are far less popular? Sure 😂😂😂,https://www.youtube.com/watch?v=jqPVtZxxD6s&lc=Ugz6i7WOyMtFh6x7fl14AaABAg.AP6ew20yoS1AP6o1-Iduvd,2025-11-04T18:53:16Z,@jesuisrobert808save the world with electric cars that are no longer top of the range and are far less popular? Sure 😂😂😂,2,Ugz6i7WOyMtFh6x7fl14AaABAg,tesla
28,exactly! Blackrock owned majority of tesla,https://www.youtube.com/watch?v=jqPVtZxxD6s&lc=Ugz6i7WOyMtFh6x7fl14AaABAg.AP6ew20yoS1AP6tjJsNn_K,2025-11-04T19:43:08Z,exactly! Blackrock owned majority of tesla,1,Ugz6i7WOyMtFh6x7fl14AaABAg,tesla
29,​@jesuisrobert808Elon thinks he&#39;s the main character in an anime.,https://www.youtube.com/watch?v=jqPVtZxxD6s&lc=Ugz6i7WOyMtFh6x7fl14AaABAg.AP6ew20yoS1AP6zvPULwz3,2025-11-04T20:37:13Z,​@jesuisrobert808Elon thinks he's the main character in an anime.,4,Ugz6i7WOyMtFh6x7fl14AaABAg,tesla
30,​@jesuisrobert808it&#39;s not. It&#39;s about equity..he has 14% and wants 25% but that&#39;s hundreds of billion dollars <br><br>How do you do that? So you grow the stock from a trillion to 8 and in return he gets a trillion,https://www.youtube.com/watch?v=jqPVtZxxD6s&lc=Ugz6i7WOyMtFh6x7fl14AaABAg.AP6ew20yoS1AP76g9o_Z2U,2025-11-04T21:45:02Z,"​@jesuisrobert808it's not. It's about equity..he has 14% and wants 25% but that's hundreds of billion dollars 

How do you do that? So you grow the stock from a trillion to 8 and in return he gets a trillion",0,Ugz6i7WOyMtFh6x7fl14AaABAg,tesla
31,​@rossa809last year they sold the majority of all EVs globally #1 not this year it&#39;s #2,https://www.youtube.com/watch?v=jqPVtZxxD6s&lc=Ugz6i7WOyMtFh6x7fl14AaABAg.AP6ew20yoS1AP76jjR3wuH,2025-11-04T21:45:32Z,​@rossa809last year they sold the majority of all EVs globally #1 not this year it's #2,0,Ugz6i7WOyMtFh6x7fl14AaABAg,tesla
32,@peschkas<br>Nope…all holding the stock!!! 😂,https://www.youtube.com/watch?v=jqPVtZxxD6s&lc=Ugz6i7WOyMtFh6x7fl14AaABAg.AP6ew20yoS1AP85TuNm4tx,2025-11-05T06:53:44Z,"@peschkas
Nope…all holding the stock!!! 😂",0,Ugz6i7WOyMtFh6x7fl14AaABAg,tesla
33,"@TheMagicJIZZyou’re absolutely right, that was last year.",https://www.youtube.com/watch?v=jqPVtZxxD6s&lc=Ugz6i7WOyMtFh6x7fl14AaABAg.AP6ew20yoS1AP8TA4tVweK,2025-11-05T10:20:45Z,"@TheMagicJIZZyou’re absolutely right, that was last year.",0,Ugz6i7WOyMtFh6x7fl14AaABAg,tesla
34,"@TheMagicJIZZ if you want your stock diluted, than go ahead.  If you agree, you are willing to dilute your shares so he can have more stock options.  Go for it.<br><br>It&#39;s a free world, there are other investors that can vote how they feel.<br><br>You are putting a lot of trust in a CEO that you wouldn&#39;t give to other CEOs.  Does he deserve it?",https://www.youtube.com/watch?v=jqPVtZxxD6s&lc=Ugz6i7WOyMtFh6x7fl14AaABAg.AP6ew20yoS1AP8xWRMi82_,2025-11-05T14:54:40Z,"@TheMagicJIZZ if you want your stock diluted, than go ahead.  If you agree, you are willing to dilute your shares so he can have more stock options.  Go for it.

It's a free world, there are other investors that can vote how they feel.

You are putting a lot of trust in a CEO that you wouldn't give to other CEOs.  Does he deserve it?",0,Ugz6i7WOyMtFh6x7fl14AaABAg,tesla
0,"👉Grab your free seat to the 2-Day AI Mastermind: <a href=""https://link.outskill.com/ROBERTNOV2"">https://link.outskill.com/ROBERTNOV2</a><br>🔐100% Discount for the first 1000 people<br>💥Dive deep into AI and Learn Automations, Build AI Agents, Make videos &amp; images – all for free!<br>🎁  Bonuses worth $5,100+ if you join and attend",https://www.youtube.com/watch?v=4etgq4B6gmw&lc=UgxW95j1WodLz9RKr-54AaABAg,2025-11-03T21:58:22Z,"👉Grab your free seat to the 2-Day AI Mastermind: https://link.outskill.com/ROBERTNOV2
🔐100% Discount for the first 1000 people
💥Dive deep into AI and Learn Automations, Build AI Agents, Make videos & images – all for free!
🎁  Bonuses worth $5,100+ if you join and attend",0,,tesla
1,When is the cybervan coming!?,https://www.youtube.com/watch?v=4etgq4B6gmw&lc=UgweADQgZwF5UFcnYcJ4AaABAg,2025-11-06T06:36:49Z,When is the cybervan coming!?,0,,tesla
2,I would like the minivan from tesla will love it 😊,https://www.youtube.com/watch?v=4etgq4B6gmw&lc=UgxfqVMTyecEX4rKRAl4AaABAg,2025-11-05T21:47:09Z,I would like the minivan from tesla will love it 😊,1,,tesla
3,3 row suv or van and I am all in,https://www.youtube.com/watch?v=4etgq4B6gmw&lc=UgwWv8LHUQuFiOTd0XV4AaABAg,2025-11-05T21:04:58Z,3 row suv or van and I am all in,1,,tesla
4,How do you charge a cybercab?? 😮,https://www.youtube.com/watch?v=4etgq4B6gmw&lc=UgxRLv1Fb-7xPTCQewx4AaABAg,2025-11-05T10:36:16Z,How do you charge a cybercab?? 😮,1,,tesla
5,Wireless. Cab will drive over charger.,https://www.youtube.com/watch?v=4etgq4B6gmw&lc=UgxRLv1Fb-7xPTCQewx4AaABAg.AP8UwiSIb7cAP9ckO4mUho,2025-11-05T21:12:28Z,Wireless. Cab will drive over charger.,0,UgxRLv1Fb-7xPTCQewx4AaABAg,tesla
6,"​@paulmarvin4368- Well, that would be a Crash! 😂<br><br>But, it will park over a Wireless Charging Pad! 🤭",https://www.youtube.com/watch?v=4etgq4B6gmw&lc=UgxRLv1Fb-7xPTCQewx4AaABAg.AP8UwiSIb7cAPAA6-_DsQl,2025-11-06T02:12:38Z,"​@paulmarvin4368- Well, that would be a Crash! 😂

But, it will park over a Wireless Charging Pad! 🤭",0,UgxRLv1Fb-7xPTCQewx4AaABAg,tesla
7,"The Cybercab as the more affordable car isn&#39;t really viable as the market for two seater cars is not very large.  People want a small hatch back like the Chevy Bolt or the Leaf or the Yarris the market for these outside of the US is enormous and is something Tesla should have been making 5 years ago. The man in the street cannot tell the difference between the S, 3, and Y and often the X.",https://www.youtube.com/watch?v=4etgq4B6gmw&lc=Ugyr2YerfSergqMVYLJ4AaABAg,2025-11-05T05:15:23Z,"The Cybercab as the more affordable car isn't really viable as the market for two seater cars is not very large.  People want a small hatch back like the Chevy Bolt or the Leaf or the Yarris the market for these outside of the US is enormous and is something Tesla should have been making 5 years ago. The man in the street cannot tell the difference between the S, 3, and Y and often the X.",0,,tesla
8,"The Chevy Bolt, is a 2+2 Hatch, if your friends are adults!",https://www.youtube.com/watch?v=4etgq4B6gmw&lc=Ugyr2YerfSergqMVYLJ4AaABAg.AP7vDcMoPyUAPA9s4JYzKY,2025-11-06T02:10:36Z,"The Chevy Bolt, is a 2+2 Hatch, if your friends are adults!",1,Ugyr2YerfSergqMVYLJ4AaABAg,tesla
9,"we need a the suv, cheap tho",https://www.youtube.com/watch?v=4etgq4B6gmw&lc=UgwhSr0EoQxjEGVNHfh4AaABAg,2025-11-05T02:53:02Z,"we need a the suv, cheap tho",0,,tesla
10,"2 door piece of crap, A Japanese K car has 4 doors and all most options in a vehicle. Why not Wagon &amp; hatch models.&amp; A high trim like Merc/BMW level.",https://www.youtube.com/watch?v=4etgq4B6gmw&lc=Ugxo--JKmeuN7RFW3H54AaABAg,2025-11-05T00:49:16Z,"2 door piece of crap, A Japanese K car has 4 doors and all most options in a vehicle. Why not Wagon & hatch models.& A high trim like Merc/BMW level.",0,,tesla
11,Very informative video <br>Sounds like you are feeling better,https://www.youtube.com/watch?v=4etgq4B6gmw&lc=UgwNtmiyO9Sv_Xj-hKN4AaABAg,2025-11-04T21:45:18Z,"Very informative video 
Sounds like you are feeling better",0,,tesla
12,"Personally, Tesla should have made the standard model more appealing. Those who wish to get into EVs know Tesla is a good option but you still want these first time buyers to experience the Tesla feel compared to other competitions. <br>Just like many techs out there, their “old” technology is the “economical” version. Hence the premium and performance models should be more eye catching. Some examples for the MYP: 20” display with 80% more pixels for a sharper and fluid UI, automated frunk, automatic glass roof sunshade, black alcantara interior, cool ventilated rear seats, more LED interior lighting for elegance, quieter and smoother ride. For the performance all of that plus an aggressive front fascia and rear diffuser adding side skirts, very mean body lines front, side, and back. Maybe a 800v battery architecture for faster and more out put for exhilarating feeling. However a person like me can keep on dreaming. Therefore the standard models look like they are definitely standard models compared to the premium and performance 😂",https://www.youtube.com/watch?v=4etgq4B6gmw&lc=UgyXwRnO6dQtZk45OO54AaABAg,2025-11-04T18:59:37Z,"Personally, Tesla should have made the standard model more appealing. Those who wish to get into EVs know Tesla is a good option but you still want these first time buyers to experience the Tesla feel compared to other competitions. 
Just like many techs out there, their “old” technology is the “economical” version. Hence the premium and performance models should be more eye catching. Some examples for the MYP: 20” display with 80% more pixels for a sharper and fluid UI, automated frunk, automatic glass roof sunshade, black alcantara interior, cool ventilated rear seats, more LED interior lighting for elegance, quieter and smoother ride. For the performance all of that plus an aggressive front fascia and rear diffuser adding side skirts, very mean body lines front, side, and back. Maybe a 800v battery architecture for faster and more out put for exhilarating feeling. However a person like me can keep on dreaming. Therefore the standard models look like they are definitely standard models compared to the premium and performance 😂",0,,tesla
13,"Tesla has NO desire to sell affordable cars, I am now waiting on fords small EV truck. 😂",https://www.youtube.com/watch?v=4etgq4B6gmw&lc=UgyOKZFwnTdHehn3oNN4AaABAg,2025-11-04T17:01:40Z,"Tesla has NO desire to sell affordable cars, I am now waiting on fords small EV truck. 😂",0,,tesla
14,id luv a MY RWD withn450-500 miles of range or a CT with over 400 miles of range,https://www.youtube.com/watch?v=4etgq4B6gmw&lc=UgwFxCxSsZZcr5ObauR4AaABAg,2025-11-04T16:57:46Z,id luv a MY RWD withn450-500 miles of range or a CT with over 400 miles of range,0,,tesla
15,"Stop knocking the Model Y &amp; 3 Standard  vehicles!!! They&#39;re not that bad. If you don&#39;t like it, don&#39;t buy one. You know, kinda like the people that complain about not having and wanting manual transmission cars and then don&#39;t buying  them.",https://www.youtube.com/watch?v=4etgq4B6gmw&lc=Ugw-c37naeC2vmN9Ky94AaABAg,2025-11-04T16:33:39Z,"Stop knocking the Model Y & 3 Standard  vehicles!!! They're not that bad. If you don't like it, don't buy one. You know, kinda like the people that complain about not having and wanting manual transmission cars and then don't buying  them.",1,,tesla
16,He is not knocking it - he is giving his honest opinion which is he thinks it is a bad buy for the buck. That is being a good youtuber. I completely agree with him btw. The standard Y and 3 are a bad deal for the Price.,https://www.youtube.com/watch?v=4etgq4B6gmw&lc=Ugw-c37naeC2vmN9Ky94AaABAg.AP6Z2SindNFAP8r83CYFei,2025-11-05T13:58:55Z,He is not knocking it - he is giving his honest opinion which is he thinks it is a bad buy for the buck. That is being a good youtuber. I completely agree with him btw. The standard Y and 3 are a bad deal for the Price.,0,Ugw-c37naeC2vmN9Ky94AaABAg,tesla
17,"If tesla released an AWD cybercab with a steering wheel, I would swap out because I only need 2 seats.",https://www.youtube.com/watch?v=4etgq4B6gmw&lc=UgxGNOkBuBPEUiLon_R4AaABAg,2025-11-04T15:27:12Z,"If tesla released an AWD cybercab with a steering wheel, I would swap out because I only need 2 seats.",1,,tesla
18,"Yeah, not buying any swasticars to help the vaporware salesman become a trillionaire thanks.",https://www.youtube.com/watch?v=4etgq4B6gmw&lc=UgwcS6ZcS2GZ6SxNST54AaABAg,2025-11-04T14:40:15Z,"Yeah, not buying any swasticars to help the vaporware salesman become a trillionaire thanks.",0,,tesla
19,"💫📡🌿<br><a href=""https://www.youtube.com/watch?v=AVJHAxxD6cY"">https://youtu.be/AVJHAxxD6cY?si=RElTPF6i6ZXiqbhP</a>",https://www.youtube.com/watch?v=4etgq4B6gmw&lc=UgxEyruDDLlImPno4LF4AaABAg,2025-11-04T14:28:45Z,"💫📡🌿
https://youtu.be/AVJHAxxD6cY?si=RElTPF6i6ZXiqbhP",0,,tesla
20,I would have definitely bought a cybercab if it was available at the time i bought my model 3. As long as there is an awd cybercab.<br><br>I might even buy it as as a second vehicle in the future once I can afford it.,https://www.youtube.com/watch?v=4etgq4B6gmw&lc=UgzlPnHHp1ioCniVk294AaABAg,2025-11-04T14:28:08Z,"I would have definitely bought a cybercab if it was available at the time i bought my model 3. As long as there is an awd cybercab.

I might even buy it as as a second vehicle in the future once I can afford it.",1,,tesla
21,But oktober sales-60% 😮😅 and the Q is a 3 with 2 seats 💺 💺 😢,https://www.youtube.com/watch?v=4etgq4B6gmw&lc=UgwhTuORC4a24yHTpON4AaABAg,2025-11-04T08:52:36Z,But oktober sales-60% 😮😅 and the Q is a 3 with 2 seats 💺 💺 😢,1,,tesla
22,You should respond to people in the comments and engage with your audience. You’re a likable guy but that’s shady,https://www.youtube.com/watch?v=4etgq4B6gmw&lc=UgyErLXCmMqViP0ev0x4AaABAg,2025-11-04T05:12:25Z,You should respond to people in the comments and engage with your audience. You’re a likable guy but that’s shady,0,,tesla
23,Cybertruck is the GOAT vehicle.  Ghey weirdos have personal resentment and inferiority complex against it but it outperforms in every metric. I love mine sorry I can afford it you weirdos,https://www.youtube.com/watch?v=4etgq4B6gmw&lc=Ugy83gINfgzEeOsFlMB4AaABAg,2025-11-04T01:34:04Z,Cybertruck is the GOAT vehicle.  Ghey weirdos have personal resentment and inferiority complex against it but it outperforms in every metric. I love mine sorry I can afford it you weirdos,0,,tesla
24,I drove it for a week.  Drinks too much juice and it&#39;s too large for driving in an urban setting.  Also can&#39;t tow distance and the charge stations are not pull throughs.,https://www.youtube.com/watch?v=4etgq4B6gmw&lc=Ugy83gINfgzEeOsFlMB4AaABAg.AP4x5f3RKhLAP6DiGkk9Y4,2025-11-04T13:27:15Z,I drove it for a week.  Drinks too much juice and it's too large for driving in an urban setting.  Also can't tow distance and the charge stations are not pull throughs.,0,Ugy83gINfgzEeOsFlMB4AaABAg,tesla
25,The &quot;affordable&quot; Tesla is going the way of the Roadster. Maybe in the next ten years. Until then they&#39;ll just create ten more Model Y &quot;trims.&quot; 🤣🤣,https://www.youtube.com/watch?v=4etgq4B6gmw&lc=Ugz4ucFZyUlhiEb3mJp4AaABAg,2025-11-04T01:24:43Z,"The ""affordable"" Tesla is going the way of the Roadster. Maybe in the next ten years. Until then they'll just create ten more Model Y ""trims."" 🤣🤣",5,,tesla
26,Any new redesign model X in 2026?,https://www.youtube.com/watch?v=4etgq4B6gmw&lc=Ugw18CEaTjdP-jQgdo94AaABAg,2025-11-04T00:17:39Z,Any new redesign model X in 2026?,0,,tesla
27,"Seems to me China may be the test market.  The Chinese consumer is so accustomed to crap, they can work out the kinks and still be the best on the road.",https://www.youtube.com/watch?v=4etgq4B6gmw&lc=UgwOg94u9_EKeSfBSrd4AaABAg,2025-11-03T23:26:18Z,"Seems to me China may be the test market.  The Chinese consumer is so accustomed to crap, they can work out the kinks and still be the best on the road.",0,,tesla
28,Families need a Toyota sienna style mini van,https://www.youtube.com/watch?v=4etgq4B6gmw&lc=UgzcvaeaTPnOVUgNDWV4AaABAg,2025-11-03T23:04:06Z,Families need a Toyota sienna style mini van,1,,tesla
29,TESLA DOES IT AGAIN ANOTHER IPHONE LIKE PRODUCT .... LIES BS FRAUD,https://www.youtube.com/watch?v=4etgq4B6gmw&lc=UgzRdQFG7lxv3VQHSQd4AaABAg,2025-11-03T22:57:16Z,TESLA DOES IT AGAIN ANOTHER IPHONE LIKE PRODUCT .... LIES BS FRAUD,0,,tesla
30,"Model 2 rumors again lol, we will see if it ever gets built.",https://www.youtube.com/watch?v=4etgq4B6gmw&lc=UgxSN1coXV8Lawtf8bV4AaABAg,2025-11-03T22:39:54Z,"Model 2 rumors again lol, we will see if it ever gets built.",0,,tesla
31,25k only,https://www.youtube.com/watch?v=4etgq4B6gmw&lc=Ugzs1n-oICjeNvNw4g54AaABAg,2025-11-03T22:31:06Z,25k only,0,,tesla
32,"Don’t underestimate the cost of distraction in an organization. Would the resources to design, develop, source, test, certify, manufacture and sell a two seater drivable cybercab be that much greater than the profits? My guess is no. <br><br>Tesla should keep resources prioritized on autonomy and lobbying in different states for faster approvals for autonomy.",https://www.youtube.com/watch?v=4etgq4B6gmw&lc=Ugy-DFhKvhjC1rSazRp4AaABAg,2025-11-03T21:41:02Z,"Don’t underestimate the cost of distraction in an organization. Would the resources to design, develop, source, test, certify, manufacture and sell a two seater drivable cybercab be that much greater than the profits? My guess is no. 

Tesla should keep resources prioritized on autonomy and lobbying in different states for faster approvals for autonomy.",6,,tesla
33,"I guessing  Model Yl and Model Y + will be the 2 models, the other 2? Hmm Cybercab and Perhaps Roadster?",https://www.youtube.com/watch?v=4etgq4B6gmw&lc=UgysUk_GkwhTjDbnTt14AaABAg,2025-11-03T21:21:01Z,"I guessing  Model Yl and Model Y + will be the 2 models, the other 2? Hmm Cybercab and Perhaps Roadster?",1,,tesla
34,"They’ll probably just take a few parts from the old model, slap them together, and call it a “new model.” The real problem with Tesla is they’ve completely stopped caring about real design upgrades—it’s the same old thing over and over again.",https://www.youtube.com/watch?v=4etgq4B6gmw&lc=UgwL72Zn_KA4bKMgCat4AaABAg,2025-11-03T21:15:14Z,"They’ll probably just take a few parts from the old model, slap them together, and call it a “new model.” The real problem with Tesla is they’ve completely stopped caring about real design upgrades—it’s the same old thing over and over again.",2,,tesla
35,I&#39;d rather Tesla take proven and refined designs like what Porsche and Toyota do than have it be redesigned and unreliable every 3-4 years.,https://www.youtube.com/watch?v=4etgq4B6gmw&lc=UgwL72Zn_KA4bKMgCat4AaABAg.AP4UTuJQXXhAP5BWIwgKvv,2025-11-04T03:48:46Z,I'd rather Tesla take proven and refined designs like what Porsche and Toyota do than have it be redesigned and unreliable every 3-4 years.,1,UgwL72Zn_KA4bKMgCat4AaABAg,tesla
36,"For Tesla to add a steering wheel and pedals to the cybercab, it would be absolutely simple…they have already made drive by wire a thing with the cybertruck.  The technology is rather cheap to implement.",https://www.youtube.com/watch?v=4etgq4B6gmw&lc=UgxVyFYG6G0LZwvHrFZ4AaABAg,2025-11-03T21:12:50Z,"For Tesla to add a steering wheel and pedals to the cybercab, it would be absolutely simple…they have already made drive by wire a thing with the cybertruck.  The technology is rather cheap to implement.",1,,tesla
37,"that’s not the purpose of the cybercab, genius.  🤦🏾‍♂️",https://www.youtube.com/watch?v=4etgq4B6gmw&lc=UgxVyFYG6G0LZwvHrFZ4AaABAg.AP4UCQUp32qAP4Vu18FuEV,2025-11-03T21:27:40Z,"that’s not the purpose of the cybercab, genius.  🤦🏾‍♂️",0,UgxVyFYG6G0LZwvHrFZ4AaABAg,tesla
38,@Straight_Facts1Maybe.  We can only see how Tesla deals with Trump’s stupid tariffs.  Tesla has to pivot in order to minimize the damage.,https://www.youtube.com/watch?v=4etgq4B6gmw&lc=UgxVyFYG6G0LZwvHrFZ4AaABAg.AP4UCQUp32qAP4WsqboXYI,2025-11-03T21:36:14Z,@Straight_Facts1Maybe.  We can only see how Tesla deals with Trump’s stupid tariffs.  Tesla has to pivot in order to minimize the damage.,0,UgxVyFYG6G0LZwvHrFZ4AaABAg,tesla
39,I just wanted the old standard model Y Rwd (Europe) that has been removed in exchange of that shit. That car has no place either in US nor EU. In Spain there are not orders on the standard version.,https://www.youtube.com/watch?v=4etgq4B6gmw&lc=UgxHghIqpCvPuEk_7kx4AaABAg,2025-11-03T21:09:42Z,I just wanted the old standard model Y Rwd (Europe) that has been removed in exchange of that shit. That car has no place either in US nor EU. In Spain there are not orders on the standard version.,1,,tesla
40,"The 2 seater would do well in the compact market. Volvo has the ex90 Ev under $ 39,000 and it does not have any of the cool stuff Tesla has. So scrap the model 3/y standard, load up cyber cab and boom profit margins achieved.",https://www.youtube.com/watch?v=4etgq4B6gmw&lc=UgxHghIqpCvPuEk_7kx4AaABAg.AP4TqOApt6VAP4d01R2g3a,2025-11-03T22:38:32Z,"The 2 seater would do well in the compact market. Volvo has the ex90 Ev under $ 39,000 and it does not have any of the cool stuff Tesla has. So scrap the model 3/y standard, load up cyber cab and boom profit margins achieved.",0,UgxHghIqpCvPuEk_7kx4AaABAg,tesla
0,ELON&#39;S STATEMENT WAS SO PURE AND PROFOUND.,https://www.youtube.com/watch?v=xfUAf7V_ACk&lc=Ugx1Nr5GH6Y4ET0ZWMF4AaABAg,2025-11-06T06:33:19Z,ELON'S STATEMENT WAS SO PURE AND PROFOUND.,0,,tesla
1,Elon didn&#39;t follow half of what Charlie said. Look at how his &quot;family&quot; came about.,https://www.youtube.com/watch?v=xfUAf7V_ACk&lc=Ugx_5ryg6SEZVdFCOrF4AaABAg,2025-10-30T19:50:54Z,"Elon didn't follow half of what Charlie said. Look at how his ""family"" came about.",1,,tesla
2,Omar is Muslim.  What would you expect!,https://www.youtube.com/watch?v=xfUAf7V_ACk&lc=UgxE9f8me04cZKYF3aR4AaABAg,2025-10-27T22:13:21Z,Omar is Muslim.  What would you expect!,0,,tesla
3,"Charlie Kirk didn&#39;t get shot, <br>his squib pack just popped, <br>and his ring changed fingers.<br>33weeks and 3 days after Trump&#39;s inauguration.<br>He&#39;s chillin&#39; in Valhalla on Goat&#39;s Head Island in New Zealand.<br>Joe Rogan was with Charlie Sheen when he heard the news, who is also an actor who used squib packs in amateur films. <br>Co-Incidence, just means double incidence. <br>But when it happens more than twice, <br>it&#39;s no longer a coincidence.<br>This is all a horrible, <br>z grade movie.",https://www.youtube.com/watch?v=xfUAf7V_ACk&lc=Ugz37TfkqwZg51nKYfR4AaABAg,2025-10-25T01:36:15Z,"Charlie Kirk didn't get shot, 
his squib pack just popped, 
and his ring changed fingers.
33weeks and 3 days after Trump's inauguration.
He's chillin' in Valhalla on Goat's Head Island in New Zealand.
Joe Rogan was with Charlie Sheen when he heard the news, who is also an actor who used squib packs in amateur films. 
Co-Incidence, just means double incidence. 
But when it happens more than twice, 
it's no longer a coincidence.
This is all a horrible, 
z grade movie.",0,,tesla
4,"I am hopeful that Charlie&#39;s life and example has inspired and will continue to inspire Elon toward the Light of the world, Jesus Christ.",https://www.youtube.com/watch?v=xfUAf7V_ACk&lc=UgzAxprqd1mEDS36waV4AaABAg,2025-10-23T04:42:43Z,"I am hopeful that Charlie's life and example has inspired and will continue to inspire Elon toward the Light of the world, Jesus Christ.",0,,tesla
5,"Thank you Rita, for honoring CK. Media was despicable to assault Elon at so vulnerable &amp; personal a moment.",https://www.youtube.com/watch?v=xfUAf7V_ACk&lc=UgzZpNH3OmrJMFNhkE54AaABAg,2025-10-22T17:18:09Z,"Thank you Rita, for honoring CK. Media was despicable to assault Elon at so vulnerable & personal a moment.",0,,tesla
6,Can someone send me a MAGA hat please!,https://www.youtube.com/watch?v=xfUAf7V_ACk&lc=UgxrELew7UxrrdJG9N14AaABAg,2025-10-22T15:28:27Z,Can someone send me a MAGA hat please!,0,,tesla
7,Charlie...<br>Issues Islam!<br>Set Up Some One Groups <br>Ask AI ...<br>Ask Elon Answer Everything!,https://www.youtube.com/watch?v=xfUAf7V_ACk&lc=UgxuR8BdJsgeW6-sOSl4AaABAg,2025-10-08T00:21:46Z,"Charlie...
Issues Islam!
Set Up Some One Groups 
Ask AI ...
Ask Elon Answer Everything!",0,,tesla
8,Elon ...<br>&#39;Kill ProLifers&#39;<br>Problematic!<br>History America <br>Penal Colony Closed Australia Opened...,https://www.youtube.com/watch?v=xfUAf7V_ACk&lc=Ugx_AL6y7izoRpVStgd4AaABAg,2025-10-08T00:15:19Z,"Elon ...
'Kill ProLifers'
Problematic!
History America 
Penal Colony Closed Australia Opened...",0,,tesla
9,Blessed are the peacemakers,https://www.youtube.com/watch?v=xfUAf7V_ACk&lc=UgysfsbdtT4InUuFDsd4AaABAg,2025-10-05T16:28:40Z,Blessed are the peacemakers,0,,tesla
10,When will the FBI seriously investigate the death of Charlie Kirk?,https://www.youtube.com/watch?v=xfUAf7V_ACk&lc=UgyoupO9wgQtP4iNoIx4AaABAg,2025-10-02T23:40:58Z,When will the FBI seriously investigate the death of Charlie Kirk?,0,,tesla
11,Maybe Elon is a believer now.. One can hope 🤞 ..,https://www.youtube.com/watch?v=xfUAf7V_ACk&lc=UgyUDznTLYRC1PeQkFp4AaABAg,2025-10-02T23:37:30Z,Maybe Elon is a believer now.. One can hope 🤞 ..,0,,tesla
12,"Elon, I lived what you said.   Beautiful .",https://www.youtube.com/watch?v=xfUAf7V_ACk&lc=Ugzo0CZ0J9wdRQhemc94AaABAg,2025-10-01T05:42:26Z,"Elon, I lived what you said.   Beautiful .",0,,tesla
13,Charlie Kirk told the truth and millions of millions of people loved him because he spoke about Jesus Christ and the Truth ❤❤❤❤,https://www.youtube.com/watch?v=xfUAf7V_ACk&lc=UgwEihNeR8YXL6gdil94AaABAg,2025-09-30T20:10:12Z,Charlie Kirk told the truth and millions of millions of people loved him because he spoke about Jesus Christ and the Truth ❤❤❤❤,0,,tesla
14,❤❤❤🙏🙏🙏🙏😭😭😭,https://www.youtube.com/watch?v=xfUAf7V_ACk&lc=Ugz_sDvN7UI8XgFwGl94AaABAg,2025-09-30T15:28:35Z,❤❤❤🙏🙏🙏🙏😭😭😭,0,,tesla
15,"Living in the UK, I have to be very careful what I post. Suffice to say RIP Charlie Kirk. I never met him but it feels like i lost a friend. Rita&#39;s commentary is brilliant as always.",https://www.youtube.com/watch?v=xfUAf7V_ACk&lc=Ugxe10HZ7HdG5pYctTN4AaABAg,2025-09-30T10:18:43Z,"Living in the UK, I have to be very careful what I post. Suffice to say RIP Charlie Kirk. I never met him but it feels like i lost a friend. Rita's commentary is brilliant as always.",0,,tesla
16,CK was trying to solve a few problems... a man of ideas and wanting to open people&#39;s minds to more critical thinking ...,https://www.youtube.com/watch?v=xfUAf7V_ACk&lc=UgwKUSM62f8ZNUX2WNB4AaABAg,2025-09-30T09:21:06Z,CK was trying to solve a few problems... a man of ideas and wanting to open people's minds to more critical thinking ...,0,,tesla
17,Elon❤,https://www.youtube.com/watch?v=xfUAf7V_ACk&lc=UgwqR9HKn6gs45g6nTR4AaABAg,2025-09-29T13:23:18Z,Elon❤,0,,tesla
18,"I dont even think the FAR RIGHT&quot; Is even a thing. Its common sense vs. Ridiculousness, and  good vs. Evil",https://www.youtube.com/watch?v=xfUAf7V_ACk&lc=UgxQrZMVqCHtmwwCEBt4AaABAg,2025-09-29T03:33:34Z,"I dont even think the FAR RIGHT"" Is even a thing. Its common sense vs. Ridiculousness, and  good vs. Evil",0,,tesla
19,❤❤❤❤❤❤❤,https://www.youtube.com/watch?v=xfUAf7V_ACk&lc=UgzrPLEI2yEAVPlWH154AaABAg,2025-09-29T02:46:02Z,❤❤❤❤❤❤❤,0,,tesla
20,se-11 republic politic joe hide looks like the lindt siege cafe gunman he wouldnt be a commentary if that was true beach trolleys at international plane stations are disturbing the peace and make drivers sitting in parked cars restless nervous &amp; confused co v id v=verse nigerian feral li susan lazy LE repub-lic correction commentary loitering longer evidently not working,https://www.youtube.com/watch?v=xfUAf7V_ACk&lc=UgxcSFpmjSLy7Y7j_xp4AaABAg,2025-09-28T22:28:33Z,se-11 republic politic joe hide looks like the lindt siege cafe gunman he wouldnt be a commentary if that was true beach trolleys at international plane stations are disturbing the peace and make drivers sitting in parked cars restless nervous & confused co v id v=verse nigerian feral li susan lazy LE repub-lic correction commentary loitering longer evidently not working,0,,tesla
21,Godlessness is the reason for all of this.,https://www.youtube.com/watch?v=xfUAf7V_ACk&lc=Ugw9mi2_fVtvy9390Zh4AaABAg,2025-09-28T21:48:24Z,Godlessness is the reason for all of this.,1,,tesla
22,Thank you Elon Musk for sharing  <br>a sharing  a memory with love<br>and  passion.,https://www.youtube.com/watch?v=xfUAf7V_ACk&lc=UgyQnGlpNrsJoeNt1Zt4AaABAg,2025-09-28T08:08:23Z,"Thank you Elon Musk for sharing  
a sharing  a memory with love
and  passion.",0,,tesla
23,"The left has devolved into a subhuman tribel cult with a blood lust and thirst for violence The depravity is beyond disturbing. I no longer see them as equal human beings, or Americans. They have reduced themselves to a subculture of destruction and death. I want no part of it. They/them are beyond recognizable. WE ARE CHARLIE",https://www.youtube.com/watch?v=xfUAf7V_ACk&lc=UgyrP0naITwy3bku6jJ4AaABAg,2025-09-28T01:59:09Z,"The left has devolved into a subhuman tribel cult with a blood lust and thirst for violence The depravity is beyond disturbing. I no longer see them as equal human beings, or Americans. They have reduced themselves to a subculture of destruction and death. I want no part of it. They/them are beyond recognizable. WE ARE CHARLIE",1,,tesla
24,Rita.  The left can&#39;t be held to their standards because they have no standards.  Logic does not apply in their world.,https://www.youtube.com/watch?v=xfUAf7V_ACk&lc=UgzzsmfguZeiT7xqHDt4AaABAg,2025-09-27T23:47:12Z,Rita.  The left can't be held to their standards because they have no standards.  Logic does not apply in their world.,0,,tesla
25,"Thank you, Elon. Thank you all who fights the darkness.",https://www.youtube.com/watch?v=xfUAf7V_ACk&lc=UgxiA52IqwUrTQ0RO4B4AaABAg,2025-09-27T23:29:30Z,"Thank you, Elon. Thank you all who fights the darkness.",0,,tesla
26,According to most media he was a Hitler. No respect for the dead at all!!,https://www.youtube.com/watch?v=xfUAf7V_ACk&lc=UgxTFXdJETdfg6r9MUh4AaABAg,2025-09-27T22:39:44Z,According to most media he was a Hitler. No respect for the dead at all!!,0,,tesla
27,"Reporter: “Why was he killed?”<br>Elon Musk: “He was killed because his words made a difference, because he  was showing people the light. And he was killed by the dark.”",https://www.youtube.com/watch?v=xfUAf7V_ACk&lc=Ugy7xEYVhlNdrVTvRxt4AaABAg,2025-09-27T21:57:58Z,"Reporter: “Why was he killed?”
Elon Musk: “He was killed because his words made a difference, because he  was showing people the light. And he was killed by the dark.”",1,,tesla
28,"Reporter: “Did you know him personally?”<br>Elon Musk: “Yes, of course.”",https://www.youtube.com/watch?v=xfUAf7V_ACk&lc=UgxqEYDhnYSVfnYJ10h4AaABAg,2025-09-27T21:52:04Z,"Reporter: “Did you know him personally?”
Elon Musk: “Yes, of course.”",1,,tesla
29,"Elon, is, know you see, a right wing nazi. Like he’s ancestry.",https://www.youtube.com/watch?v=xfUAf7V_ACk&lc=Ugz4I4Zet3ImAc1Ppvp4AaABAg,2025-09-27T20:02:15Z,"Elon, is, know you see, a right wing nazi. Like he’s ancestry.",0,,tesla
30,You are clueless.,https://www.youtube.com/watch?v=xfUAf7V_ACk&lc=Ugz4I4Zet3ImAc1Ppvp4AaABAg.ANa4i2qhGgLAOa9PYP2w9l,2025-10-22T17:14:40Z,You are clueless.,0,Ugz4I4Zet3ImAc1Ppvp4AaABAg,tesla
31,Violence is easy - having a reasonable discussion to solve a disagreement  is harder and takes intelligence and common sense,https://www.youtube.com/watch?v=xfUAf7V_ACk&lc=UgzrSyb7Qw25YqGoltd4AaABAg,2025-09-27T15:54:47Z,Violence is easy - having a reasonable discussion to solve a disagreement  is harder and takes intelligence and common sense,0,,tesla
32,"They tried to bury Charlie, but he was just a seed.  I love that Elon recognized that Charlie had the light, and he was killed by the dark.  He had to cut it off right there.  Inwardly, he was processing his own words.",https://www.youtube.com/watch?v=xfUAf7V_ACk&lc=UgxLsad4uxH2M2BwMsh4AaABAg,2025-09-27T13:39:51Z,"They tried to bury Charlie, but he was just a seed.  I love that Elon recognized that Charlie had the light, and he was killed by the dark.  He had to cut it off right there.  Inwardly, he was processing his own words.",1,,tesla
33,Elon Musk was getting emotional 😢 Elon i pray god touches your heart and brings you closer to him. The people who treated you awful because you worked with Trump should have been like that towards you. No one  should be treated the way most peoole are these days for having their own opinions on things.,https://www.youtube.com/watch?v=xfUAf7V_ACk&lc=UgzA0QlJrPuwid3swGl4AaABAg,2025-09-27T12:18:56Z,Elon Musk was getting emotional 😢 Elon i pray god touches your heart and brings you closer to him. The people who treated you awful because you worked with Trump should have been like that towards you. No one  should be treated the way most peoole are these days for having their own opinions on things.,1,,tesla
34,I don&#39;t think anyone has heard of Charlie Kirk before While Jimmy Kimmel has been around for decades. His program was cut for no reason. The 2 have nothing to do with each other ..so why compare the two. Sky news loves to sensationalise and criticise everything to great extremes.,https://www.youtube.com/watch?v=xfUAf7V_ACk&lc=Ugztc1GKxF2Lt9QNa6F4AaABAg,2025-09-27T11:19:13Z,I don't think anyone has heard of Charlie Kirk before While Jimmy Kimmel has been around for decades. His program was cut for no reason. The 2 have nothing to do with each other ..so why compare the two. Sky news loves to sensationalise and criticise everything to great extremes.,0,,tesla
35,U R wrong. CK has been widely known at univ &amp; political levels since he began TPUSA @ age 18. Its very flaggable timing - all 3 talk hosts tagged. I say CK end was a HRC/Schulosi/Lawsuit redirect. Who gets an overtime evid cover up monument? Bad buzzer.,https://www.youtube.com/watch?v=xfUAf7V_ACk&lc=Ugztc1GKxF2Lt9QNa6F4AaABAg.AN_8r8MtEQxAOaAJcP5qiu,2025-10-22T17:22:36Z,U R wrong. CK has been widely known at univ & political levels since he began TPUSA @ age 18. Its very flaggable timing - all 3 talk hosts tagged. I say CK end was a HRC/Schulosi/Lawsuit redirect. Who gets an overtime evid cover up monument? Bad buzzer.,0,Ugztc1GKxF2Lt9QNa6F4AaABAg,tesla
36,Katelyn Collin is one of the most f**lish journalist I&#39;ve ever seen.,https://www.youtube.com/watch?v=xfUAf7V_ACk&lc=Ugz3yrlcaWvzRX1KcbF4AaABAg,2025-09-27T08:36:17Z,Katelyn Collin is one of the most f**lish journalist I've ever seen.,0,,tesla
37,CORRECT ALL LAW&#39;S AND CORRECT ALL RELIGION TO SHOW RESPECT TO INNOCENT CHILDREN,https://www.youtube.com/watch?v=xfUAf7V_ACk&lc=UgwYr4THRYM18mnTPvR4AaABAg,2025-09-27T08:13:12Z,CORRECT ALL LAW'S AND CORRECT ALL RELIGION TO SHOW RESPECT TO INNOCENT CHILDREN,0,,tesla
38,THE GOD&#39;S OF OLD AND THE GOD&#39;S OF THE FUTURE ALL AGREE EVIL CAN BE USED TO CREATE GOOD LAW&#39;S AND GOOD ORDERS AND ALLAH AND JESUS AGREE TO PROTECT GOOD LAW&#39;S AND PROTECT ALL CHILDREN&#39;S FUCKING FUTURE&#39;S,https://www.youtube.com/watch?v=xfUAf7V_ACk&lc=Ugw7jX0umh9HJAVFS4t4AaABAg,2025-09-27T08:09:53Z,THE GOD'S OF OLD AND THE GOD'S OF THE FUTURE ALL AGREE EVIL CAN BE USED TO CREATE GOOD LAW'S AND GOOD ORDERS AND ALLAH AND JESUS AGREE TO PROTECT GOOD LAW'S AND PROTECT ALL CHILDREN'S FUCKING FUTURE'S,0,,tesla
39,EVEN MUSLIMS WOULD LOVE  PEACEFUL PEOPLE IT&#39;S THE DEVIL&#39;S WHO RULE INNOCENT CHILDREN SO PROTECT ALL CHILDREN NO MATTER WHAT RELIGION WORLD WIDE OR YOUR CHILDREN WILL BE KILLED TILL THE END OF TIME BY DEVIL&#39;S GET REAL LAW&#39;S IN YOUR OWN COUNTRIES OR FACE HELL FOREVER AND EVER GIVE HELP TO THE POOR EVEN IF THEY REFUSE IT❤ REMEMBER THAT THE DEVIL&#39;S DON&#39;T CARE FOR GOOD HEARTED PEOPLE,https://www.youtube.com/watch?v=xfUAf7V_ACk&lc=Ugz2WBnGQvrbZjuFRz54AaABAg,2025-09-27T08:01:36Z,EVEN MUSLIMS WOULD LOVE  PEACEFUL PEOPLE IT'S THE DEVIL'S WHO RULE INNOCENT CHILDREN SO PROTECT ALL CHILDREN NO MATTER WHAT RELIGION WORLD WIDE OR YOUR CHILDREN WILL BE KILLED TILL THE END OF TIME BY DEVIL'S GET REAL LAW'S IN YOUR OWN COUNTRIES OR FACE HELL FOREVER AND EVER GIVE HELP TO THE POOR EVEN IF THEY REFUSE IT❤ REMEMBER THAT THE DEVIL'S DON'T CARE FOR GOOD HEARTED PEOPLE,0,,tesla
40,Thanks for having Ami on the show.  He&#39;s the best!,https://www.youtube.com/watch?v=xfUAf7V_ACk&lc=Ugwqks8Xp82GPnrsnVR4AaABAg,2025-09-27T07:34:41Z,Thanks for having Ami on the show.  He's the best!,0,,tesla
41,Also emma stewart has a boyfriend who served a little bit of a prison  sentence for a four million pounds of cocaine this is her third boyfriend brought a child into the world high in cocaine richard a convicted cocaine dealer her neighbour at number fourty eight  north Hannover way ayr scotand i am a respectable lady that had to escape after a very bad devorce,https://www.youtube.com/watch?v=xfUAf7V_ACk&lc=Ugw8UTRb3czqqkxNn_R4AaABAg,2025-09-27T07:13:58Z,Also emma stewart has a boyfriend who served a little bit of a prison  sentence for a four million pounds of cocaine this is her third boyfriend brought a child into the world high in cocaine richard a convicted cocaine dealer her neighbour at number fourty eight  north Hannover way ayr scotand i am a respectable lady that had to escape after a very bad devorce,0,,tesla
42,I get death threats everyday people where i stay starting with emma stewart firt noth hannover way ayr west Scotland she said we were spinning a coin to see  if  you were dead yet richard asked if he  could burn my clothes yet has a substance to have me   bumped off electronically tracked electronically tracking me Emma and richard since two thousand ans nineteen inflicted injuries to me kirsty fife Britannia place Ayr Scotland inflicted injury on me  using her son as a ritual asking him pretend to fall down. Would look up at my window saying she doesn&#39;t no what&#39;s round the corner for her i landed in trauma care seceral years ago with a fractured hip she continues to do rituals on me helen scott eight cuthbert garden ayr my neighbour compromised my bank account emma has assets of mine given to her by people from lindon i am living a life of hell enterung my hoe when u an out cut up mu cream coat stolen many items from my home the list us endless,https://www.youtube.com/watch?v=xfUAf7V_ACk&lc=UgzvtMRPzmXqX1ty5PB4AaABAg,2025-09-27T07:03:21Z,I get death threats everyday people where i stay starting with emma stewart firt noth hannover way ayr west Scotland she said we were spinning a coin to see  if  you were dead yet richard asked if he  could burn my clothes yet has a substance to have me   bumped off electronically tracked electronically tracking me Emma and richard since two thousand ans nineteen inflicted injuries to me kirsty fife Britannia place Ayr Scotland inflicted injury on me  using her son as a ritual asking him pretend to fall down. Would look up at my window saying she doesn't no what's round the corner for her i landed in trauma care seceral years ago with a fractured hip she continues to do rituals on me helen scott eight cuthbert garden ayr my neighbour compromised my bank account emma has assets of mine given to her by people from lindon i am living a life of hell enterung my hoe when u an out cut up mu cream coat stolen many items from my home the list us endless,0,,tesla
43,Wow really strong words,https://www.youtube.com/watch?v=xfUAf7V_ACk&lc=UgwChUG41M2QbGaKC114AaABAg,2025-09-27T05:26:42Z,Wow really strong words,0,,tesla
44,You can&#39;t say something nice without bashing the left before you&#39;re done. Before trump Democrats and Republicans didn&#39;t hate each other. He&#39;s the great divider and so hateful I wish it was him instead of Kirk although I won&#39;t miss CK and his misogynistic views on women.,https://www.youtube.com/watch?v=xfUAf7V_ACk&lc=UgzpU3t8BaKOguXJyAt4AaABAg,2025-09-27T02:34:08Z,You can't say something nice without bashing the left before you're done. Before trump Democrats and Republicans didn't hate each other. He's the great divider and so hateful I wish it was him instead of Kirk although I won't miss CK and his misogynistic views on women.,0,,tesla
45,Bagpipes need to not exist. Jesus Christ,https://www.youtube.com/watch?v=xfUAf7V_ACk&lc=UgyH7hF-WLJOUvTwAI14AaABAg,2025-09-27T01:49:15Z,Bagpipes need to not exist. Jesus Christ,0,,tesla
46,"The GREAT think about Kimmel&#39;s partial suspension is that despite never apologizing, he AT THE LOWEST EXTENT POSSIBLE admitted his outright lie was untrue by gushing, &quot;I never meant to say...&quot; So after CLEARLY STATING that Xharlie was taken by his own (an absolute salt block in the mourning wound) Kimmel admitted, I didn&#39;t MEAN it. That&#39;s another lie, but clears up the FACT that the first lie was an egregiously false accusation he EXPECTED to skate by with. That&#39;s called &quot;poking a sleeping dog or bear&quot;. The anti-WOKE are awake.",https://www.youtube.com/watch?v=xfUAf7V_ACk&lc=Ugzl7W1-rSN_P2RTTfd4AaABAg,2025-09-27T01:17:48Z,"The GREAT think about Kimmel's partial suspension is that despite never apologizing, he AT THE LOWEST EXTENT POSSIBLE admitted his outright lie was untrue by gushing, ""I never meant to say..."" So after CLEARLY STATING that Xharlie was taken by his own (an absolute salt block in the mourning wound) Kimmel admitted, I didn't MEAN it. That's another lie, but clears up the FACT that the first lie was an egregiously false accusation he EXPECTED to skate by with. That's called ""poking a sleeping dog or bear"". The anti-WOKE are awake.",0,,tesla
47,&quot; His words made a difference&quot;... indeed they did and still do as do the words of Elon... thank you!,https://www.youtube.com/watch?v=xfUAf7V_ACk&lc=UgzUzaJ03NDecjB0lvp4AaABAg,2025-09-26T23:25:39Z,""" His words made a difference""... indeed they did and still do as do the words of Elon... thank you!",0,,tesla
48,"❤ God Bless our nation&#39;s , may we find truth and peace. Stop the hate❤ RIP Charlie Kirk ❤",https://www.youtube.com/watch?v=xfUAf7V_ACk&lc=UgwDcY_PehXg1dX_QSF4AaABAg,2025-09-26T21:40:53Z,"❤ God Bless our nation's , may we find truth and peace. Stop the hate❤ RIP Charlie Kirk ❤",0,,tesla
49,Charlie Kirk. Salt and Light...,https://www.youtube.com/watch?v=xfUAf7V_ACk&lc=Ugy8nRtQuLyQkLGtro94AaABAg,2025-09-26T20:44:37Z,Charlie Kirk. Salt and Light...,0,,tesla
0,The violence is on the right. Please tell the truth. Stop blaming the left,https://www.youtube.com/watch?v=XswZxrzyWI0&lc=UgwbHJYneIQyXsX3uYB4AaABAg,2025-10-31T07:34:50Z,The violence is on the right. Please tell the truth. Stop blaming the left,0,,tesla
1,God Bless you on for the grest encouragement! ❤,https://www.youtube.com/watch?v=XswZxrzyWI0&lc=UgzbvFlHdG5Wa_8_6Rp4AaABAg,2025-09-27T17:38:14Z,God Bless you on for the grest encouragement! ❤,0,,tesla
2,Look at all the good people fighting so amazing ❤,https://www.youtube.com/watch?v=XswZxrzyWI0&lc=UgwDKD_GxAcTLELgOoZ4AaABAg,2025-09-27T17:32:50Z,Look at all the good people fighting so amazing ❤,0,,tesla
3,We will win this! ❤ Love to our world!,https://www.youtube.com/watch?v=XswZxrzyWI0&lc=Ugxucvpmtf4ohgIpWh54AaABAg,2025-09-27T17:29:47Z,We will win this! ❤ Love to our world!,0,,tesla
4,But we have crouds fighting for our world! Amen ❤,https://www.youtube.com/watch?v=XswZxrzyWI0&lc=Ugx4O__u_w9ZQUsMpll4AaABAg,2025-09-27T17:26:40Z,But we have crouds fighting for our world! Amen ❤,0,,tesla
5,"Elon no worries they are a hired croud! So sad,",https://www.youtube.com/watch?v=XswZxrzyWI0&lc=Ugx1pbSLR3vd7v9vRkh4AaABAg,2025-09-27T17:25:01Z,"Elon no worries they are a hired croud! So sad,",0,,tesla
6,That&#39;s what happened to Charlie he said it was good for people to be killed in order to save our 2nd amendment rights.,https://www.youtube.com/watch?v=XswZxrzyWI0&lc=UgykGeYY8GDa7ARMgbB4AaABAg,2025-09-25T20:48:01Z,That's what happened to Charlie he said it was good for people to be killed in order to save our 2nd amendment rights.,0,,tesla
7,"Elon, you are such an idiot. The right are the ones doing all the killing. You&#39;ve got to be the richesdumb ass in the world.",https://www.youtube.com/watch?v=XswZxrzyWI0&lc=Ugz4uak4H0hACg3L-Sx4AaABAg,2025-09-25T20:46:33Z,"Elon, you are such an idiot. The right are the ones doing all the killing. You've got to be the richesdumb ass in the world.",0,,tesla
8,"Tesla is the Vehicle of Murder<br><br>Tesla driver, two kids burned alive after rescuers couldn&#39;t open electronic doors<br>A horrific accident in Germany has reignited concerns over Tesla’s electronic door handles.<br>A 43-year-old man and two 9-year-old children were burned alive after their Tesla crashed into a tree on Sept. 7 and burst into flames. Rescuers and bystanders desperately tried to pull them out but couldn’t open the vehicle’s electronic doors, which became inoperable after the crash.",https://www.youtube.com/watch?v=XswZxrzyWI0&lc=UgwQKLEqOwX2QjgYdY14AaABAg,2025-09-24T00:03:08Z,"Tesla is the Vehicle of Murder

Tesla driver, two kids burned alive after rescuers couldn't open electronic doors
A horrific accident in Germany has reignited concerns over Tesla’s electronic door handles.
A 43-year-old man and two 9-year-old children were burned alive after their Tesla crashed into a tree on Sept. 7 and burst into flames. Rescuers and bystanders desperately tried to pull them out but couldn’t open the vehicle’s electronic doors, which became inoperable after the crash.",0,,tesla
9,I AM READY TO FIGHT FOR USA OUR PRESIDENT OUR COUNTRY AND I LOCK N LOAD AND I CAN AND WILL FIGHT FOR OUR COUNTRY TO THE DEATH,https://www.youtube.com/watch?v=XswZxrzyWI0&lc=Ugw6KI6v6NAGnEkURNh4AaABAg,2025-09-21T19:27:58Z,I AM READY TO FIGHT FOR USA OUR PRESIDENT OUR COUNTRY AND I LOCK N LOAD AND I CAN AND WILL FIGHT FOR OUR COUNTRY TO THE DEATH,0,,tesla
10,❤❤❤,https://www.youtube.com/watch?v=XswZxrzyWI0&lc=UgxEYK8u6UoU72OG-Lt4AaABAg,2025-09-21T14:36:39Z,❤❤❤,0,,tesla
11,God Bless &amp; Protect <br>Elon Musk!  A Beautiful &amp; Brilliant man. Truly a Treasure to mankind !!! 🙏,https://www.youtube.com/watch?v=XswZxrzyWI0&lc=UgzY6RxNyrZBg6vlKyp4AaABAg,2025-09-20T20:52:42Z,"God Bless & Protect 
Elon Musk!  A Beautiful & Brilliant man. Truly a Treasure to mankind !!! 🙏",0,,tesla
12,"I&#39;m a moderate and a white Republican killed that guy. It has nothing to do with Democrats. Lies, misinformation and hate speech led to that kid&#39;s death. Ridiculous talk like this coming from musk is what&#39;s causing all the issues in America and around the world. Maga is the problem.",https://www.youtube.com/watch?v=XswZxrzyWI0&lc=UgxhPZXeBQhS7zRKr7N4AaABAg,2025-09-20T14:34:55Z,"I'm a moderate and a white Republican killed that guy. It has nothing to do with Democrats. Lies, misinformation and hate speech led to that kid's death. Ridiculous talk like this coming from musk is what's causing all the issues in America and around the world. Maga is the problem.",1,,tesla
13,This Is absolutely amazing!! Absolute TRUTH!,https://www.youtube.com/watch?v=XswZxrzyWI0&lc=Ugx7oM6XsBPlmfZCI914AaABAg,2025-09-20T14:03:29Z,This Is absolutely amazing!! Absolute TRUTH!,6,,tesla
14,Do you support domestic terrorism?,https://www.youtube.com/watch?v=XswZxrzyWI0&lc=Ugx7oM6XsBPlmfZCI914AaABAg.ANIQ5CidxL_AN_0husRzBd,2025-09-27T10:08:02Z,Do you support domestic terrorism?,0,Ugx7oM6XsBPlmfZCI914AaABAg,tesla
15,TRUTH!!,https://www.youtube.com/watch?v=XswZxrzyWI0&lc=UgxLXkpCxvaaIaMS6_h4AaABAg,2025-09-20T13:54:37Z,TRUTH!!,0,,tesla
16,"Yes, Elon, left all in favor to swaying elections and taking away rights of the people",https://www.youtube.com/watch?v=XswZxrzyWI0&lc=UgwnISN3PeUAMJeAAMh4AaABAg,2025-09-20T03:28:34Z,"Yes, Elon, left all in favor to swaying elections and taking away rights of the people",2,,tesla
17,"But Felon Muskrat, you said Trump was on the list, hes on the right, Felon you need a joint",https://www.youtube.com/watch?v=XswZxrzyWI0&lc=Ugz1PhlIBZnHzQoXJM94AaABAg,2025-09-18T09:35:08Z,"But Felon Muskrat, you said Trump was on the list, hes on the right, Felon you need a joint",1,,tesla
18,"Elon helped show America how to unite as well.  Not just him, Charlie Kirk, Candace Owens, Tucker Carlson",https://www.youtube.com/watch?v=XswZxrzyWI0&lc=UgwwWjA1ELC-fU3RC7B4AaABAg,2025-09-18T04:51:54Z,"Elon helped show America how to unite as well.  Not just him, Charlie Kirk, Candace Owens, Tucker Carlson",1,,tesla
19,"Lord God, thank You for safety upon Tommy as well.",https://www.youtube.com/watch?v=XswZxrzyWI0&lc=UgyrQl8sGP6PAtTz4BB4AaABAg,2025-09-18T04:40:39Z,"Lord God, thank You for safety upon Tommy as well.",2,,tesla
20,You on the other serve the devil nd u think we dont know,https://www.youtube.com/watch?v=XswZxrzyWI0&lc=Ugyx3SabK58EhoNEPg54AaABAg,2025-09-17T14:08:25Z,You on the other serve the devil nd u think we dont know,1,,tesla
21,Britain should just join the united states now that our country is straitened out it’ll immediately resolve the governmenting body. Then I wouldn’t have to worry about updating my passport to visit and wouldn’t need to learn a new language. Oh and Ice will be there lol.,https://www.youtube.com/watch?v=XswZxrzyWI0&lc=UgxFELhqiruLcY4BUpR4AaABAg,2025-09-17T12:57:39Z,Britain should just join the united states now that our country is straitened out it’ll immediately resolve the governmenting body. Then I wouldn’t have to worry about updating my passport to visit and wouldn’t need to learn a new language. Oh and Ice will be there lol.,0,,tesla
22,"Piece of s….. t, a month ago you started a new party, you are sick!",https://www.youtube.com/watch?v=XswZxrzyWI0&lc=UgzVcTr5cHjJoVAAE7J4AaABAg,2025-09-17T03:18:51Z,"Piece of s….. t, a month ago you started a new party, you are sick!",0,,tesla
23,🇺🇸🇺🇸🇺🇸🇺🇸,https://www.youtube.com/watch?v=XswZxrzyWI0&lc=Ugz5JfdcsetF29b1koZ4AaABAg,2025-09-16T17:08:15Z,🇺🇸🇺🇸🇺🇸🇺🇸,1,,tesla
24,Excellent.,https://www.youtube.com/watch?v=XswZxrzyWI0&lc=Ugy5TD9mZZxx8X7N9xt4AaABAg,2025-09-16T13:08:36Z,Excellent.,1,,tesla
25,"The ongoing mass migration in Europe raises complex questions regarding political intent and long-term societal impact. Some observers argue that left-leaning political movements have actively supported policies that facilitate large-scale immigration—including cases of irregular entry. This support is often framed within humanitarian or anti-discrimination narratives.<br><br>At the same time, tensions may arise when the cultural or religious values of incoming populations differ significantly from those of progressive political actors. Critics particularly point out that certain liberal principles—such as gender equality, secular governance, or LGBTQ+ rights—may conflict with more conservative interpretations found within Muslim communities.<br><br>The metaphor of the “Trojan Horse” is occasionally invoked to express concerns about potential destabilization from within: the notion that a state may be more vulnerable to transformation or fragmentation internally than through external threats.",https://www.youtube.com/watch?v=XswZxrzyWI0&lc=UgyRsF0t8nq3MDAhN5d4AaABAg,2025-09-16T12:08:12Z,"The ongoing mass migration in Europe raises complex questions regarding political intent and long-term societal impact. Some observers argue that left-leaning political movements have actively supported policies that facilitate large-scale immigration—including cases of irregular entry. This support is often framed within humanitarian or anti-discrimination narratives.

At the same time, tensions may arise when the cultural or religious values of incoming populations differ significantly from those of progressive political actors. Critics particularly point out that certain liberal principles—such as gender equality, secular governance, or LGBTQ+ rights—may conflict with more conservative interpretations found within Muslim communities.

The metaphor of the “Trojan Horse” is occasionally invoked to express concerns about potential destabilization from within: the notion that a state may be more vulnerable to transformation or fragmentation internally than through external threats.",1,,tesla
26,Elon Musk seeks the Truths within all things...Fight Fight Fight  your very own governments within Europe England  Germany  France Canada Ireland etc or you all will no longer be a Nation and or People as the foreigners out number you and destroy not only your culture but you all as a Nation and or People from within your very own borders..Fight Fight Fight !,https://www.youtube.com/watch?v=XswZxrzyWI0&lc=UgwMT2aacUdkP9cs8p54AaABAg,2025-09-16T07:28:33Z,Elon Musk seeks the Truths within all things...Fight Fight Fight  your very own governments within Europe England  Germany  France Canada Ireland etc or you all will no longer be a Nation and or People as the foreigners out number you and destroy not only your culture but you all as a Nation and or People from within your very own borders..Fight Fight Fight !,0,,tesla
27,A HOUSE THAT IS DIVIDED CANNOT AND or will not stand as one nor can a Nation that no longer honors the Constitution and or the rule of law as well as God himself or even life itself..For goodness and or evilness was never ever was  meant to be as one nor can it ever be with Europe England Canada or even within the Not So United States of America whare they continue to celebrate the murdering of the complete innocence of humanity and or  Charlie..Cultures and or Nation&#39;s were never ever meant to be as one nor can they ever be for Christianity seeks peace where the radical Dogma Agenda Muslims that infiltrated all nations seek death and destruction within one and all borders.,https://www.youtube.com/watch?v=XswZxrzyWI0&lc=Ugx2-SP6HuFJbWhadId4AaABAg,2025-09-16T07:22:11Z,A HOUSE THAT IS DIVIDED CANNOT AND or will not stand as one nor can a Nation that no longer honors the Constitution and or the rule of law as well as God himself or even life itself..For goodness and or evilness was never ever was  meant to be as one nor can it ever be with Europe England Canada or even within the Not So United States of America whare they continue to celebrate the murdering of the complete innocence of humanity and or  Charlie..Cultures and or Nation's were never ever meant to be as one nor can they ever be for Christianity seeks peace where the radical Dogma Agenda Muslims that infiltrated all nations seek death and destruction within one and all borders.,2,,tesla
28,"Already invested $10,000 in Kardvin if this goes the same way as the memecoin then I am a millionaire",https://www.youtube.com/watch?v=XswZxrzyWI0&lc=Ugwx66-3IZN6EWqWnOR4AaABAg,2025-09-16T03:49:29Z,"Already invested $10,000 in Kardvin if this goes the same way as the memecoin then I am a millionaire",0,,tesla
29,Good luck everyone that holds Kardvin probably a guaranteed profit at launch,https://www.youtube.com/watch?v=XswZxrzyWI0&lc=UgwDcIqLRNFzMttAe-54AaABAg,2025-09-16T03:49:29Z,Good luck everyone that holds Kardvin probably a guaranteed profit at launch,0,,tesla
30,The new official partnership between Kardvin and Google will make it a household name.,https://www.youtube.com/watch?v=XswZxrzyWI0&lc=Ugy2T43_V2TND6pUwrl4AaABAg,2025-09-16T03:46:29Z,The new official partnership between Kardvin and Google will make it a household name.,0,,tesla
31,Crazy all these opportunities coming out lately.. me and my friends are all in on Kardvin now,https://www.youtube.com/watch?v=XswZxrzyWI0&lc=UgyS9AY0OPKaGjv3EUh4AaABAg,2025-09-16T03:46:29Z,Crazy all these opportunities coming out lately.. me and my friends are all in on Kardvin now,0,,tesla
32,I&#39;ve never been more confident in an investment. Kardvin is a no-brainer,https://www.youtube.com/watch?v=XswZxrzyWI0&lc=UgzU-H_rx1QD1AYAgWF4AaABAg,2025-09-16T03:43:27Z,I've never been more confident in an investment. Kardvin is a no-brainer,0,,tesla
33,Kardvin yet has to really hit mainstream media guys,https://www.youtube.com/watch?v=XswZxrzyWI0&lc=Ugx7q3DDZ0aKOGLNwmR4AaABAg,2025-09-16T03:43:27Z,Kardvin yet has to really hit mainstream media guys,2,,tesla
34,Kardvin put in everything and sell after launch,https://www.youtube.com/watch?v=XswZxrzyWI0&lc=UgwHnw8zjyl_hV76AxJ4AaABAg,2025-09-16T03:43:27Z,Kardvin put in everything and sell after launch,0,,tesla
35,"The whales are accumulating Kardvin. They know something we don&#39;t, and we&#39;re about to find out.",https://www.youtube.com/watch?v=XswZxrzyWI0&lc=UgyYEi3GrTKZCVSBPFl4AaABAg,2025-09-16T03:37:35Z,"The whales are accumulating Kardvin. They know something we don't, and we're about to find out.",0,,tesla
36,The FOMO on Kardvin is insane! The next leg up is going to be massive.,https://www.youtube.com/watch?v=XswZxrzyWI0&lc=UgwmJ3gPIG35coUicxh4AaABAg,2025-09-16T03:37:35Z,The FOMO on Kardvin is insane! The next leg up is going to be massive.,0,,tesla
37,The Kardvin contract is audited and flawless. This is a safe and secure investment.,https://www.youtube.com/watch?v=XswZxrzyWI0&lc=UgxKsUZyF3zCCUtLkXB4AaABAg,2025-09-16T03:37:35Z,The Kardvin contract is audited and flawless. This is a safe and secure investment.,0,,tesla
38,Kardvin and amazon signed a partnership. It will blow up once it hits mainstream.,https://www.youtube.com/watch?v=XswZxrzyWI0&lc=UgzqKIOaASvEJbPQ91J4AaABAg,2025-09-16T03:34:14Z,Kardvin and amazon signed a partnership. It will blow up once it hits mainstream.,0,,tesla
39,Good luck everyone that holds Kardvin probably a guaranteed profit at launch,https://www.youtube.com/watch?v=XswZxrzyWI0&lc=UgzAFQYMTOrAlzeXSdF4AaABAg,2025-09-16T03:34:13Z,Good luck everyone that holds Kardvin probably a guaranteed profit at launch,0,,tesla
40,Coinbase bought another 20 million Kardvins,https://www.youtube.com/watch?v=XswZxrzyWI0&lc=UgzxuqeHz6Oja2j4C1R4AaABAg,2025-09-16T03:34:13Z,Coinbase bought another 20 million Kardvins,0,,tesla
41,"Walmart&#39;s e-commerce is about to get a major upgrade with Kardvin, making it faster and cheaper.",https://www.youtube.com/watch?v=XswZxrzyWI0&lc=UgzRwX11zLCZci1T5cV4AaABAg,2025-09-16T03:33:30Z,"Walmart's e-commerce is about to get a major upgrade with Kardvin, making it faster and cheaper.",0,,tesla
42,Some majour FOMO around this new Kardvin going on right now,https://www.youtube.com/watch?v=XswZxrzyWI0&lc=UgzHAabXBz3a8bIsuG54AaABAg,2025-09-16T03:33:29Z,Some majour FOMO around this new Kardvin going on right now,0,,tesla
43,Kardvin is awaiting major exchange listings. It&#39;s possible to hit 100x this year.,https://www.youtube.com/watch?v=XswZxrzyWI0&lc=UgxeHQDHxgYkyseltad4AaABAg,2025-09-16T03:33:29Z,Kardvin is awaiting major exchange listings. It's possible to hit 100x this year.,71,,tesla
44,Kardvin yet has to really hit mainstream media guys,https://www.youtube.com/watch?v=XswZxrzyWI0&lc=UgxyevtXuD9evX50yvp4AaABAg,2025-09-16T03:33:29Z,Kardvin yet has to really hit mainstream media guys,62,,tesla
45,I believe Kardvin will go 100x after launch on Binance,https://www.youtube.com/watch?v=XswZxrzyWI0&lc=UgwfulRqB3kyXEGzj-J4AaABAg,2025-09-16T03:32:39Z,I believe Kardvin will go 100x after launch on Binance,84,,tesla
46,"Kardvin will make millionaires, after Binance listing it will blow up.",https://www.youtube.com/watch?v=XswZxrzyWI0&lc=UgzbCRGkxbnW7ZH2B614AaABAg,2025-09-16T03:32:39Z,"Kardvin will make millionaires, after Binance listing it will blow up.",76,,tesla
47,Trump is expected to mention Kardvin this week and the ICO is already almost sold out,https://www.youtube.com/watch?v=XswZxrzyWI0&lc=UgyIyHanR7Y_fxUUkjZ4AaABAg,2025-09-16T03:23:29Z,Trump is expected to mention Kardvin this week and the ICO is already almost sold out,58,,tesla
48,Leaks coming out about Trump working together with shareholders involved with Kardvin,https://www.youtube.com/watch?v=XswZxrzyWI0&lc=UgzAThfbMoIkcZwnR0l4AaABAg,2025-09-16T03:23:29Z,Leaks coming out about Trump working together with shareholders involved with Kardvin,44,,tesla
49,Trump and Kardvin partnership confirmed on twitter!! ICO almost sold out at $54m,https://www.youtube.com/watch?v=XswZxrzyWI0&lc=UgzUKKCXOM6o77sFIH94AaABAg,2025-09-16T03:23:29Z,Trump and Kardvin partnership confirmed on twitter!! ICO almost sold out at $54m,83,,tesla